"sale_id","sale_date","reference_no","customer_id","customer_name","warehouse_id","warehouse_name","product_id","product_code","product_name","quantity","unit_price","net_unit_price","sale_amount","sale_status","payment_status","grand_total"
"91","2026-08-28 22:46:00","SALE/POS/2026/08/0071","1","Walk-in Customer","1","Warehouse 1","553","PA-0056","Maria B Luxury Embroidered Lawn 3Pc Unstitched Suit MPT - 3010 - B PA-0056","-1.0000","5350.0000","5350.0000","-5350.00000000","returned","paid","-5350.0000"
"94","2026-08-28 23:49:58","SALE/POS/2026/08/0074","1","Walk-in Customer","1","Warehouse 1","23575","IZK-UE-620-U","Iznik Luxury Embroidered Silk 3Pc Unstitched Suit UE - 620","1.0000","5800.0000","5800.0000","5800.00000000","completed","paid","5800.0000"
"96","2026-08-29 00:00:00","SALE/POS/2026/08/0075","1","Walk-in Customer","1","Warehouse 1","771","PA-0073-U","Saad Bin Shahzad Luxury Net Embroidered 3Pc Unstitched Suit Rina","-1.0000","26000.0000","26000.0000","-26000.00000000","returned","paid","-26000.0000"
"97","2026-08-29 00:05:23","SALE/POS/2026/08/0076","1","Walk-in Customer","1","Warehouse 1","771","PA-0073-U","Saad Bin Shahzad Luxury Net Embroidered 3Pc Unstitched Suit Rina","1.0000","26000.0000","26000.0000","26000.00000000","completed","paid","37900.0000"
"97","2026-08-29 00:05:23","SALE/POS/2026/08/0076","1","Walk-in Customer","1","Warehouse 1","500","PA-0009-L","Pehnawa Luxury Lawn Embroidered Stitched 3PC Suit - PA 0009-L","1.0000","5900.0000","5900.0000","5900.00000000","completed","paid","37900.0000"
"97","2026-08-29 00:05:23","SALE/POS/2026/08/0076","1","Walk-in Customer","1","Warehouse 1","23727","PTA-0019-L","Pehnawa Luxury Lawn PTA-0019-L","1.0000","6000.0000","6000.0000","6000.00000000","completed","paid","37900.0000"
"98","2026-08-29 00:11:52","SALE/POS/2026/08/0077","1","Walk-in Customer","1","Warehouse 1","23414","WL-1306-U","Maria.B Winter Luxe Embroidered Velvet Unstitched 3Pc Suit D-06 With Palaichi Shawl","1.0000","11840.0000","11840.0000","11840.00000000","completed","paid","35750.0000"
"98","2026-08-29 00:11:52","SALE/POS/2026/08/0077","1","Walk-in Customer","1","Warehouse 1","23542","BI-D-607-U","Bin Ilyas Wedding Festive Luxury Raw Silk Collection D-607","1.0000","9560.0000","9560.0000","9560.00000000","completed","paid","35750.0000"
"98","2026-08-29 00:11:52","SALE/POS/2026/08/0077","1","Walk-in Customer","1","Warehouse 1","23563","CHRZMA-DJ5-08-U","Charizma - Dastan-E-Jashan - Embroidered Chiffon Unstitched 3 Piece DJ5-08","1.0000","6500.0000","6500.0000","6500.00000000","completed","paid","35750.0000"
"98","2026-08-29 00:11:52","SALE/POS/2026/08/0077","1","Walk-in Customer","1","Warehouse 1","23556","FS-PA0099-U","Pehnawa Luxury Embroidered Chiffon UnStitched / Stitched 3PC Collection Cassia PA 0099","1.0000","7850.0000","7850.0000","7850.00000000","completed","paid","35750.0000"
"99","2026-08-29 00:28:40","SALE/POS/2026/08/0078","1","Walk-in Customer","1","Warehouse 1","23454","BD-3006-U","Maria.B Luxury Pure Chiffon Embroidered Unstitched 3 Piece - BD-3005 Baby Pink","1.0000","14010.0000","14010.0000","14010.00000000","completed","paid","26250.0000"
"99","2026-08-29 00:28:40","SALE/POS/2026/08/0078","1","Walk-in Customer","1","Warehouse 1","23563","CHRZMA-DJ5-08-U","Charizma - Dastan-E-Jashan - Embroidered Chiffon Unstitched 3 Piece DJ5-08","1.0000","6500.0000","6500.0000","6500.00000000","completed","paid","26250.0000"
"99","2026-08-29 00:28:40","SALE/POS/2026/08/0078","1","Walk-in Customer","1","Warehouse 1","23571","CHRZMA-DJW5-10-U","Charizma Dastan-e-Jashan Luxury Chiffon Unstitched 3Pc Suit DJW5-10","1.0000","5740.0000","5740.0000","5740.00000000","completed","paid","26250.0000"
"100","2026-08-29 00:41:00","SALE/POS/2026/08/0072","1","Walk-in Customer","1","Warehouse 1","18112","SQ-02-L","Parishay - SQ-02 - Luxury Lawn Embroidered 3 Piece Unstitched","-1.0000","7523.0000","7523.0000","-7523.00000000","returned","paid","-13430.5000"
"100","2026-08-29 00:41:00","SALE/POS/2026/08/0072","1","Walk-in Customer","1","Warehouse 1","23634","QLMKR-KL-15-IRIS-U","Qalamkar - KL-15 IRIS | Lawn Embroidered 3 Piece Unstitched","-1.0000","5907.5000","5907.5000","-5907.50000000","returned","paid","-13430.5000"
"101","2026-08-29 00:41:00","SALE/POS/2026/08/0073","1","Walk-in Customer","1","Warehouse 1","18084","D-2605-A-L","Maria.B Luxury Embroidered Jacquard Lawn Unstitched 3Pc Suit D-2605-A","-1.0000","8550.0000","8550.0000","-8550.00000000","returned","paid","-8550.0000"
"102","2026-08-29 00:45:12","SALE/POS/2026/08/0079","1","Walk-in Customer","1","Warehouse 1","18084","D-2605-A-L","Maria.B Luxury Embroidered Jacquard Lawn Unstitched 3Pc Suit D-2605-A","1.0000","8550.0000","8550.0000","8550.00000000","completed","paid","16070.0000"
"102","2026-08-29 00:45:12","SALE/POS/2026/08/0079","1","Walk-in Customer","1","Warehouse 1","18112","SQ-02-L","Parishay - SQ-02 - Luxury Lawn Embroidered 3 Piece Unstitched","1.0000","7520.0000","7520.0000","7520.00000000","completed","paid","16070.0000"
"104","2026-08-29 01:31:06","SALE/POS/2026/08/0081","1","Walk-in Customer","1","Warehouse 1","18070","D-13-M","Rang Rasiya Premium Embroidered Lawn Unstitched 3Pc Suit D-13 ALAYA","1.0000","7600.0000","7600.0000","7600.00000000","completed","paid","7600.0000"
"105","2026-08-29 01:42:49","SALE/POS/2026/08/0082","1","Walk-in Customer","1","Warehouse 1","1117","PA-0008-U","Ethnc Luxury Raw Silk Embroidered Unstitched 3PC Suit-Kaftan PA 0008","1.0000","6750.0000","6750.0000","6750.00000000","completed","paid","6750.0000"
"106","2026-08-29 02:37:01","SALE/POS/2026/08/0083","1","Walk-in Customer","1","Warehouse 1","23555","D-07-CC-65","Iznik Meraki Luxury Embroidered Dark Green Luxury Unstitched Net Maxi D-07","1.0000","6750.0000","6750.0000","6750.00000000","completed","paid","34750.0000"
"106","2026-08-29 02:37:01","SALE/POS/2026/08/0083","1","Walk-in Customer","1","Warehouse 1","23539","FARIDAHASSAN-PT-U","Farida Hassan - Plum Tribal - Luxury Velvet Embroidered 3 Piece Unstitched","1.0000","10050.0000","10050.0000","10050.00000000","completed","paid","34750.0000"
"106","2026-08-29 02:37:01","SALE/POS/2026/08/0083","1","Walk-in Customer","1","Warehouse 1","23542","BI-D-607-U","Bin Ilyas Wedding Festive Luxury Raw Silk Collection D-607","1.0000","9550.0000","9550.0000","9550.00000000","completed","paid","34750.0000"
"106","2026-08-29 02:37:01","SALE/POS/2026/08/0083","1","Walk-in Customer","1","Warehouse 1","23631","Mahi","Maha Wajahat Net Embroidered Luxury Wedding Festive Unstitched Collection Mahi","1.0000","8400.0000","8400.0000","8400.00000000","completed","paid","34750.0000"
"107","2026-08-29 03:15:46","SALE/POS/2026/08/0084","1","Walk-in Customer","1","Warehouse 1","490","PA-0003-S","Pehnawa Luxury Lawn Embroidered 3 Pc Stitched Suit PA 0003-S","1.0000","7350.0000","7350.0000","7350.00000000","completed","paid","7350.0000"
"109","2026-08-29 17:46:00","SALE/POS/2026/08/0085","1","Walk-in Customer","1","Warehouse 1","486","PA-0001","Haris Shakeel Luxury Raw Silk Embroidered 3Pc Unstitched PA-0001","-1.0000","20825.0000","20825.0000","-20825.00000000","returned","paid","-20825.0000"
"110","2026-08-29 17:58:14","SALE/POS/2026/08/0086","20","Nameera","1","Warehouse 1","23618","Nureh-Jugni-U","Nureh Luxury Lawn Embroidered 3 Pc Unstitched Collection JUGNI","1.0000","3999.2000","3999.2000","3999.20000000","completed","paid","3999.2000"
"115","2026-08-29 18:10:00","SALE/POS/2026/08/0087","1","Walk-in Customer","1","Warehouse 1","23462","HS-AROHA-U","Haris Shakeel Luxury Formals Hand Embellished Addawork Wedding Collection-Tobbaco & Purple","-1.0000","14680.0000","14680.0000","-14680.00000000","returned","paid","-14680.0000"
"116","2026-08-29 18:11:00","SALE/POS/2026/08/0088","1","Walk-in Customer","1","Warehouse 1","486","PA-0001","Haris Shakeel Luxury Raw Silk Embroidered 3Pc Unstitched PA-0001","-1.0000","20825.0000","20825.0000","-20825.00000000","returned","paid","-20825.0000"
"117","2026-08-29 18:11:00","SALE/POS/2026/08/0089","1","Walk-in Customer","1","Warehouse 1","486","PA-0001","Haris Shakeel Luxury Raw Silk Embroidered 3Pc Unstitched PA-0001","-1.0000","20825.0000","20825.0000","-20825.00000000","returned","paid","-20825.0000"
"118","2026-08-29 18:44:37","SALE/POS/2026/08/0091","21","Muhammad Taha","1","Warehouse 1","18116","ELM-11-L","Elaf Embroidered Lawn Suit Unstitched 3 Pc ELM-11 Kohinoor","1.0000","8450.7000","8450.7000","8450.70000000","completed","paid","8450.7000"
"120","2026-08-29 19:25:00","SALE/POS/2026/08/0092","1","Walk-in Customer","1","Warehouse 1","23561","MB-D-2605-A-U","Maria.B Luxury Embroidered Jacquard Lawn Unstitched 3Pc Suit D-2605-A","-1.0000","8327.0000","8327.0000","-8327.00000000","returned","paid","-22795.0000"
"120","2026-08-29 19:25:00","SALE/POS/2026/08/0092","1","Walk-in Customer","1","Warehouse 1","23563","CHRZMA-DJ5-08-U","Charizma - Dastan-E-Jashan - Embroidered Chiffon Unstitched 3 Piece DJ5-08","-1.0000","7633.0000","7633.0000","-7633.00000000","returned","paid","-22795.0000"
"120","2026-08-29 19:25:00","SALE/POS/2026/08/0092","1","Walk-in Customer","1","Warehouse 1","23575","IZK-UE-620-U","Iznik Luxury Embroidered Silk 3Pc Unstitched Suit UE - 620","-1.0000","6835.0000","6835.0000","-6835.00000000","returned","paid","-22795.0000"
"121","2026-08-29 19:30:49","SALE/POS/2026/08/0093","1","Walk-in Customer","1","Warehouse 1","23521","MB-SF-PF25-06-U","Maria.B Luxury Bamber Raw Silk 3 Pc Unstitched Collection SF-PF25-06","1.0000","15840.0000","15840.0000","15840.00000000","completed","paid","25400.0000"
"121","2026-08-29 19:30:49","SALE/POS/2026/08/0093","1","Walk-in Customer","1","Warehouse 1","23542","BI-D-607-U","Bin Ilyas Wedding Festive Luxury Raw Silk Collection D-607","1.0000","9560.0000","9560.0000","9560.00000000","completed","paid","25400.0000"
"122","2026-08-29 19:41:48","SALE/POS/2026/08/0094","1","Walk-in Customer","1","Warehouse 1","23748","PTA-0029-M","Pehnawa Luxury Lawn PTA-0029-M","1.0000","7780.0500","7780.0500","7780.05000000","completed","paid","20980.0500"
"122","2026-08-29 19:41:48","SALE/POS/2026/08/0094","1","Walk-in Customer","1","Warehouse 1","23791","PTA-0050-M","PEHNAWA LUXURY LAWN PTA-0050-M","1.0000","13200.0000","13200.0000","13200.00000000","completed","paid","20980.0500"
"123","2026-08-29 20:25:00","SALE/POS/2026/08/0095","1","Walk-in Customer","1","Warehouse 1","23507","PHNWA-MAHRA-U","Pehnawa Luxury Net Embroidered 3Pc Unstitched Suit - Mahra","1.0000","23584.0000","23584.0000","23584.00000000","completed","paid","23564.0000"
"124","2026-08-29 20:26:00","SALE/POS/2026/08/0096","1","Walk-in Customer","1","Warehouse 1","18093","3B-U","Sobia Nazir - 3B - Luxury Lawn Embroidered 3 Piece Unstitched","1.0000","6975.0000","6975.0000","6975.00000000","completed","paid","16200.0000"
"124","2026-08-29 20:26:00","SALE/POS/2026/08/0096","1","Walk-in Customer","1","Warehouse 1","23410","MPC-26-107-U","Maria.B Embroidered Luxury Chiffon 3Pc Suit MPC-26-107","1.0000","9225.0000","9225.0000","9225.00000000","completed","paid","16200.0000"
"125","2026-08-29 20:54:22","SALE/POS/2026/08/0097","1","Walk-in Customer","1","Warehouse 1","18083","D-2605-A-M","Maria.B Luxury Embroidered Jacquard Lawn Unstitched 3Pc Suit D-2605-A","1.0000","8542.5000","8542.5000","8542.50000000","completed","paid","19072.5000"
"125","2026-08-29 20:54:22","SALE/POS/2026/08/0097","1","Walk-in Customer","1","Warehouse 1","23827","4036","4036 Baroque Lehenga","1.0000","10530.0000","10530.0000","10530.00000000","completed","paid","19072.5000"
"127","2026-08-29 21:13:29","SALE/POS/2026/08/0099","1","Walk-in Customer","1","Warehouse 1","23827","4036","4036 Baroque Lehenga","1.0000","9360.0000","9360.0000","9360.00000000","completed","paid","9360.0000"
"128","2026-08-29 21:36:58","SALE/POS/2026/08/0100","1","Walk-in Customer","1","Warehouse 1","23709","PTA-0014-M","Pehnawa Luxury Lawn PTA-0014-M","1.0000","5900.7000","5900.7000","5900.70000000","completed","paid","14801.0500"
"128","2026-08-29 21:36:58","SALE/POS/2026/08/0100","1","Walk-in Customer","1","Warehouse 1","23832","Pinar-U","Maria.B Pinar","1.0000","8900.3500","8900.3500","8900.35000000","completed","paid","14801.0500"
"129","2026-08-29 21:46:43","SALE/POS/2026/08/0101","24","Rehana Waqar","1","Warehouse 1","23803","PTA-0054-M","Pehnawa Luxury Chiffon PTA-0054-M","1.0000","18300.5000","18300.5000","18300.50000000","completed","paid","18300.5000"
"130","2026-08-29 22:07:30","SALE/POS/2026/08/0102","25","Muskan","1","Warehouse 1","23836","MK-ZN-U","Zahe Naseeb - Mina Kashif","2.0000","9300.7000","9300.7000","18601.40000000","completed","paid","18601.4000"
"131","2026-08-29 22:56:26","SALE/POS/2026/08/0103","26","SAIDA REHMAN","1","Warehouse 1","23542","BI-D-607-U","Bin Ilyas Wedding Festive Luxury Raw Silk Collection D-607","1.0000","10157.5000","10157.5000","10157.50000000","completed","paid","10157.5000"
"132","2026-08-29 23:09:56","SALE/POS/2026/08/0104","1","Walk-in Customer","1","Warehouse 1","23575","UE-620-U","Iznik Luxury Embroidered Silk 3Pc Unstitched Suit UE - 620","1.0000","5822.5000","5822.5000","5822.50000000","completed","partial","14022.5000"
"132","2026-08-29 23:09:56","SALE/POS/2026/08/0104","1","Walk-in Customer","1","Warehouse 1","23838","Denisa-U","Faiza Saqlain Denisa","1.0000","8200.0000","8200.0000","8200.00000000","completed","partial","14022.5000"
"133","2026-08-29 23:16:13","SALE/POS/2026/08/0105","1","Walk-in Customer","1","Warehouse 1","23792","PTA-0050-L","PEHNAWA LUXURY LAWN PTA-0050-L","1.0000","13200.0000","13200.0000","13200.00000000","completed","paid","13200.0000"
"135","2026-08-30 00:25:41","SALE/POS/2026/08/0107","1","Walk-in Customer","1","Warehouse 1","23726","PTA-0019-M","Pehnawa Luxury Lawn PTA-0019-M","1.0000","4934.2500","4934.2500","4934.25000000","completed","paid","4934.2500"
"136","2026-08-30 00:58:13","SALE/POS/2026/08/0108","1","Walk-in Customer","1","Warehouse 1","23609","Lavish-BlushPetal-U","Lavish Premium - Luxury Chiffon Embroidered 3 Piece Unstitched - Blush Petal","1.0000","7785.0000","7785.0000","7785.00000000","completed","paid","16582.5000"
"136","2026-08-30 00:58:13","SALE/POS/2026/08/0108","1","Walk-in Customer","1","Warehouse 1","23424","FP-16-L","Qalamkar Luxury Lawn Embroidered Unstitched 3 Piece Sahil Kinare -FP-16-Kira new","1.0000","8797.5000","8797.5000","8797.50000000","completed","paid","16582.5000"
"137","2026-08-30 01:24:48","SALE/POS/2026/08/0109","1","Walk-in Customer","1","Warehouse 1","20395"," Avisa-Emerald ","Farha Talib Aziz Wedding Festive Raw Silk Hand Embroidered Collection Unstitched  Avisa Emerald Kurta","1.0000","17440.0000","17440.0000","17440.00000000","completed","paid","17440.0000"
"138","2026-08-30 01:53:55","SALE/POS/2026/08/0110","1","Walk-in Customer","1","Warehouse 1","23652","PA-0065-M","Cross Stitch Luxury Embroidered Lawn Stitched 3Pc Suit AMBER MIST - PA-0065-M","1.0000","8550.0000","8550.0000","8550.00000000","completed","partial","27891.0000"
"138","2026-08-30 01:53:55","SALE/POS/2026/08/0110","1","Walk-in Customer","1","Warehouse 1","23677","PTA-0006-M","Pehnawa Luxury Lawn Maxi PTA-0006-M","1.0000","8550.0000","8550.0000","8550.00000000","completed","partial","27891.0000"
"138","2026-08-30 01:53:55","SALE/POS/2026/08/0110","1","Walk-in Customer","1","Warehouse 1","23669","PTA-0004-M","Pehnawa Luxury Lawn PTA-0004-M","1.0000","10791.0000","10791.0000","10791.00000000","completed","partial","27891.0000"
"139","2026-08-30 02:23:15","SALE/POS/2026/08/0111","27","Mohammad Jawaid","1","Warehouse 1","23844","siyah-u","siyah blac saree","1.0000","7190.0000","7190.0000","7190.00000000","completed","partial","29159.0000"
"139","2026-08-30 02:23:15","SALE/POS/2026/08/0111","27","Mohammad Jawaid","1","Warehouse 1","23554","MB-MPC-26-105","Maria B Luxury Embroidered Chiffon 3Pc Unstitched Suit MPC-26-105-Pistachio Green","1.0000","6111.5000","6111.5000","6111.50000000","completed","partial","29159.0000"
"139","2026-08-30 02:23:15","SALE/POS/2026/08/0111","27","Mohammad Jawaid","1","Warehouse 1","23511","AZE-DYNASTY-U","Pehnawa Luxury Raw Silk Embroidered 3Pc Unstitched Suit Azure Dynasty","1.0000","10800.0000","10800.0000","10800.00000000","completed","partial","29159.0000"
"139","2026-08-30 02:23:15","SALE/POS/2026/08/0111","27","Mohammad Jawaid","1","Warehouse 1","23628","Rose-Noir","Azure Wedding Festive Luxury Chiffon Embroidered Collection Rose Noir","1.0000","5057.5000","5057.5000","5057.50000000","completed","partial","29159.0000"
"141","2026-08-30 03:09:00","SALE/POS/2026/08/0090","1","Walk-in Customer","1","Warehouse 1","23462","HS-AROHA-U","Haris Shakeel Luxury Formals Hand Embellished Addawork Wedding Collection-Tobbaco & Purple","-1.0000","14700.0000","14700.0000","-14700.00000000","returned","paid","-14700.0000"
"142","2026-08-30 03:24:00","SALE/POS/2026/08/0113","1","Walk-in Customer","1","Warehouse 1","23563","CHRZMA-DJ5-08-U","Charizma - Dastan-E-Jashan - Embroidered Chiffon Unstitched 3 Piece DJ5-08","1.0000","8761.0000","8761.0000","8761.00000000","completed","partial","26572.0000"
"142","2026-08-30 03:24:00","SALE/POS/2026/08/0113","1","Walk-in Customer","1","Warehouse 1","23575","UE-620-U","Iznik Luxury Embroidered Silk 3Pc Unstitched Suit UE - 620","1.0000","8335.0000","8335.0000","8335.00000000","completed","partial","26572.0000"
"142","2026-08-30 03:24:00","SALE/POS/2026/08/0113","1","Walk-in Customer","1","Warehouse 1","18081","D-2605-A-U","Maria.B Luxury Embroidered Jacquard Lawn Unstitched 3Pc Suit D-2605-A","1.0000","9476.0000","9476.0000","9476.00000000","completed","partial","26572.0000"
"143","2026-08-30 03:54:00","SALE/POS/2026/08/0080","1","Walk-in Customer","1","Warehouse 1","18097","NEL-26602-U","Zaib - Luxury Lawn Embroidered 3 Piece Unstitched - NEL-26602","0.0000","5100.0000","5100.0000","0.00000000","returned","paid","-5500.0000"
"143","2026-08-30 03:54:00","SALE/POS/2026/08/0080","1","Walk-in Customer","1","Warehouse 1","23466","AS-IF-U","Alizay Saad Luxury Raw Silk Embroidered 3 Piece Unstitched - Ivories Festive","-1.0000","5500.0000","5500.0000","-5500.00000000","returned","paid","-5500.0000"
"143","2026-08-30 03:54:00","SALE/POS/2026/08/0080","1","Walk-in Customer","1","Warehouse 1","23630","HR-BLOOM-U","Hussain Rehar Luxury Lawn Embroidered Unstitched Suit BLOOM","0.0000","6850.0000","6850.0000","0.00000000","returned","paid","-5500.0000"
"145","2026-08-30 19:00:00","SALE/POS/2026/08/0114","1","Walk-in Customer","1","Warehouse 1","753","PA-0076","Ethnc Luxury Silk Embroidered 3Pc Unstitched Suit PA 0076","-1.0000","8397.0000","8397.0000","-8397.00000000","returned","paid","-8397.0000"
"146","2026-08-30 20:37:11","SALE/POS/2026/08/0115","1","Walk-in Customer","1","Warehouse 1","23534","CVF-D-02-U","Jazmin Luxury Velvet Embroidered Unstitched 3 Piece - CVF D-02","1.0000","6587.5000","6587.5000","6587.50000000","completed","paid","15640.0000"
"146","2026-08-30 20:37:11","SALE/POS/2026/08/0115","1","Walk-in Customer","1","Warehouse 1","23818","MB-D-2409-A-S","Maria.B Luxury Lawn Embroidered 3 Piece Unstitched D-2409-A","1.0000","9052.5000","9052.5000","9052.50000000","completed","paid","15640.0000"
"147","2026-08-30 20:48:36","SALE/POS/2026/08/0116","1","Walk-in Customer","1","Warehouse 1","23567","Kaida-Amani-U","Kaida Tie N Die Luxury Silk Embroidered 3Pc Unstitched Suit Amani","1.0000","5057.5000","5057.5000","5057.50000000","completed","paid","5057.5000"
"148","2026-08-30 20:57:33","SALE/POS/2026/08/0117","1","Walk-in Customer","1","Warehouse 1","23848","ZARIF-U","Zarif Grace - Luxury Net Embroidered 3 Piece Unstitched","1.0000","6255.0000","6255.0000","6255.00000000","completed","paid","6255.0000"
"149","2026-08-30 21:09:03","SALE/POS/2026/08/0118","1","Walk-in Customer","1","Warehouse 1","20096","Hyacinth-02","Akbar Aslam Luxury Net Embroidered Hand Work Collection Hyacinth","1.0000","23680.0000","23680.0000","23680.00000000","completed","paid","23680.0000"
"150","2026-08-30 21:33:00","SALE/POS/2026/08/0106","1","Walk-in Customer","1","Warehouse 1","23587","Pakeeza-Dark-Blue","Pakeeza Dark Blue Luxury Embroidered Lawn 3Pc Unstitched Suit","-1.0000","5675.0000","5675.0000","-5675.00000000","returned","paid","-5675.0000"
"151","2026-08-30 21:46:08","SALE/POS/2026/08/0119","1","Walk-in Customer","1","Warehouse 1","511","PA-0018","Zaib Luxury Raw Silk Embroidered 3 Pc Unstitched Suit NPA3 - 25436-PA-0018","1.0000","5567.5000","5567.5000","5567.50000000","completed","paid","10123.5000"
"151","2026-08-30 21:46:08","SALE/POS/2026/08/0119","1","Walk-in Customer","1","Warehouse 1","23587","Pakeeza-Dark-Blue","Pakeeza Dark Blue Luxury Embroidered Lawn 3Pc Unstitched Suit","1.0000","4556.0000","4556.0000","4556.00000000","completed","paid","10123.5000"
"152","2026-08-30 21:54:06","SALE/POS/2026/08/0120","1","Walk-in Customer","1","Warehouse 1","19069","ANS-MSTRD-L","Aneelas - Luxury Lawn Embroidered 3 Piece Unstitched - Mustard","1.0000","7862.5000","7862.5000","7862.50000000","completed","paid","7862.5000"
"153","2026-08-30 21:55:59","SALE/POS/2026/08/0121","1","Walk-in Customer","1","Warehouse 1","23501","BD-2704-U","Maria.B - Luxury Pure Chiffon Embroidered 3 Piece Unstitched - Cobalt Blue BD-2704","1.0000","18320.0000","18320.0000","18320.00000000","completed","paid","27680.0000"
"153","2026-08-30 21:55:59","SALE/POS/2026/08/0121","1","Walk-in Customer","1","Warehouse 1","23827","4036","4036 Baroque Lehenga","1.0000","9360.0000","9360.0000","9360.00000000","completed","paid","27680.0000"
"154","2026-08-30 22:22:03","SALE/POS/2026/08/0122","1","Walk-in Customer","1","Warehouse 1","23555","D-07-CC-65","Iznik Meraki Luxury Embroidered Dark Green Luxury Unstitched Net Maxi D-07","1.0000","6757.5000","6757.5000","6757.50000000","completed","paid","13770.0000"
"154","2026-08-30 22:22:03","SALE/POS/2026/08/0122","1","Walk-in Customer","1","Warehouse 1","23859","Ans-Zinc","Aneelas Zinc Velvet","1.0000","7012.5000","7012.5000","7012.50000000","completed","paid","13770.0000"
"155","2026-08-30 22:24:48","SALE/POS/2026/08/0123","1","Walk-in Customer","1","Warehouse 1","19068","ANS-MSTRD-M","Aneelas - Luxury Lawn Embroidered 3 Piece Unstitched - Mustard","1.0000","7862.5000","7862.5000","7862.50000000","completed","paid","7862.5000"
"156","2026-08-30 22:42:43","SALE/POS/2026/08/0124","1","Walk-in Customer","1","Warehouse 1","18107","D-2605-B-M","Maria.B Luxury Embroidered Jacquard Lawn Unstitched 3Pc Suit D-2605-B","1.0000","8542.5000","8542.5000","8542.50000000","completed","paid","8542.5000"
"157","2026-08-30 22:49:59","SALE/POS/2026/08/0125","1","Walk-in Customer","1","Warehouse 1","18108","D-2605-B-L","Maria.B Luxury Embroidered Jacquard Lawn Unstitched 3Pc Suit D-2605-B","1.0000","8542.5000","8542.5000","8542.50000000","completed","paid","14365.0000"
"157","2026-08-30 22:49:59","SALE/POS/2026/08/0125","1","Walk-in Customer","1","Warehouse 1","23716","PTA-0016-L","Pehnawa Luxury Lawn PTA-0016-L","1.0000","5822.5000","5822.5000","5822.50000000","completed","paid","14365.0000"
"158","2026-08-30 22:53:42","SALE/POS/2026/08/0126","1","Walk-in Customer","1","Warehouse 1","19060","D-09-M","Qalamkar Luxury Chiken Kari Lawn 3 Pieces  FP-09 SELIN","1.0000","7607.5000","7607.5000","7607.50000000","completed","paid","7607.5000"
"159","2026-08-30 23:01:38","SALE/POS/2026/08/0127","1","Walk-in Customer","1","Warehouse 1","23671","PTA-0004-XL","Pehnawa Luxury Lawn PTA-0004-XL","1.0000","7437.5000","7437.5000","7437.50000000","completed","paid","7437.5000"
"160","2026-08-30 23:21:31","SALE/POS/2026/08/0128","1","Walk-in Customer","1","Warehouse 1","23462","HS-AROHA-U","Haris Shakeel Luxury Formals Hand Embellished Addawork Wedding Collection-Tobbaco & Purple","1.0000","12495.0000","12495.0000","12495.00000000","completed","paid","31960.0000"
"160","2026-08-30 23:21:31","SALE/POS/2026/08/0128","1","Walk-in Customer","1","Warehouse 1","23608","AJMR-022-U","Asim Jofa Luxury Chiffon Embroidered Unstitched Suit AJMR-022","1.0000","4760.0000","4760.0000","4760.00000000","completed","paid","31960.0000"
"160","2026-08-30 23:21:31","SALE/POS/2026/08/0128","1","Walk-in Customer","1","Warehouse 1","23530","A2504-PA-114","AIK Atelier Luxury Embroidered Organza 3Pc Unstitched Suit AIKWED - A2504 PA-114","1.0000","8202.5000","8202.5000","8202.50000000","completed","paid","31960.0000"
"160","2026-08-30 23:21:31","SALE/POS/2026/08/0128","1","Walk-in Customer","1","Warehouse 1","23563","CHRZMA-DJ5-08-U","Charizma - Dastan-E-Jashan - Embroidered Chiffon Unstitched 3 Piece DJ5-08","1.0000","6502.5000","6502.5000","6502.50000000","completed","paid","31960.0000"
"161","2026-08-30 23:45:12","SALE/POS/2026/08/0129","1","Walk-in Customer","1","Warehouse 1","19058","D-09-U","Qalamkar Luxury Chiken Kari Lawn 3 Pieces  FP-09 SELIN","1.0000","6162.5000","6162.5000","6162.50000000","completed","paid","35635.0000"
"161","2026-08-30 23:45:12","SALE/POS/2026/08/0129","1","Walk-in Customer","1","Warehouse 1","23565","SN-3B-MAJENTA-U","Sobia Nazir Design 3B Luxury Lawn Eid Edition 2026 Unstitched MAJENTA","1.0000","7947.5000","7947.5000","7947.50000000","completed","paid","35635.0000"
"161","2026-08-30 23:45:12","SALE/POS/2026/08/0129","1","Walk-in Customer","1","Warehouse 1","23564","MB-EL-26-08-U","Maria B Luxury Embroidered Lawn 3Pc Unstitched Suit-EL-26-08","1.0000","8350.0000","8350.0000","8350.00000000","completed","paid","35635.0000"
"161","2026-08-30 23:45:12","SALE/POS/2026/08/0129","1","Walk-in Customer","1","Warehouse 1","23601","SN-LEE26-2A-U","Sobia Nazir Luxury Embroidered Lawn 3Pc Unstitched Suit LEE26-2A","1.0000","7097.5000","7097.5000","7097.50000000","completed","paid","35635.0000"
"161","2026-08-30 23:45:12","SALE/POS/2026/08/0129","1","Walk-in Customer","1","Warehouse 1","18109","SQ-02-U","Parishay - SQ-02 - Luxury Lawn Embroidered 3 Piece Unstitched","1.0000","6077.5000","6077.5000","6077.50000000","completed","paid","35635.0000"
"162","2026-08-30 23:55:28","SALE/POS/2026/08/0130","1","Walk-in Customer","1","Warehouse 1","18102","D-2511-A-S","Maria.B - Luxury Lawn Embroidered 3 Piece Unstitched - D-2511-A","1.0000","7437.5000","7437.5000","7437.50000000","completed","paid","7437.5000"
"163","2026-08-31 00:05:54","SALE/POS/2026/08/0131","1","Walk-in Customer","1","Warehouse 1","525","PA-0032-U","Ethnc Luxury Silk Embroidered 3Pc Unstitched Suit Nainpreet PA-0032","1.0000","6757.5000","6757.5000","6757.50000000","completed","paid","12495.0000"
"163","2026-08-31 00:05:54","SALE/POS/2026/08/0131","1","Walk-in Customer","1","Warehouse 1","23737","PTA-0023-M","Pehnawa Luxury Lawn PTA-0023-M","1.0000","5737.5000","5737.5000","5737.50000000","completed","paid","12495.0000"
"164","2026-08-31 00:10:07","SALE/POS/2026/08/0132","1","Walk-in Customer","1","Warehouse 1","19068","ANS-MSTRD-M","Aneelas - Luxury Lawn Embroidered 3 Piece Unstitched - Mustard","1.0000","7862.5000","7862.5000","7862.50000000","completed","paid","7862.5000"
"165","2026-08-31 00:22:37","SALE/POS/2026/08/0133","1","Walk-in Customer","1","Warehouse 1","23439","ELY-2B-S","Elaf - Luxury Lawn Embroidered 3 Piece Unstitched - Midnight Blossom","1.0000","8145.0000","8145.0000","8145.00000000","completed","paid","8145.0000"
"166","2026-08-31 00:41:20","SALE/POS/2026/08/0134","1","Walk-in Customer","1","Warehouse 1","23572","Alizeh-D-04-Orla-U","Alizeh Luxury Embroidered Organza Unstitched 3Pc Suit - D-04 Orla","1.0000","5931.0000","5931.0000","5931.00000000","completed","paid","5931.0000"
"198","2026-08-31 18:00:00","SALE/POS/2026/08/0098","23","Maham","1","Warehouse 1","23647","PA-0066-S","Zara Shahjahan Luxury Embroidered Lawn 3Pc Unstitched/SUtitched Suit RAQSAA PA-0066-S","-1.0000","8927.0000","8927.0000","-8927.00000000","returned","partial","-8927.0000"
"194","2026-08-31 18:50:00","SALE/POS/2026/08/0112","1","Walk-in Customer","1","Warehouse 1","23589","Rang-Rasiya-AYLA","Rang Rasiya Luxury Embroidered Lawn Unstitched 3Pc Suit-AYLA","-1.0000","8140.0000","8140.0000","-8140.00000000","returned","partial","-8140.0000"
"195","2026-08-31 18:57:43","SALE/POS/2026/08/0150","1","Walk-in Customer","1","Warehouse 1","23606","SR-30","Saira Rizwan Chikankari Luxury Embroidered Lawn Unstitched 3Pc Suit SR-30","1.0000","5950.0000","5950.0000","5950.00000000","completed","paid","5950.0000"
"199","2026-08-31 20:59:28","SALE/POS/2026/08/0152","29","Jawad Hassan","1","Warehouse 1","23563","CHRZMA-DJ5-08-U","Charizma - Dastan-E-Jashan - Embroidered Chiffon Unstitched 3 Piece DJ5-08","1.0000","7650.0000","7650.0000","7650.00000000","completed","paid","7650.0000"
"200","2026-08-31 22:37:45","SALE/POS/2026/08/0153","30","Fatima","1","Warehouse 1","23795","PTA-0051-L","PEHNAWA LUXURY LAWN PTA-0051-L","1.0000","11160.0000","11160.0000","11160.00000000","completed","paid","11160.0000"
"201","2026-08-31 23:28:36","SALE/POS/2026/08/0154","1","Walk-in Customer","1","Warehouse 1","18039","ENC-OW-01-L","Ethnc Luxury Raw Silk HAnd Made Collection Ethnc - Off White - ENC-OW-01","1.0000","11050.0000","11050.0000","11050.00000000","completed","paid","11050.0000"
"202","2026-08-31 23:55:25","SALE/POS/2026/08/0155","31","Hamza","1","Warehouse 1","18106","D-2605-B-S","Maria.B Luxury Embroidered Jacquard Lawn Unstitched 3Pc Suit D-2605-B","1.0000","10050.0000","10050.0000","10050.00000000","completed","partial","10050.0000"
"203","2026-09-01 00:07:48","SALE/POS/2026/08/0156","1","Walk-in Customer","1","Warehouse 1","23729","PTA-0020-M","Pehnawa Luxury Lawn PTA-0020-M","1.0000","7950.0000","7950.0000","7950.00000000","completed","paid","7950.0000"
"204","2026-09-01 00:09:07","SALE/POS/2026/08/0157","1","Walk-in Customer","1","Warehouse 1","23683","PTA-0007-XL","Pehnawa Luxury Lawn Maxi PTA-0007-XL","1.0000","12350.0000","12350.0000","12350.00000000","completed","paid","20200.0000"
"204","2026-09-01 00:09:07","SALE/POS/2026/08/0157","1","Walk-in Customer","1","Warehouse 1","23722","PTA-0018-M","Pehnawa Luxury Lawn PTA-0018-M","1.0000","7850.0000","7850.0000","7850.00000000","completed","paid","20200.0000"
"205","2026-09-01 02:03:59","SALE/POS/2026/08/0158","1","Walk-in Customer","1","Warehouse 1","23556","FS-PA0099-U","Pehnawa Luxury Embroidered Chiffon UnStitched / Stitched 3PC Collection Cassia PA 0099","1.0000","9250.0000","9250.0000","9250.00000000","completed","paid","9250.0000"
"223","2026-09-01 17:50:56","SALE/POS/2026/09/0168","32","Syeda Rizvi","1","Warehouse 1","18038","ENC-OW-01-M","Ethnc Luxury Raw Silk HAnd Made Collection Ethnc - Off White - ENC-OW-01","1.0000","11050.0000","11050.0000","11050.00000000","completed","paid","11050.0000"
"224","2026-09-01 21:03:38","SALE/POS/2026/09/0169","1","Walk-in Customer","1","Warehouse 1","23588","SN-7A-U","Sobia Nazir Luxury Lawn Embroidered 3 Piece Unstitched 7A","1.0000","8750.0000","8750.0000","8750.00000000","completed","paid","8750.0000"
"225","2026-09-01 22:33:34","SALE/POS/2026/09/0170","33","Minahil","1","Warehouse 1","18083","D-2605-A-M","Maria.B Luxury Embroidered Jacquard Lawn Unstitched 3Pc Suit D-2605-A","1.0000","10050.0000","10050.0000","10050.00000000","completed","paid","26550.0000"
"225","2026-09-01 22:33:34","SALE/POS/2026/09/0170","33","Minahil","1","Warehouse 1","23792","PTA-0050-L","PEHNAWA LUXURY LAWN PTA-0050-L","1.0000","16500.0000","16500.0000","16500.00000000","completed","paid","26550.0000"
"226","2026-09-01 23:58:12","SALE/POS/2026/09/0171","1","Walk-in Customer","1","Warehouse 1","525","PA-0032-U","Ethnc Luxury Silk Embroidered 3Pc Unstitched Suit Nainpreet PA-0032","1.0000","7950.0000","7950.0000","7950.00000000","completed","paid","7950.0000"
"227","2026-09-02 00:30:59","SALE/POS/2026/09/0172","1","Walk-in Customer","1","Warehouse 1","23575","UE-620-U","Iznik Luxury Embroidered Silk 3Pc Unstitched Suit UE - 620","1.0000","6850.0000","6850.0000","6850.00000000","completed","paid","6850.0000"
"228","2026-09-02 00:40:41","SALE/POS/2026/09/0173","34","Tehseen","1","Warehouse 1","23873","PR-1020-U","Baroque Luxury Velvet Embroidered Unstitched 3 Piece PR-1020","1.0000","10450.0000","10450.0000","10450.00000000","completed","paid","10450.0000"
"229","2026-09-02 00:55:38","SALE/POS/2026/09/0174","1","Walk-in Customer","1","Warehouse 1","23645","PA-123-M","Poshkari Luxury Embroidered Raw Silk 3Pc Stitched Suit PA-123-M","1.0000","14850.0000","14850.0000","14850.00000000","completed","paid","14850.0000"
"230","2026-09-02 02:42:52","SALE/POS/2026/09/0175","1","Walk-in Customer","1","Warehouse 1","18149","PA-115-U","Maria B Luxury Embroidered Chiffon 3Pc Unstitched / Stitched Suit MPC - 26 - 106 - Slate Blue PA-115","1.0000","11500.0000","11500.0000","11500.00000000","completed","paid","11500.0000"
"231","2026-09-02 23:34:39","SALE/POS/2026/09/0176","1","Walk-in Customer","1","Warehouse 1","23894","LSR-NT-U","Lulusar - Namil Top","1.0000","6550.0000","6550.0000","6550.00000000","completed","partial","6550.0000"
"232","2026-09-03 00:31:24","SALE/POS/2026/09/0177","1","Walk-in Customer","1","Warehouse 1","23642","PA-100-M","Maria B Luxury Embroidered Lawn 3Pc Unstitched /  Stitched Suit - PA-100","1.0000","10500.0000","10500.0000","10500.00000000","completed","due","10500.0000"
"233","2026-09-03 01:13:13","SALE/POS/2026/09/0178","36","Syed Irfan Raza Shah","1","Warehouse 1","23466","AS-IF-U","Alizay Saad Luxury Raw Silk Embroidered 3 Piece Unstitched - Ivories Festive","1.0000","8650.0000","8650.0000","8650.00000000","completed","paid","8650.0000"
"234","2026-09-03 22:06:34","SALE/POS/2026/09/0179","37","Shahrukh ","1","Warehouse 1","18036","EC-135-U","Hussain Rehar Raw Silk Unstitched Collection LUCENT EC 135 Formal Raw Silk","1.0000","8950.0000","8950.0000","8950.00000000","completed","paid","8950.0000"
"235","2026-09-03 22:40:21","SALE/POS/2026/09/0180","37","Shahrukh ","1","Warehouse 1","753","PA-0076","Ethnc Luxury Silk Embroidered 3Pc Unstitched Suit PA 0076","1.0000","8450.0000","8450.0000","8450.00000000","completed","paid","8450.0000"
"236","2026-09-03 23:58:32","SALE/POS/2026/09/0181","1","Walk-in Customer","1","Warehouse 1","535","PA-0042","Crimson Luxury Organza Embroidered 3Pc Unstitched Suit Mehndi Galore","1.0000","13500.0000","13500.0000","13500.00000000","completed","paid","13500.0000"
"237","2026-09-04 21:32:31","SALE/POS/2026/09/0182","1","Walk-in Customer","1","Warehouse 1","23575","UE-620-U","Iznik Luxury Embroidered Silk 3Pc Unstitched Suit UE - 620","1.0000","6500.0000","6500.0000","6500.00000000","completed","paid","6500.0000"
"238","2026-09-04 21:34:33","SALE/POS/2026/09/0183","1","Walk-in Customer","1","Warehouse 1","23557","Burgundy-Dusk-01","Abeera Usman Raw Silk Handwork Embroidered 3 Pcs Unstitched Burgundy Dusk","1.0000","19012.5000","19012.5000","19012.50000000","completed","partial","19012.5000"
"239","2026-09-04 22:53:03","SALE/POS/2026/09/0184","1","Walk-in Customer","1","Warehouse 1","23716","PTA-0016-L","Pehnawa Luxury Lawn PTA-0016-L","1.0000","6850.0000","6850.0000","6850.00000000","completed","paid","6850.0000"
"240","2026-09-04 22:59:51","SALE/POS/2026/09/0185","1","Walk-in Customer","1","Warehouse 1","23910","A-212-u","Bin Ilyas Luxury Raw Silk Embroidered Hand Emblishment Collection 212-A","1.0000","9850.0000","9850.0000","9850.00000000","completed","paid","9850.0000"
"241","2026-09-05 00:03:21","SALE/POS/2026/09/0186","1","Walk-in Customer","1","Warehouse 1","23813","ELAF-ELM-05-M","Elaf Premium Embroidered Luxury Lawn Unstitched 3Pc Suit ELM-05 RAMSHA","1.0000","10650.0000","10650.0000","10650.00000000","completed","partial","25212.4400"
"241","2026-09-05 00:03:21","SALE/POS/2026/09/0186","1","Walk-in Customer","1","Warehouse 1","23733","PTA-0021-M","Pehnawa Luxury Lawn PTA-0021-M","1.0000","7650.5000","7650.5000","7650.50000000","completed","partial","25212.4400"
"241","2026-09-05 00:03:21","SALE/POS/2026/09/0186","1","Walk-in Customer","1","Warehouse 1","23423","FP-16-M","Qalamkar Luxury Lawn Embroidered Unstitched 3 Piece Sahil Kinare -FP-16-Kira new","1.0000","10350.0000","10350.0000","10350.00000000","completed","partial","25212.4400"
"242","2026-09-05 00:26:25","SALE/POS/2026/09/0187","1","Walk-in Customer","1","Warehouse 1","23832","Pinar-U","Maria.B Pinar","1.0000","10500.0000","10500.0000","10500.00000000","completed","paid","10500.0000"
"243","2026-09-05 00:32:04","SALE/POS/2026/09/0188","1","Walk-in Customer","1","Warehouse 1","18116","ELM-11-L","Elaf Embroidered Lawn Suit Unstitched 3 Pc ELM-11 Kohinoor","1.0000","9950.0000","9950.0000","9950.00000000","completed","paid","9950.0000"
"244","2026-09-05 00:33:55","SALE/POS/2026/09/0189","1","Walk-in Customer","1","Warehouse 1","23859","Ans-Zinc","Aneelas Zinc Velvet","1.0000","8250.0000","8250.0000","8250.00000000","completed","paid","7425.0000"
"245","2026-09-05 00:48:38","SALE/POS/2026/09/0190","1","Walk-in Customer","1","Warehouse 1","23793","PTA-0050-XL","PEHNAWA LUXURY LAWN PTA-0050-XL","1.0000","14025.0000","14025.0000","14025.00000000","completed","partial","14025.0000"
"246","2026-09-05 01:59:08","SALE/POS/2026/09/0191","1","Walk-in Customer","1","Warehouse 1","23519","Zinc-Attire-U","Aisha Imran Luxury Raw Silk Unstitched Hand Work Collection Zinc Attire","1.0000","23000.0000","23000.0000","23000.00000000","completed","paid","23000.0000"
"247","2026-09-05 18:52:13","SALE/POS/2026/09/0192","1","Walk-in Customer","1","Warehouse 1","23827","4036","4036 Baroque Lehenga","1.0000","11700.0000","11700.0000","11700.00000000","completed","paid","18650.5000"
"247","2026-09-05 18:52:13","SALE/POS/2026/09/0192","1","Walk-in Customer","1","Warehouse 1","23735","PTA-0022-M","Pehnawa Luxury Lawn PTA-0022-M","1.0000","6950.5000","6950.5000","6950.50000000","completed","paid","18650.5000"
"248","2026-09-05 18:53:52","SALE/POS/2026/09/0193","1","Walk-in Customer","1","Warehouse 1","23522","PA-0087-U","Faiza Saqlain Luxury Chiffon Embroidered 3Pc Unstitched Suit - Asfoureh - PA 0087-U","1.0000","10500.0000","10500.0000","10500.00000000","completed","paid","10500.0000"
"249","2026-09-05 19:13:36","SALE/POS/2026/09/0194","1","Walk-in Customer","1","Warehouse 1","23526","MNR-NAZNEEN-U","MOHSIN NAVEED RANJHA BRIDALS NAZNEEN RAW SILK MAXI Unstitched","1.0000","22450.0000","22450.0000","22450.00000000","completed","paid","22450.0000"
"250","2026-09-05 19:33:29","SALE/POS/2026/09/0195","1","Walk-in Customer","1","Warehouse 1","19045","D-2206-L","Saira Shakira Luxury Lawn Embroidered 3 Piece - DAHLIA-B","1.0000","10000.0000","10000.0000","10000.00000000","completed","paid","10000.0000"
"251","2026-09-05 20:31:24","SALE/POS/2026/09/0196","1","Walk-in Customer","1","Warehouse 1","23563","CHRZMA-DJ5-08-U","Charizma - Dastan-E-Jashan - Embroidered Chiffon Unstitched 3 Piece DJ5-08","1.0000","7650.0000","7650.0000","7650.00000000","completed","paid","7650.0000"
"252","2026-09-05 20:44:13","SALE/POS/2026/09/0197","1","Walk-in Customer","1","Warehouse 1","23510","SRA-PINK-U","SRA Melodic Tassels Hand Made Embroidered Raw Silk Unstitched Melodic","1.0000","18525.0000","18525.0000","18525.00000000","completed","partial","18525.0000"
"253","2026-09-05 21:25:38","SALE/POS/2026/09/0198","1","Walk-in Customer","1","Warehouse 1","23575","UE-620-U","Iznik Luxury Embroidered Silk 3Pc Unstitched Suit UE - 620","1.0000","6850.0000","6850.0000","6850.00000000","completed","paid","6850.0000"
"254","2026-09-05 21:49:13","SALE/POS/2026/09/0199","1","Walk-in Customer","1","Warehouse 1","23575","UE-620-U","Iznik Luxury Embroidered Silk 3Pc Unstitched Suit UE - 620","1.0000","6850.0000","6850.0000","6850.00000000","completed","partial","11907.5000"
"254","2026-09-05 21:49:13","SALE/POS/2026/09/0199","1","Walk-in Customer","1","Warehouse 1","23567","Kaida-Amani-U","Kaida Tie N Die Luxury Silk Embroidered 3Pc Unstitched Suit Amani","1.0000","5057.5000","5057.5000","5057.50000000","completed","partial","11907.5000"
"256","2026-09-05 21:59:48","SALE/POS/2026/09/0201","1","Walk-in Customer","1","Warehouse 1","18040","ENC-OW-01-S","Ethnc Luxury Raw Silk HAnd Made Collection Ethnc - Off White - ENC-OW-01","1.0000","12050.0000","12050.0000","12050.00000000","completed","paid","12050.0000"
"257","2026-09-05 22:15:08","SALE/POS/2026/09/0202","1","Walk-in Customer","1","Warehouse 1","18083","D-2605-A-M","Maria.B Luxury Embroidered Jacquard Lawn Unstitched 3Pc Suit D-2605-A","1.0000","10050.0000","10050.0000","10050.00000000","completed","paid","17149.0000"
"257","2026-09-05 22:15:08","SALE/POS/2026/09/0202","1","Walk-in Customer","1","Warehouse 1","23741","PTA-0025-M","Pehnawa Luxury Lawn PTA-0025-M","1.0000","7099.0000","7099.0000","7099.00000000","completed","paid","17149.0000"
"258","2026-09-05 22:19:27","SALE/POS/2026/09/0203","1","Walk-in Customer","1","Warehouse 1","23462","HS-AROHA-U","Haris Shakeel Luxury Formals Hand Embellished Addawork Wedding Collection-Tobbaco & Purple","1.0000","14700.0000","14700.0000","14700.00000000","completed","paid","22350.0000"
"258","2026-09-05 22:19:27","SALE/POS/2026/09/0203","1","Walk-in Customer","1","Warehouse 1","23563","CHRZMA-DJ5-08-U","Charizma - Dastan-E-Jashan - Embroidered Chiffon Unstitched 3 Piece DJ5-08","1.0000","7650.0000","7650.0000","7650.00000000","completed","paid","22350.0000"
"259","2026-09-05 22:20:35","SALE/POS/2026/09/0204","1","Walk-in Customer","1","Warehouse 1","1117","PA-0008-U","Ethnc Luxury Raw Silk Embroidered Unstitched 3PC Suit-Kaftan PA 0008","1.0000","7950.0000","7950.0000","7950.00000000","completed","paid","7950.0000"
"260","2026-09-05 23:09:17","SALE/POS/2026/09/0205","1","Walk-in Customer","1","Warehouse 1","23626","IMZA-Rohi-U","Imrozia Luxury Embroidered Lawn Unstitched 3Pc Suit ROHI","1.0000","6900.0000","6900.0000","6900.00000000","completed","paid","13750.0000"
"260","2026-09-05 23:09:17","SALE/POS/2026/09/0205","1","Walk-in Customer","1","Warehouse 1","23548","BI-404-A-U","Bin Ilyas Luxury Lawn Embroidered 3 Piece Unstitched - 404-A DilBaro","1.0000","6850.0000","6850.0000","6850.00000000","completed","paid","13750.0000"
"261","2026-09-05 23:12:53","SALE/POS/2026/09/0206","1","Walk-in Customer","1","Warehouse 1","23575","UE-620-U","Iznik Luxury Embroidered Silk 3Pc Unstitched Suit UE - 620","1.0000","6850.0000","6850.0000","6850.00000000","completed","paid","6850.0000"
"262","2026-09-05 23:33:21","SALE/POS/2026/09/0207","1","Walk-in Customer","1","Warehouse 1","23541","ELAF-ELM-05-U","Elaf Premium Embroidered Luxury Lawn Unstitched 3Pc Suit ELM-05 RAMSHA","1.0000","8950.0000","8950.0000","8950.00000000","completed","paid","15850.0000"
"262","2026-09-05 23:33:21","SALE/POS/2026/09/0207","1","Walk-in Customer","1","Warehouse 1","23896","IM-ROHI-U","Imrozia Luxury Embroidered Lawn Unstitched 3Pc Suit ROHI","1.0000","6900.0000","6900.0000","6900.00000000","completed","paid","15850.0000"
"263","2026-09-05 23:42:59","SALE/POS/2026/09/0208","1","Walk-in Customer","1","Warehouse 1","23913","SHAM-U","Hussain Rehar Sham Luxury Net Embroidered 3Pc Unstitched Suit Dusty Pink","1.0000","8550.0000","8550.0000","8550.00000000","completed","partial","28045.0000"
"263","2026-09-05 23:42:59","SALE/POS/2026/09/0208","1","Walk-in Customer","1","Warehouse 1","23552","HS-J0507-U","Haris Shakeel Mesuri Hand Embellished & Embroidered Maxi - J0507","1.0000","12645.0000","12645.0000","12645.00000000","completed","partial","28045.0000"
"263","2026-09-05 23:42:59","SALE/POS/2026/09/0208","1","Walk-in Customer","1","Warehouse 1","23575","UE-620-U","Iznik Luxury Embroidered Silk 3Pc Unstitched Suit UE - 620","1.0000","6850.0000","6850.0000","6850.00000000","completed","partial","28045.0000"
"264","2026-09-06 00:47:44","SALE/POS/2026/09/0209","1","Walk-in Customer","1","Warehouse 1","23542","BI-D-607-U","Bin Ilyas Wedding Festive Luxury Raw Silk Collection D-607","1.0000","11950.0000","11950.0000","11950.00000000","completed","paid","11950.0000"
"265","2026-09-06 01:39:28","SALE/POS/2026/09/0210","1","Walk-in Customer","1","Warehouse 1","23442","SRD-FF-U","Sardinia - Luxury Lawn Embroidered Unstitched 3 Piece - FLORAL FUCHSIA","1.0000","8955.0000","8955.0000","8955.00000000","completed","paid","8955.0000"
"267","2026-09-06 02:10:30","SALE/POS/2026/09/0212","1","Walk-in Customer","1","Warehouse 1","496","PA-0007-M","Pehnawa Luxury Lawn Embroidered 3 Pc Stitched Suit PA 0007-M","1.0000","10950.0000","10950.0000","10950.00000000","completed","paid","10950.0000"
"268","2026-09-06 21:20:49","SALE/POS/2026/09/0213","1","Walk-in Customer","1","Warehouse 1","23542","BI-D-607-U","Bin Ilyas Wedding Festive Luxury Raw Silk Collection D-607","1.0000","11900.0000","11900.0000","11900.00000000","completed","paid","11900.0000"
"269","2026-09-06 21:22:57","SALE/POS/2026/09/0214","1","Walk-in Customer","1","Warehouse 1","23861","PA-103-U","Zona Shaham Luxury Embroidered Raw Silk 3Pc Unstitched Suit PA - 103","1.0000","7875.0000","7875.0000","7875.00000000","completed","partial","14040.0000"
"269","2026-09-06 21:22:57","SALE/POS/2026/09/0214","1","Walk-in Customer","1","Warehouse 1","23715","PTA-0016-M","Pehnawa Luxury Lawn PTA-0016-M","1.0000","6165.0000","6165.0000","6165.00000000","completed","partial","14040.0000"
"270","2026-09-06 22:01:06","SALE/POS/2026/09/0215","1","Walk-in Customer","1","Warehouse 1","23910","A-212-u","Bin Ilyas Luxury Raw Silk Embroidered Hand Emblishment Collection 212-A","1.0000","9000.0000","9000.0000","9000.00000000","completed","paid","17500.0000"
"270","2026-09-06 22:01:06","SALE/POS/2026/09/0215","1","Walk-in Customer","1","Warehouse 1","23536","CVF-D-09-U","Jazmin Luxury Velvet Embroidered 3 Piece Unstitched - CVF D-09","1.0000","8500.0000","8500.0000","8500.00000000","completed","paid","17500.0000"
"271","2026-09-06 22:29:17","SALE/POS/2026/09/0216","1","Walk-in Customer","1","Warehouse 1","23566","HR-GULPOSH-U","Hussain Rehar Luxury Lawn Embroidered Suit GULPOSH","1.0000","8950.0000","8950.0000","8950.00000000","completed","paid","38450.0000"
"271","2026-09-06 22:29:17","SALE/POS/2026/09/0216","1","Walk-in Customer","1","Warehouse 1","23527","NOMIANSARI-MN-U","Nomi Ansari Luxury Raw Silk Embroidered Unstitched 3PC Suit-Maryum Nawaz","1.0000","29500.0000","29500.0000","29500.00000000","completed","paid","38450.0000"
"272","2026-09-07 20:49:46","SALE/POS/2026/09/0217","1","Walk-in Customer","1","Warehouse 1","23532","UROOJ-HS-70-U","Haris Shakeel Luxury Myssory Embroidered 3 Piece Unstitched UROOJ HS-70","1.0000","21000.0000","21000.0000","21000.00000000","completed","paid","21000.0000"
"273","2026-09-07 22:18:20","SALE/POS/2026/09/0218","1","Walk-in Customer","1","Warehouse 1","23560","Elaf-MorningDrizzle-U","Elaf - Luxury Lawn Embroidered 3 Piece Unstitched - MORNING DRIZZLE","1.0000","7750.0000","7750.0000","7750.00000000","completed","paid","7750.0000"
"275","2026-09-07 23:22:16","SALE/POS/2026/09/0220","1","Walk-in Customer","1","Warehouse 1","23593","PA-0045","Zara Shahjahan Zehra PA-0045","1.0000","6950.0000","6950.0000","6950.00000000","completed","paid","27945.0000"
"275","2026-09-07 23:22:16","SALE/POS/2026/09/0220","1","Walk-in Customer","1","Warehouse 1","23583","Elia-D-3-B","Republic WomensWear Reine Luxury Embroidered Lawn Unstitched 3Pc Suit D-3B Elia","1.0000","8350.0000","8350.0000","8350.00000000","completed","paid","27945.0000"
"275","2026-09-07 23:22:16","SALE/POS/2026/09/0220","1","Walk-in Customer","1","Warehouse 1","23591","RPW-NavyBlue-U","Republic Womenswear Luxury Lawn Embroidered 3 Pc Unstitched Suit NAVY BLUE","1.0000","7100.0000","7100.0000","7100.00000000","completed","paid","27945.0000"
"275","2026-09-07 23:22:16","SALE/POS/2026/09/0220","1","Walk-in Customer","1","Warehouse 1","23421","FP-16-U","Qalamkar Luxury Lawn Embroidered Unstitched 3 Piece Sahil Kinare -FP-16-Kira new","1.0000","8650.0000","8650.0000","8650.00000000","completed","paid","27945.0000"
"277","2026-09-07 23:42:21","SALE/POS/2026/09/0222","1","Walk-in Customer","1","Warehouse 1","23429","UE-321-U","Iznik Luxury Chiffon Embroidered Collection Unstitched UE-321","1.0000","8150.0000","8150.0000","8150.00000000","completed","paid","8150.0000"
"278","2026-09-08 01:17:38","SALE/POS/2026/09/0223","1","Walk-in Customer","1","Warehouse 1","23906","PA-124-U","Haris Shakeel Luxury Chiffon Embroidered 3Pc Unstitched PA-124","1.0000","6950.0000","6950.0000","6950.00000000","completed","paid","6950.0000"
"279","2026-09-08 01:57:59","SALE/POS/2026/09/0224","1","Walk-in Customer","1","Warehouse 1","18036","EC-135-U","Hussain Rehar Raw Silk Unstitched Collection LUCENT EC 135 Formal Raw Silk","1.0000","8000.0000","8000.0000","8000.00000000","completed","paid","8000.0000"
"283","2026-09-08 19:31:05","SALE/POS/2026/09/0228","1","Walk-in Customer","1","Warehouse 1","23875","UF-295-U","Baroque UF-295 - Luxury Chiffon Embroidered 3 Piece Unstitched","1.0000","5550.0000","5550.0000","5550.00000000","completed","partial","5550.0000"
"284","2026-09-08 21:19:00","SALE/POS/2026/09/0221","1","Walk-in Customer","1","Warehouse 1","18054","MPC-26-102-S","Maria B Luxury Pure Chiffon Embroidered Unstitched 3PC Suit MPC-26-102-Muted Mocha Brown","-1.0000","14400.0000","14400.0000","-14400.00000000","returned","paid","-14400.0000"
"286","2026-09-08 22:10:13","SALE/POS/2026/09/0230","42","SAAD KHAN","1","Warehouse 1","23904","ANS-VEL-U","Aneelas Luxury Velvet Embroidered 3 Piece Unstitched - Zinc","1.0000","10500.0000","10500.0000","10500.00000000","completed","paid","10500.0000"
"287","2026-09-08 22:15:31","SALE/POS/2026/09/0231","43","SABA","1","Warehouse 1","18107","D-2605-B-M","Maria.B Luxury Embroidered Jacquard Lawn Unstitched 3Pc Suit D-2605-B","1.0000","10050.0000","10050.0000","10050.00000000","completed","paid","10050.0000"
"288","2026-09-08 22:26:34","SALE/POS/2026/09/0232","44","ZEESHAN GHORI","1","Warehouse 1","23412","26-107-M","Maria.B Embroidered Luxury Chiffon 3Pc Suit MPC-26-107","1.0000","14400.0000","14400.0000","14400.00000000","completed","paid","27650.0000"
"288","2026-09-08 22:26:34","SALE/POS/2026/09/0232","44","ZEESHAN GHORI","1","Warehouse 1","23550","DL-1201-U","Maria.B Luxury Velvet 3 Piece Unstitched Embroidered Palachi Suit DL-1201","1.0000","13250.0000","13250.0000","13250.00000000","completed","paid","27650.0000"
"289","2026-09-08 23:35:06","SALE/POS/2026/09/0233","45","FAHEEM 1","1","Warehouse 1","590","PA-0078","Maria B Luxury Organza Embroidered 3Pc Unstitched Suit Pinar","1.0000","10500.0000","10500.0000","10500.00000000","completed","paid","10500.0000"
"290","2026-09-08 23:45:17","SALE/POS/2026/09/0234","1","Walk-in Customer","1","Warehouse 1","23805","PTA-0055-M","Pehnawa Luxury Raw Silk PTA-0055-M","1.0000","18850.0000","18850.0000","18850.00000000","completed","paid","18850.0000"
"291","2026-09-09 00:30:46","SALE/POS/2026/09/0235","46","BILAL","1","Warehouse 1","23705","PTA-0013-M","Pehnawa Luxury Lawn PTA-0013-M","1.0000","8500.0000","8500.0000","8500.00000000","completed","paid","8500.0000"
"292","2026-09-09 01:06:01","SALE/POS/2026/09/0236","47","ABDUL MAJEED","1","Warehouse 1","23910","A-212-u","Bin Ilyas Luxury Raw Silk Embroidered Hand Emblishment Collection 212-A","1.0000","9850.0000","9850.0000","9850.00000000","completed","partial","17500.0000"
"292","2026-09-09 01:06:01","SALE/POS/2026/09/0236","47","ABDUL MAJEED","1","Warehouse 1","23563","CHRZMA-DJ5-08-U","Charizma - Dastan-E-Jashan - Embroidered Chiffon Unstitched 3 Piece DJ5-08","1.0000","7650.0000","7650.0000","7650.00000000","completed","partial","17500.0000"
"293","2026-09-09 01:55:40","SALE/POS/2026/09/0237","47","ABDUL MAJEED","1","Warehouse 1","24176","AZR-TEAL","Azure Luxury Chiffon Embroidered 3Pc Unstitched Suit - Majestic Teal","1.0000","6750.0000","6750.0000","6750.00000000","completed","paid","6750.0000"
"294","2026-09-09 18:49:00","SALE/POS/2026/09/0238","48","muhammad imran ","1","Warehouse 1","24144","PA-0001","Haris Shakeel Luxury Raw Silk Embroidered 3Pc Unstitched","1.0000","19600.0000","19600.0000","19600.00000000","completed","paid","19600.0000"
"295","2026-09-09 20:02:26","SALE/POS/2026/09/0239","48","muhammad imran ","1","Warehouse 1","18103","D-2511-A-M","Maria.B - Luxury Lawn Embroidered 3 Piece Unstitched - D-2511-A","1.0000","8312.5000","8312.5000","8312.50000000","completed","partial","8312.5000"
"296","2026-09-09 20:32:47","SALE/POS/2026/09/0240","1","Walk-in Customer","1","Warehouse 1","23563","CHRZMA-DJ5-08-U","Charizma - Dastan-E-Jashan - Embroidered Chiffon Unstitched 3 Piece DJ5-08","1.0000","7650.0000","7650.0000","7650.00000000","completed","paid","7650.0000"
"297","2026-09-09 21:01:39","SALE/POS/2026/09/0241","49","sumaiya saudia","1","Warehouse 1","23942","PA - 0003 - S","Pehnawa Luxury Embroidered 3 Pieces Stitched Collection PA-0003 - Stitched / S","1.0000","8650.0000","8650.0000","8650.00000000","completed","paid","123150.0000"
"297","2026-09-09 21:01:39","SALE/POS/2026/09/0241","49","sumaiya saudia","1","Warehouse 1","19045","D-2206-L","Saira Shakira Luxury Lawn Embroidered 3 Piece - DAHLIA-B","1.0000","10550.0000","10550.0000","10550.00000000","completed","paid","123150.0000"
"297","2026-09-09 21:01:39","SALE/POS/2026/09/0241","49","sumaiya saudia","1","Warehouse 1","19044","D-2206-M","Saira Shakira Luxury Lawn Embroidered 3 Piece - DAHLIA-B","1.0000","10550.0000","10550.0000","10550.00000000","completed","paid","123150.0000"
"297","2026-09-09 21:01:39","SALE/POS/2026/09/0241","49","sumaiya saudia","1","Warehouse 1","19043","D-2206-S","Saira Shakira Luxury Lawn Embroidered 3 Piece - DAHLIA-B","1.0000","10550.0000","10550.0000","10550.00000000","completed","paid","123150.0000"
"297","2026-09-09 21:01:39","SALE/POS/2026/09/0241","49","sumaiya saudia","1","Warehouse 1","18128","DS-290-L","Sardinia Tales of Petals Luxury Lawn Collection 01 OCEAN WAVES","1.0000","12400.0000","12400.0000","12400.00000000","completed","paid","123150.0000"
"297","2026-09-09 21:01:39","SALE/POS/2026/09/0241","49","sumaiya saudia","1","Warehouse 1","18127","DS-290-M","Sardinia Tales of Petals Luxury Lawn Collection 01 OCEAN WAVES","1.0000","12400.0000","12400.0000","12400.00000000","completed","paid","123150.0000"
"297","2026-09-09 21:01:39","SALE/POS/2026/09/0241","49","sumaiya saudia","1","Warehouse 1","18126","DS-290-S","Sardinia Tales of Petals Luxury Lawn Collection 01 OCEAN WAVES","1.0000","12400.0000","12400.0000","12400.00000000","completed","paid","123150.0000"
"297","2026-09-09 21:01:39","SALE/POS/2026/09/0241","49","sumaiya saudia","1","Warehouse 1","18092","SN-9A-L","Sobia Nazir Luxury Lawn Embroidered 3 Piece Unstitched 9A","1.0000","9450.0000","9450.0000","9450.00000000","completed","paid","123150.0000"
"297","2026-09-09 21:01:39","SALE/POS/2026/09/0241","49","sumaiya saudia","1","Warehouse 1","18091","SN-9A-M","Sobia Nazir Luxury Lawn Embroidered 3 Piece Unstitched 9A","1.0000","9450.0000","9450.0000","9450.00000000","completed","paid","123150.0000"
"297","2026-09-09 21:01:39","SALE/POS/2026/09/0241","49","sumaiya saudia","1","Warehouse 1","18090","SN-9A-S","Sobia Nazir Luxury Lawn Embroidered 3 Piece Unstitched 9A","1.0000","9450.0000","9450.0000","9450.00000000","completed","paid","123150.0000"
"297","2026-09-09 21:01:39","SALE/POS/2026/09/0241","49","sumaiya saudia","1","Warehouse 1","490","PA-0003-S","Pehnawa Luxury Lawn Embroidered 3 Pc Stitched Suit PA 0003-S","1.0000","8650.0000","8650.0000","8650.00000000","completed","paid","123150.0000"
"297","2026-09-09 21:01:39","SALE/POS/2026/09/0241","49","sumaiya saudia","1","Warehouse 1","488","PA-0003-L","Pehnawa Luxury Embroidered 3 Pieces Stitched Collection PA 0003-L","1.0000","8650.0000","8650.0000","8650.00000000","completed","paid","123150.0000"
"298","2026-09-09 21:33:47","SALE/POS/2026/09/0242","49","sumaiya saudia","1","Warehouse 1","23425","IV-57-U","Iznik - Luxury Velvet Embroidered 3 Piece Unstitched - IV-57","1.0000","7457.5000","7457.5000","7457.50000000","completed","partial","22910.0000"
"298","2026-09-09 21:33:47","SALE/POS/2026/09/0242","49","sumaiya saudia","1","Warehouse 1","23574","AZE-TurlingTulip-U","Azure Luxury Embroidered Chiffon Unstitched 3Pc Suit Twirling Tulip","1.0000","6950.0000","6950.0000","6950.00000000","completed","partial","22910.0000"
"298","2026-09-09 21:33:47","SALE/POS/2026/09/0242","49","sumaiya saudia","1","Warehouse 1","23903","SM-01-U","Aneelas Wedding Velvet Embroidered Unstitched Collection SM-01","1.0000","8502.5000","8502.5000","8502.50000000","completed","partial","22910.0000"
"299","2026-09-09 21:36:05","SALE/POS/2026/09/0243","49","sumaiya saudia","1","Warehouse 1","23967","PK-ZAREEN-L","Summer Kaftan - Zareen","1.0000","4950.0000","4950.0000","4950.00000000","completed","partial","13700.0000"
"299","2026-09-09 21:36:05","SALE/POS/2026/09/0243","49","sumaiya saudia","1","Warehouse 1","23668","PTA-0004-S","Pehnawa Luxury Lawn PTA-0004-S","1.0000","8750.0000","8750.0000","8750.00000000","completed","partial","13700.0000"
"300","2026-09-09 21:46:29","SALE/POS/2026/09/0244","1","Walk-in Customer","1","Warehouse 1","23563","CHRZMA-DJ5-08-U","Charizma - Dastan-E-Jashan - Embroidered Chiffon Unstitched 3 Piece DJ5-08","1.0000","7650.0000","7650.0000","7650.00000000","completed","paid","7650.0000"
"301","2026-09-09 23:15:27","SALE/POS/2026/09/0245","1","Walk-in Customer","1","Warehouse 1","23692","PTA-0010-S","Pehnawa Luxury Lawn PTA-0010-S","1.0000","7150.0000","7150.0000","7150.00000000","completed","paid","7150.0000"
"302","2026-09-09 23:20:25","SALE/POS/2026/09/0246","1","Walk-in Customer","1","Warehouse 1","23918","26-105-L","Maria B Luxury Embroidered Chiffon 3Pc Unstitched Suit MPC-26-105-Pistachio Green","1.0000","16500.0000","16500.0000","16500.00000000","completed","paid","16500.0000"
"303","2026-09-10 00:32:13","SALE/POS/2026/09/0247","1","Walk-in Customer","1","Warehouse 1","535","PA-0042","Crimson Luxury Organza Embroidered 3Pc Unstitched Suit Mehndi Galore","1.0000","12420.0000","12420.0000","12420.00000000","completed","partial","18482.8000"
"303","2026-09-10 00:32:13","SALE/POS/2026/09/0247","1","Walk-in Customer","1","Warehouse 1","23572","Alizeh-D-04-Orla-U","Alizeh Luxury Embroidered Organza Unstitched 3Pc Suit - D-04 Orla","1.0000","6062.8000","6062.8000","6062.80000000","completed","partial","18482.8000"
"304","2026-09-10 00:34:13","SALE/POS/2026/09/0248","1","Walk-in Customer","1","Warehouse 1","23843","ANAMTA-U","fAIZA SAQLAIN ANAMTA","1.0000","14280.0000","14280.0000","14280.00000000","completed","partial","22992.5000"
"304","2026-09-10 00:34:13","SALE/POS/2026/09/0248","1","Walk-in Customer","1","Warehouse 1","23838","Denisa-U","Faiza Saqlain Denisa","1.0000","8712.5000","8712.5000","8712.50000000","completed","partial","22992.5000"
"305","2026-09-10 01:52:56","SALE/POS/2026/09/0249","1","Walk-in Customer","1","Warehouse 1","23827","4036","4036 Baroque Lehenga","1.0000","11700.0000","11700.0000","11700.00000000","completed","paid","11700.0000"
"306","2026-09-10 02:03:04","SALE/POS/2026/09/0250","50","Fatima","1","Warehouse 1","23910","A-212-u","Bin Ilyas Luxury Raw Silk Embroidered Hand Emblishment Collection 212-A","1.0000","9850.0000","9850.0000","9850.00000000","completed","paid","9850.0000"
"307","2026-09-10 19:02:39","SALE/POS/2026/09/0251","1","Walk-in Customer","1","Warehouse 1","23456","BD-3006-M","Maria.B Luxury Pure Chiffon Embroidered Unstitched 3 Piece - BD-3005 Baby Pink","1.0000","19800.0000","19800.0000","19800.00000000","completed","paid","19800.0000"
"308","2026-09-10 20:07:10","SALE/POS/2026/09/0252","1","Walk-in Customer","1","Warehouse 1","24122","SH-9522069536989-48020966768861","Maria B Luxury Embroidered Chiffon 3Pc Unstitched Suit MPC-26-106-Slate Blue","1.0000","11500.0000","11500.0000","11500.00000000","completed","partial","11500.0000"
"309","2026-09-10 20:48:37","SALE/POS/2026/09/0253","1","Walk-in Customer","1","Warehouse 1","594","PA-0082","Soraya Luxury Organza Embroidered Unstitched 3PC Suit - SEHR","1.0000","7450.0000","7450.0000","7450.00000000","completed","paid","7450.0000"
"310","2026-09-10 20:52:00","SALE/POS/2026/09/0225","1","Walk-in Customer","1","Warehouse 1","23563","CHRZMA-DJ5-08-U","Charizma - Dastan-E-Jashan - Embroidered Chiffon Unstitched 3 Piece DJ5-08","-1.0000","7650.0000","7650.0000","-7650.00000000","returned","paid","-7650.0000"
"311","2026-09-10 21:28:33","SALE/POS/2026/09/0254","1","Walk-in Customer","1","Warehouse 1","18081","D-2605-A-U","Maria.B Luxury Embroidered Jacquard Lawn Unstitched 3Pc Suit D-2605-A","1.0000","7932.5000","7932.5000","7932.50000000","completed","paid","28262.5000"
"311","2026-09-10 21:28:33","SALE/POS/2026/09/0254","1","Walk-in Customer","1","Warehouse 1","23573","AZE-SatinSage-U","Azure Luxury Embroidered Chiffon Unstitched 3Pc Suit Satin Sage","1.0000","6650.0000","6650.0000","6650.00000000","completed","paid","28262.5000"
"311","2026-09-10 21:28:33","SALE/POS/2026/09/0254","1","Walk-in Customer","1","Warehouse 1","23563","CHRZMA-DJ5-08-U","Charizma - Dastan-E-Jashan - Embroidered Chiffon Unstitched 3 Piece DJ5-08","1.0000","7267.5000","7267.5000","7267.50000000","completed","paid","28262.5000"
"311","2026-09-10 21:28:33","SALE/POS/2026/09/0254","1","Walk-in Customer","1","Warehouse 1","23571","CHRZMA-DJW5-10-U","Charizma Dastan-e-Jashan Luxury Chiffon Unstitched 3Pc Suit DJW5-10","1.0000","6412.5000","6412.5000","6412.50000000","completed","paid","28262.5000"
"312","2026-09-10 21:34:37","SALE/POS/2026/09/0255","1","Walk-in Customer","1","Warehouse 1","23859","Ans-Zinc","Aneelas Zinc Velvet","1.0000","7837.5000","7837.5000","7837.50000000","completed","paid","7837.5000"
"313","2026-09-10 21:50:07","SALE/POS/2026/09/0256","1","Walk-in Customer","1","Warehouse 1","23709","PTA-0014-M","Pehnawa Luxury Lawn PTA-0014-M","1.0000","6602.5000","6602.5000","6602.50000000","completed","partial","6602.5000"
"314","2026-09-10 22:00:57","SALE/POS/2026/09/0257","1","Walk-in Customer","1","Warehouse 1","23745","PTA-0027-L","Pehnawa Luxury Lawn PTA-0027-L","1.0000","7150.0000","7150.0000","7150.00000000","completed","paid","14300.0000"
"314","2026-09-10 22:00:57","SALE/POS/2026/09/0257","1","Walk-in Customer","1","Warehouse 1","23744","PTA-0027-M","Pehnawa Luxury Lawn PTA-0027-M","1.0000","7150.0000","7150.0000","7150.00000000","completed","paid","14300.0000"
"315","2026-09-10 22:58:58","SALE/POS/2026/09/0258","51","sumaira iftikhar","1","Warehouse 1","23860","soraya-u","soraya irina","1.0000","20900.0000","20900.0000","20900.00000000","completed","paid","20900.0000"
"316","2026-09-10 23:14:03","SALE/POS/2026/09/0259","52","sameer","1","Warehouse 1","23542","BI-D-607-U","Bin Ilyas Wedding Festive Luxury Raw Silk Collection D-607","1.0000","11950.0000","11950.0000","11950.00000000","completed","partial","23650.0000"
"316","2026-09-10 23:14:03","SALE/POS/2026/09/0259","52","sameer","1","Warehouse 1","23827","4036","4036 Baroque Lehenga","1.0000","11700.0000","11700.0000","11700.00000000","completed","partial","23650.0000"
"317","2026-09-10 23:42:50","SALE/POS/2026/09/0260","53","Mrs Arif","1","Warehouse 1","24176","AZR-TEAL","Azure Luxury Chiffon Embroidered 3Pc Unstitched Suit - Majestic Teal","1.0000","6750.0000","6750.0000","6750.00000000","completed","paid","6750.0000"
"318","2026-09-10 23:56:33","SALE/POS/2026/09/0261","54","Mohammad Anwar","1","Warehouse 1","18117","ELM-03-B-U","Elaf Embroidered Lawn Suit Unstitched 3 Pc ELM- 03 B Samaa","1.0000","7850.0000","7850.0000","7850.00000000","completed","paid","7850.0000"
"319","2026-09-11 00:10:25","SALE/POS/2026/09/0262","1","Walk-in Customer","1","Warehouse 1","23905","MB-ICE-U","Maria.B Luxury Embroidered Net Unstitched 3 Pc Collection MC-041","1.0000","10500.0000","10500.0000","10500.00000000","completed","paid","10500.0000"
"320","2026-09-11 00:13:50","SALE/POS/2026/09/0263","1","Walk-in Customer","1","Warehouse 1","23410","MPC-26-107-U","Maria.B Embroidered Luxury Chiffon 3Pc Suit MPC-26-107","1.0000","9737.5000","9737.5000","9737.50000000","completed","partial","20140.0000"
"320","2026-09-11 00:13:50","SALE/POS/2026/09/0263","1","Walk-in Customer","1","Warehouse 1","495","PA-0007-L","Pehnawa Luxury Lawn Embroidered 3 Pc Stitched Suit PA 0007-L","1.0000","10402.5000","10402.5000","10402.50000000","completed","partial","20140.0000"
"321","2026-09-11 01:57:12","SALE/POS/2026/09/0264","1","Walk-in Customer","1","Warehouse 1","23644","PA-123-S","Poshkari Luxury Embroidered Raw Silk 3Pc Stitched Suit PA-123 - Stitched / S","1.0000","15510.0000","15510.0000","15510.00000000","completed","partial","15510.0000"
"322","2026-09-11 02:34:18","SALE/POS/2026/09/0265","1","Walk-in Customer","1","Warehouse 1","18032","SH-697-U","Shamsha Hashwani - Masysoori Handwork Embroidered 3 Piece Unstitched - Aakifah","1.0000","16800.0000","16800.0000","16800.00000000","completed","paid","44935.0000"
"322","2026-09-11 02:34:18","SALE/POS/2026/09/0265","1","Walk-in Customer","1","Warehouse 1","24317","PA-128","Iznik UE-620-B Luxury Embroidered Chiffon 3Pc Unstitched Suit PA-128","2.0000","6850.0000","6850.0000","13700.00000000","completed","paid","44935.0000"
"322","2026-09-11 02:34:18","SALE/POS/2026/09/0265","1","Walk-in Customer","1","Warehouse 1","23848","ZARIF-U","Zarif Grace - Luxury Net Embroidered 3 Piece Unstitched","1.0000","6950.0000","6950.0000","6950.00000000","completed","paid","44935.0000"
"322","2026-09-11 02:34:18","SALE/POS/2026/09/0265","1","Walk-in Customer","1","Warehouse 1","23831","VT-01-U","Aneelas Velvet VT-01","1.0000","9850.0000","9850.0000","9850.00000000","completed","paid","44935.0000"
"323","2026-09-11 02:37:02","SALE/POS/2026/09/0266","1","Walk-in Customer","1","Warehouse 1","18081","D-2605-A-U","Maria.B Luxury Embroidered Jacquard Lawn Unstitched 3Pc Suit D-2605-A","1.0000","8350.0000","8350.0000","8350.00000000","completed","paid","8350.0000"
"324","2026-09-11 02:38:00","SALE/POS/2026/09/0219","1","Walk-in Customer","1","Warehouse 1","18036","EC-135-U","Hussain Rehar Raw Silk Unstitched Collection LUCENT EC 135 Formal Raw Silk","-1.0000","8950.0000","8950.0000","-8950.00000000","returned","paid","-8950.0000"
"326","2026-09-11 20:54:39","SALE/POS/2026/09/0268","1","Walk-in Customer","1","Warehouse 1","24278","SH-9538088075485-48098349613277","Nomi Ansari Luxury Raw Silk Embroidered Unstitched 3PC Suit- Rosebud","1.0000","29500.0000","29500.0000","29500.00000000","completed","paid","29500.0000"
"327","2026-09-11 20:55:00","SALE/POS/2026/09/0267","1","Walk-in Customer","1","Warehouse 1","23527","NA-MN-U","Nomi Ansari Luxury Raw Silk Embroidered Unstitched 3PC Suit-Maryum Nawaz","-1.0000","29500.0000","29500.0000","-29500.00000000","returned","paid","-29500.0000"
"328","2026-09-11 21:00:42","SALE/POS/2026/09/0269","1","Walk-in Customer","1","Warehouse 1","18039","ENC-OW-01-L","Ethnc Luxury Raw Silk HAnd Made Collection Ethnc - Off White - ENC-OW-01","1.0000","10000.0000","10000.0000","10000.00000000","completed","paid","20000.0000"
"328","2026-09-11 21:00:42","SALE/POS/2026/09/0269","1","Walk-in Customer","1","Warehouse 1","23641","PA-100-L","Maria B Luxury Embroidered Lawn 3Pc Unstitched /  Stitched Suit - PA-100","1.0000","10000.0000","10000.0000","10000.00000000","completed","paid","20000.0000"
"329","2026-09-11 21:02:35","SALE/POS/2026/09/0270","1","Walk-in Customer","1","Warehouse 1","23848","ZARIF-U","Zarif Grace - Luxury Net Embroidered 3 Piece Unstitched","1.0000","6950.0000","6950.0000","6950.00000000","completed","paid","6950.0000"
"330","2026-09-11 21:04:00","SALE/POS/2026/09/0200","1","Walk-in Customer","1","Warehouse 1","23891","P-SG-U","Poshkari Luxury Velvet Embroidered Collection Maroon Majesty (aneelas ) sea green","-1.0000","11350.0000","11350.0000","-11350.00000000","returned","paid","-11350.0000"
"331","2026-09-11 21:19:16","SALE/POS/2026/09/0271","1","Walk-in Customer","1","Warehouse 1","20087","Couture-02","Nomi Ansari Luxury Pure Chiffon Unsticthed 3 Piece Couture","1.0000","22500.0000","22500.0000","22500.00000000","completed","paid","22500.0000"
"332","2026-09-11 21:33:01","SALE/POS/2026/09/0272","1","Walk-in Customer","1","Warehouse 1","24408","wl-1303","maria b palachi wl1303","1.0000","13800.0000","13800.0000","13800.00000000","completed","paid","13800.0000"
"333","2026-09-11 21:34:52","SALE/POS/2026/09/0273","1","Walk-in Customer","1","Warehouse 1","23513","ERUMKHAN-MM--U","Erum Khan Luxurious Net Embroidered Unstitched 3 Piece Moonlit Majesty","1.0000","24250.0000","24250.0000","24250.00000000","completed","paid","24250.0000"
"334","2026-09-11 22:15:30","SALE/POS/2026/09/0274","1","Walk-in Customer","1","Warehouse 1","23672","PTA-0005-S","Pehnawa Luxury Lawn PTA-0005-S","1.0000","9990.0000","9990.0000","9990.00000000","completed","paid","9990.0000"
"335","2026-09-11 22:45:20","SALE/POS/2026/09/0275","1","Walk-in Customer","1","Warehouse 1","23673","PTA-0005-M","Pehnawa Luxury Lawn PTA-0005-M","1.0000","9990.0000","9990.0000","9990.00000000","completed","paid","9990.0000"
"336","2026-09-11 22:48:04","SALE/POS/2026/09/0276","55","Hayat","1","Warehouse 1","24011","BI-D-607-M","Bin Ilyas Wedding Festive Luxury Raw Silk Collection D-607","1.0000","13455.0000","13455.0000","13455.00000000","completed","partial","13455.0000"
"337","2026-09-11 23:32:08","SALE/POS/2026/09/0277","1","Walk-in Customer","1","Warehouse 1","18037","ENC-OW-01-U","Ethnc Luxury Raw Silk HAnd Made Collection Ethnc - Off White - ENC-OW-01","1.0000","8055.0000","8055.0000","8055.00000000","completed","paid","8055.0000"
"338","2026-09-12 00:22:52","SALE/POS/2026/09/0278","1","Walk-in Customer","1","Warehouse 1","18081","D-2605-A-U","Maria.B Luxury Embroidered Jacquard Lawn Unstitched 3Pc Suit D-2605-A","1.0000","8350.0000","8350.0000","8350.00000000","completed","paid","8350.0000"
"339","2026-09-12 01:04:25","SALE/POS/2026/09/0279","56","Preeti","1","Warehouse 1","23715","PTA-0016-M","Pehnawa Luxury Lawn PTA-0016-M","1.0000","6165.0000","6165.0000","6165.00000000","completed","partial","19935.0000"
"339","2026-09-12 01:04:25","SALE/POS/2026/09/0279","56","Preeti","1","Warehouse 1","23589","Rang-Rasiya-AYLA","Rang Rasiya Luxury Embroidered Lawn Unstitched 3Pc Suit-AYLA","1.0000","7335.0000","7335.0000","7335.00000000","completed","partial","19935.0000"
"339","2026-09-12 01:04:25","SALE/POS/2026/09/0279","56","Preeti","1","Warehouse 1","23781","PTA-0045-M","PEHNAWA LUXURY LAWN PTA-0045-M","1.0000","6435.0000","6435.0000","6435.00000000","completed","partial","19935.0000"
"340","2026-09-12 02:00:19","SALE/POS/2026/09/0280","1","Walk-in Customer","1","Warehouse 1","545","PA-0049-U","Republic Womenswear Luxury Net Embroidered 3Pc Unstitched Suit E - 52 PA-0049-U","1.0000","28025.0000","28025.0000","28025.00000000","completed","partial","28025.0000"
"341","2026-09-12 03:19:36","SALE/POS/2026/09/0281","1","Walk-in Customer","1","Warehouse 1","18083","D-2605-A-M","Maria.B Luxury Embroidered Jacquard Lawn Unstitched 3Pc Suit D-2605-A","1.0000","10050.0000","10050.0000","10050.00000000","completed","paid","10050.0000"
"343","2026-09-12 21:01:45","SALE/POS/2026/09/0283","1","Walk-in Customer","1","Warehouse 1","23910","A-212-u","Bin Ilyas Luxury Raw Silk Embroidered Hand Emblishment Collection 212-A","1.0000","9357.5000","9357.5000","9357.50000000","completed","paid","24730.0000"
"343","2026-09-12 21:01:45","SALE/POS/2026/09/0283","1","Walk-in Customer","1","Warehouse 1","24317","PA-128","Iznik UE-620-B Luxury Embroidered Chiffon 3Pc Unstitched Suit PA-128","1.0000","6507.5000","6507.5000","6507.50000000","completed","paid","24730.0000"
"343","2026-09-12 21:01:45","SALE/POS/2026/09/0283","1","Walk-in Customer","1","Warehouse 1","23584","FS-ASJA-U","AYA Embroidered Luxury Lawn Unstitched 3Pc Suit - ASJA","1.0000","8865.0000","8865.0000","8865.00000000","completed","paid","24730.0000"
"344","2026-09-12 21:28:13","SALE/POS/2026/09/0284","1","Walk-in Customer","1","Warehouse 1","504","PA-0011","Azure Luxury Embroidered Chiffon Unstitched 3Pc Suit Satin Sage","1.0000","6650.0000","6650.0000","6650.00000000","completed","paid","22693.1250"
"344","2026-09-12 21:28:13","SALE/POS/2026/09/0284","1","Walk-in Customer","1","Warehouse 1","24141","26-106-U","Maria B Luxury Embroidered Chiffon 3Pc Unstitched Suit MPC-26-106-Slate Blue","1.0000","11500.0000","11500.0000","11500.00000000","completed","paid","22693.1250"
"344","2026-09-12 21:28:13","SALE/POS/2026/09/0284","1","Walk-in Customer","1","Warehouse 1","23571","CHRZMA-DJW5-10-U","Charizma Dastan-e-Jashan Luxury Chiffon Unstitched 3Pc Suit DJW5-10","1.0000","5737.5000","5737.5000","5737.50000000","completed","paid","22693.1250"
"345","2026-09-12 21:32:36","SALE/POS/2026/09/0285","1","Walk-in Customer","1","Warehouse 1","23819","MB-D-2409-A-M","Maria.B Luxury Lawn Embroidered 3 Piece Unstitched D-2409-A","1.0000","9585.0000","9585.0000","9585.00000000","completed","paid","9585.0000"
"346","2026-09-12 21:38:04","SALE/POS/2026/09/0286","1","Walk-in Customer","1","Warehouse 1","18037","ENC-OW-01-U","Ethnc Luxury Raw Silk HAnd Made Collection Ethnc - Off White - ENC-OW-01","1.0000","8950.0000","8950.0000","8950.00000000","completed","paid","15770.0000"
"346","2026-09-12 21:38:04","SALE/POS/2026/09/0286","1","Walk-in Customer","1","Warehouse 1","23835","CH10-07-U","Baroque Net Embroidered CH10-07","1.0000","7650.0000","7650.0000","7650.00000000","completed","paid","15770.0000"
"347","2026-09-12 21:51:09","SALE/POS/2026/09/0287","1","Walk-in Customer","1","Warehouse 1","23901","ANS-B-U","Aneelas Velvet Black Like Zinc","1.0000","8250.0000","8250.0000","8250.00000000","completed","paid","7837.5000"
"348","2026-09-12 22:59:46","SALE/POS/2026/09/0288","1","Walk-in Customer","1","Warehouse 1","23555","D-07-CC65-U","Iznik Meraki Luxury Embroidered Dark Green Luxury Unstitched Net Maxi D-07","1.0000","7488.9000","7488.9000","7488.90000000","completed","paid","7488.9000"
"349","2026-09-12 23:47:23","SALE/POS/2026/09/0289","57","fATIMA kHAN","1","Warehouse 1","24505","ICELIS","KHAKAA Luxury Raw Silk Hand Embllishment Collection 03 ICELIS","1.0000","12900.0000","12900.0000","12900.00000000","completed","partial","17469.2000"
"349","2026-09-12 23:47:23","SALE/POS/2026/09/0289","57","fATIMA kHAN","1","Warehouse 1","24507","AJR-P","Ajr Couture Pink","1.0000","5450.0000","5450.0000","5450.00000000","completed","partial","17469.2000"
"350","2026-09-12 23:49:49","SALE/POS/2026/09/0290","1","Walk-in Customer","1","Warehouse 1","18044","DW-27-U","Maria.B - Luxury Raw Silk Embroidered 3 Piece Unstitched DW-27-S","1.0000","6150.0000","6150.0000","6150.00000000","completed","partial","5842.5000"
"351","2026-09-12 23:55:48","SALE/POS/2026/09/0291","1","Walk-in Customer","1","Warehouse 1","18081","D-2605-A-U","Maria.B Luxury Embroidered Jacquard Lawn Unstitched 3Pc Suit D-2605-A","1.0000","7515.0000","7515.0000","7515.00000000","completed","paid","7515.0000"
"353","2026-09-13 00:13:28","SALE/POS/2026/09/0293","1","Walk-in Customer","1","Warehouse 1","23563","CHRZMA-DJ5-08-U","Charizma - Dastan-E-Jashan - Embroidered Chiffon Unstitched 3 Piece DJ5-08","1.0000","7267.5000","7267.5000","7267.50000000","completed","paid","7267.5000"
"354","2026-09-13 00:16:34","SALE/POS/2026/09/0294","1","Walk-in Customer","1","Warehouse 1","24317","PA-128","Iznik UE-620-B Luxury Embroidered Chiffon 3Pc Unstitched Suit PA-128","1.0000","6507.5000","6507.5000","6507.50000000","completed","paid","6507.5000"
"355","2026-09-13 00:43:48","SALE/POS/2026/09/0295","1","Walk-in Customer","1","Warehouse 1","18085","EL-2503-U","Maria.B - EL-25-03 - Luxury Lawn Embroidered 3 Piece Unstitched/Stitched","1.0000","7650.0000","7650.0000","7650.00000000","completed","partial","22815.0000"
"355","2026-09-13 00:43:48","SALE/POS/2026/09/0295","1","Walk-in Customer","1","Warehouse 1","19042","D-2206-U","Saira Shakira Luxury Lawn Embroidered 3 Piece - DAHLIA-B","1.0000","8850.0000","8850.0000","8850.00000000","completed","partial","22815.0000"
"355","2026-09-13 00:43:48","SALE/POS/2026/09/0295","1","Walk-in Customer","1","Warehouse 1","23605","CS-D-6A","Crimson Luxury Lawn Embroidered 3 Piece Unstitched - ONE TRUE LOVE - D-6A","1.0000","8850.0000","8850.0000","8850.00000000","completed","partial","22815.0000"
"356","2026-09-13 00:51:45","SALE/POS/2026/09/0296","1","Walk-in Customer","1","Warehouse 1","18065","DS-957-S","Sardinia - Luxury Lawn Embroidered 3 Piece Unstitched - Midnight Bloom","1.0000","11950.0000","11950.0000","11950.00000000","completed","paid","17190.0000"
"356","2026-09-13 00:51:45","SALE/POS/2026/09/0296","1","Walk-in Customer","1","Warehouse 1","23694","PTA-0010-L","Pehnawa Luxury Lawn PTA-0010-L","1.0000","7150.0000","7150.0000","7150.00000000","completed","paid","17190.0000"
"357","2026-09-13 00:54:46","SALE/POS/2026/09/0297","1","Walk-in Customer","1","Warehouse 1","23648","PA-0066-M","Zara Shahjahan Luxury Embroidered Lawn 3Pc Unstitched/Stitched Suit RAQSAA PA-0066-M","1.0000","8950.0000","8950.0000","8950.00000000","completed","paid","14580.0000"
"357","2026-09-13 00:54:46","SALE/POS/2026/09/0297","1","Walk-in Customer","1","Warehouse 1","23783","PTA-0046-M","PEHNAWA LUXURY LAWN PTA-0046-M","1.0000","7250.0000","7250.0000","7250.00000000","completed","paid","14580.0000"
"359","2026-09-13 01:51:56","SALE/POS/2026/09/0299","1","Walk-in Customer","1","Warehouse 1","18107","D-2605-B-M","Maria.B Luxury Embroidered Jacquard Lawn Unstitched 3Pc Suit D-2605-B","1.0000","9000.0000","9000.0000","9000.00000000","completed","paid","9000.0000"
"360","2026-09-13 02:14:03","SALE/POS/2026/09/0300","1","Walk-in Customer","1","Warehouse 1","23732","PTA-0021-L","Pehnawa Luxury Lawn PTA-0021-L","1.0000","6885.0000","6885.0000","6885.00000000","completed","paid","6885.0000"
"361","2026-09-13 02:37:27","SALE/POS/2026/09/0301","1","Walk-in Customer","1","Warehouse 1","23848","ZARIF-U","Zarif Grace - Luxury Net Embroidered 3 Piece Unstitched","1.0000","6500.0000","6500.0000","6500.00000000","completed","paid","6500.0000"
"362","2026-09-13 03:34:46","SALE/POS/2026/09/0302","1","Walk-in Customer","1","Warehouse 1","18049","PR-1154-S","Baroque Luxury Chiffon Embroidered Unstitched Suit PR-1154 Powder Pink","1.0000","10165.0000","10165.0000","10165.00000000","completed","paid","10165.0000"
"363","2026-09-13 20:57:43","SALE/POS/2026/09/0303","1","Walk-in Customer","1","Warehouse 1","23735","PTA-0022-M","Pehnawa Luxury Lawn PTA-0022-M","1.0000","6255.0000","6255.0000","6255.00000000","completed","paid","6255.0000"
"364","2026-09-13 21:55:30","SALE/POS/2026/09/0304","1","Walk-in Customer","1","Warehouse 1","18037","ENC-OW-01-U","Ethnc Luxury Raw Silk HAnd Made Collection Ethnc - Off White - ENC-OW-01","1.0000","8950.0000","8950.0000","8950.00000000","completed","paid","8502.5000"
"366","2026-09-14 00:10:25","SALE/POS/2026/09/0306","58","ARAAST","1","Warehouse 1","23670","PTA-0004-L","Pehnawa Luxury Lawn PTA-0004-L","1.0000","6321.8800","6321.8800","6321.88000000","completed","due","6321.8800"
"367","2026-09-14 01:13:09","SALE/POS/2026/09/0307","59","ARSHIL","1","Warehouse 1","24317","PA-128","Iznik UE-620-B Luxury Embroidered Chiffon 3Pc Unstitched Suit PA-128","1.0000","6850.0000","6850.0000","6850.00000000","completed","partial","21300.0000"
"367","2026-09-14 01:13:09","SALE/POS/2026/09/0307","59","ARSHIL","1","Warehouse 1","18052","MPC-26-102-U","Maria B Luxury Pure Chiffon Embroidered Unstitched 3PC Suit MPC-26-102-Muted Mocha Brown","1.0000","9500.0000","9500.0000","9500.00000000","completed","partial","21300.0000"
"367","2026-09-14 01:13:09","SALE/POS/2026/09/0307","59","ARSHIL","1","Warehouse 1","24322","pa-129-u","Lulusar Orelia Long Luxury Raw Silk Embroidered 3Pc Unstitched PA-129","1.0000","4950.0000","4950.0000","4950.00000000","completed","partial","21300.0000"
"368","2026-09-14 21:07:26","SALE/POS/2026/09/0308","1","Walk-in Customer","1","Warehouse 1","18036","EC-135-U","Hussain Rehar Raw Silk Unstitched Collection LUCENT EC 135 Formal Raw Silk","1.0000","8502.5000","8502.5000","8502.50000000","completed","paid","8502.5000"
"369","2026-09-14 21:42:18","SALE/POS/2026/09/0309","33","Minahil","1","Warehouse 1","23895","PTG-U","Poshkari Tie N Die Luxury Embroidered Chiffon 3Pc Unstitched Suit-Twilight Glow","1.0000","10500.0000","10500.0000","10500.00000000","completed","paid","9975.0000"
"370","2026-09-14 21:46:58","SALE/POS/2026/09/0310","1","Walk-in Customer","1","Warehouse 1","24317","PA-128","Iznik UE-620-B Luxury Embroidered Chiffon 3Pc Unstitched Suit PA-128","1.0000","6850.0000","6850.0000","6850.00000000","completed","paid","6850.0000"
"371","2026-09-14 21:51:50","SALE/POS/2026/09/0311","1","Walk-in Customer","1","Warehouse 1","23527","NA-MN-U","Nomi Ansari Luxury Raw Silk Embroidered Unstitched 3PC Suit-Maryum Nawaz","1.0000","28025.0000","28025.0000","28025.00000000","completed","partial","28025.0000"
"372","2026-09-14 22:30:58","SALE/POS/2026/09/0312","1","Walk-in Customer","1","Warehouse 1","23769","PTA-0040-M","PEHNAWA LUXURY LAWN PTA-0040-M","1.0000","6900.0000","6900.0000","6900.00000000","completed","paid","6900.0000"
"373","2026-09-14 23:00:00","SALE/POS/2026/09/0305","1","Walk-in Customer","1","Warehouse 1","23913","SHAM-U","Hussain Rehar Sham Luxury Net Embroidered 3Pc Unstitched Suit Dusty Pink","-1.0000","9500.0000","9500.0000","-9500.00000000","returned","partial","-9500.0000"
"374","2026-09-14 23:14:13","SALE/POS/2026/09/0313","61","Muhammad qasim ","1","Warehouse 1","23410","MPC-26-107-U","Maria.B Embroidered Luxury Chiffon 3Pc Suit MPC-26-107","1.0000","10250.0000","10250.0000","10250.00000000","completed","paid","16840.0000"
"374","2026-09-14 23:14:13","SALE/POS/2026/09/0313","61","Muhammad qasim ","1","Warehouse 1","23572","D-04-ORLA","Alizeh Luxury Embroidered Organza Unstitched 3Pc Suit - D-04 Orla","1.0000","6590.0000","6590.0000","6590.00000000","completed","paid","16840.0000"
"375","2026-09-14 23:16:46","SALE/POS/2026/09/0314","61","Muhammad qasim ","1","Warehouse 1","24499","AR-SS-SA","A Swarovski Affair","2.0000","15250.0000","15250.0000","30500.00000000","completed","paid","30500.0000"
"376","2026-09-14 23:43:53","SALE/POS/2026/09/0315","62","sabooh","1","Warehouse 1","23743","PTA-0026-M","Pehnawa Luxury Lawn PTA-0026-M","1.0000","6800.0000","6800.0000","6800.00000000","completed","paid","6800.0000"
"377","2026-09-14 23:46:12","SALE/POS/2026/09/0316","63","usman sadiq","1","Warehouse 1","23741","PTA-0025-M","Pehnawa Luxury Lawn PTA-0025-M","1.0000","7099.0000","7099.0000","7099.00000000","completed","paid","7099.0000"
"378","2026-09-14 23:55:33","SALE/POS/2026/09/0317","64","zara kamran ","1","Warehouse 1","23846","D-6921-U","Muse Lambs Crème Embellished Raw Silk Addawork Hand Embellished Wedding Collection-Beige","1.0000","12000.0000","12000.0000","12000.00000000","completed","paid","12000.0000"
"379","2026-09-15 00:02:54","SALE/POS/2026/09/0318","65","mrs asim","1","Warehouse 1","23608","AJMR-022-U","Asim Jofa Luxury Chiffon Embroidered Unstitched Suit AJMR-022","1.0000","5600.0000","5600.0000","5600.00000000","completed","paid","5600.0000"
"380","2026-09-15 01:14:00","SALE/POS/2026/09/0298","1","Walk-in Customer","1","Warehouse 1","23772","PTA-0041-L","PEHNAWA LUXURY LAWN PTA-0041-L","-1.0000","7650.0000","7650.0000","-7650.00000000","returned","partial","-7650.0000"
"381","2026-09-15 01:16:31","SALE/POS/2026/09/0319","66","M wajahat 1","1","Warehouse 1","23738","PTA-0023-L","Pehnawa Luxury Lawn PTA-0023-L","1.0000","6750.0000","6750.0000","6750.00000000","completed","paid","6750.0000"
"382","2026-09-15 01:27:20","SALE/POS/2026/09/0320","67","sadaqat 1","1","Warehouse 1","23827","4036","4036 Baroque Lehenga","1.0000","10530.0000","10530.0000","10530.00000000","completed","paid","10530.0000"
"383","2026-09-15 02:05:01","SALE/POS/2026/09/0321","68","younus 1","1","Warehouse 1","18034","EC-135-M","Hussain Rehar Raw Silk Unstitched Collection LUCENT EC 135 Formal Raw Silk","1.0000","11352.5000","11352.5000","11352.50000000","completed","paid","11352.5000"
"385","2026-09-15 22:00:57","SALE/POS/2026/09/0323","1","Walk-in Customer","1","Warehouse 1","23462","HS-AROHA-U","Haris Shakeel Luxury Formals Hand Embellished Addawork Wedding Collection-Tobbaco & Purple","1.0000","14700.0000","14700.0000","14700.00000000","completed","paid","14700.0000"
"386","2026-09-15 22:03:00","SALE/POS/2026/09/0292","1","Walk-in Customer","1","Warehouse 1","23543","MB-GREEN-U","Maria.B Luxury Raw Silk Embroidered 3 Piece Unstitched Green","-1.0000","6145.0000","6145.0000","-6145.00000000","returned","partial","-6145.0000"
"387","2026-09-15 22:41:01","SALE/POS/2026/09/0324","1","Walk-in Customer","1","Warehouse 1","24504","AR-EL-P","ELAF LIMELIGHT PINK","1.0000","19056.0000","19056.0000","19056.00000000","completed","partial","19056.0000"
"388","2026-09-16 00:27:09","SALE/POS/2026/09/0325","1","Walk-in Customer","1","Warehouse 1","23827","4036","4036 Baroque Lehenga","1.0000","11700.0000","11700.0000","11700.00000000","completed","paid","11700.0000"
"389","2026-09-16 00:55:34","SALE/POS/2026/09/0326","1","Walk-in Customer","1","Warehouse 1","24708","PA-139","Asim Jofa Luxury Chiffon Embroidered Unstitched Suit PA-139","1.0000","14500.0000","14500.0000","14500.00000000","completed","paid","14500.0000"
"390","2026-09-16 00:58:43","SALE/POS/2026/09/0327","1","Walk-in Customer","1","Warehouse 1","23784","PTA-0046-L","PEHNAWA LUXURY LAWN PTA-0046-L","1.0000","7250.0000","7250.0000","7250.00000000","completed","paid","7250.0000"
"391","2026-09-16 01:09:00","SALE/POS/2026/09/0328","1","Walk-in Customer","1","Warehouse 1","525","PA-0032-U","Ethnc Luxury Silk Embroidered 3Pc Unstitched Suit Nainpreet PA-0032","1.0000","7900.0000","7900.0000","7900.00000000","completed","partial","7900.0000"
"392","2026-09-16 02:13:00","SALE/POS/2026/09/0329","73","waris","1","Warehouse 1","23895","PTG-U","Poshkari Tie N Die Luxury Embroidered Chiffon 3Pc Unstitched Suit-Twilight Glow","1.0000","10495.3000","10495.3000","10495.30000000","completed","partial","10495.3000"
"393","2026-09-16 18:29:47","SALE/POS/2026/09/0330","69","SHUMAILA 1","1","Warehouse 1","24146","CVF12-U","Jazmin Chandani Embroidered Velvet Unstitched 3Pc Maxi CVF D-12","1.0000","9700.0000","9700.0000","9700.00000000","completed","paid","22000.0000"
"393","2026-09-16 18:29:47","SALE/POS/2026/09/0330","69","SHUMAILA 1","1","Warehouse 1","23540","MB-BLUE-PALACHI-U","Maria.B Luxury Embroidered Velvet Collection Unstitched With Velvet Shawl","1.0000","12300.0000","12300.0000","12300.00000000","completed","paid","22000.0000"
"397","2026-09-16 19:48:00","SALE/POS/2026/09/0334","71","SIDRA ","1","Warehouse 1","19049","SB-05-L","Qalamkar Luxury Lawn  Embroidered 3Pc Suit SB-05 Aleeza","1.0000","8150.0000","8150.0000","8150.00000000","completed","paid","8150.0000"
"398","2026-09-16 21:20:47","SALE/POS/2026/09/0335","76","ANAS 1","1","Warehouse 1","23910","A-212-u","Bin Ilyas Luxury Raw Silk Embroidered Hand Emblishment Collection 212-A","2.0000","9850.0000","9850.0000","19700.00000000","completed","paid","19700.0000"
"399","2026-09-16 21:22:26","SALE/POS/2026/09/0336","75","YASMEEN 54","1","Warehouse 1","23462","HS-AROHA-U","Haris Shakeel Luxury Formals Hand Embellished Addawork Wedding Collection-Tobbaco & Purple","1.0000","14700.0000","14700.0000","14700.00000000","completed","partial","32800.0000"
"399","2026-09-16 21:22:26","SALE/POS/2026/09/0336","75","YASMEEN 54","1","Warehouse 1","23835","CH10-07-U","Baroque Net Embroidered CH10-07","1.0000","7650.0000","7650.0000","7650.00000000","completed","partial","32800.0000"
"399","2026-09-16 21:22:26","SALE/POS/2026/09/0336","75","YASMEEN 54","1","Warehouse 1","24528","SOIREE-25","Maria.B Luxury Lava Silk Embroidered 3 Piece Unstitched - Soiree 25","1.0000","10450.0000","10450.0000","10450.00000000","completed","partial","32800.0000"
"400","2026-09-16 21:26:31","SALE/POS/2026/09/0337","77","RAMAL 1","1","Warehouse 1","23511","PA-0035","Pehnawa Luxury Raw Silk Embroidered 3Pc Unstitched Suit Azure Dynasty","1.0000","22500.0000","22500.0000","22500.00000000","completed","paid","22500.0000"
"401","2026-09-16 21:28:28","SALE/POS/2026/09/0338","46","BILAL","1","Warehouse 1","23848","ZARIF-U","Zarif Grace - Luxury Net Embroidered 3 Piece Unstitched","1.0000","6950.0000","6950.0000","6950.00000000","completed","paid","6950.0000"
"402","2026-09-16 21:46:00","SALE/POS/2026/09/0339","79","MEHROON NISA 00","1","Warehouse 1","23919","26-103-L","Maria B Luxury Embroidered Chiffon 3Pc Unstitched Suit MPC-26-103-OLIVE GOLD","1.0000","14500.0000","14500.0000","14500.00000000","completed","paid","14500.0000"
"403","2026-09-16 22:20:00","SALE/POS/2026/09/0322","1","Walk-in Customer","1","Warehouse 1","23486","HR-RAKS-U","Hussain Rehar Luxury Raw Silk Embroidered 3Pc Unstitched Suit Raks","-1.0000","29500.0000","29500.0000","-29500.00000000","returned","partial","-41200.0000"
"403","2026-09-16 22:20:00","SALE/POS/2026/09/0322","1","Walk-in Customer","1","Warehouse 1","24275","SH-9190195757277-47003167195357","Baroque Luxury Silk Embroidered 3 Piece Unstitched SF-4036","-1.0000","11700.0000","11700.0000","-11700.00000000","returned","partial","-41200.0000"
"404","2026-09-16 22:23:16","SALE/POS/2026/09/0340","80","MRS FAHEEM","1","Warehouse 1","23910","A-212-u","Bin Ilyas Luxury Raw Silk Embroidered Hand Emblishment Collection 212-A","1.0000","9850.0000","9850.0000","9850.00000000","completed","paid","9850.0000"
"405","2026-09-16 23:04:43","SALE/POS/2026/09/0341","81","KAMAL AHMED 1","1","Warehouse 1","23486","HR-RAKS-U","Hussain Rehar Luxury Raw Silk Embroidered 3Pc Unstitched Suit Raks","1.0000","28025.0000","28025.0000","28025.00000000","completed","partial","28025.0000"
"406","2026-09-16 23:15:37","SALE/POS/2026/09/0342","82","AMJAD ALI  11","1","Warehouse 1","23907","PA-126-U","Zainab Shamsi Studio Luxury Raw Silk Embroidered 3Pc Unstitched The Ayla Set PA-126","1.0000","6602.5000","6602.5000","6602.50000000","completed","paid","6602.5000"
"407","2026-09-17 00:04:15","SALE/POS/2026/09/0343","83","SORIAYA ATHER ","1","Warehouse 1","18081","D-2605-A-U","Maria.B Luxury Embroidered Jacquard Lawn Unstitched 3Pc Suit D-2605-A","1.0000","8000.0000","8000.0000","8000.00000000","completed","paid","8000.0000"
"408","2026-09-17 00:10:58","SALE/POS/2026/09/0344","84","SYED aDNAN ALI 111","1","Warehouse 1","24317","PA-128","Iznik UE-620-B Luxury Embroidered Chiffon 3Pc Unstitched Suit PA-128","1.0000","6850.0000","6850.0000","6850.00000000","completed","paid","6850.0000"
"409","2026-09-17 00:38:56","SALE/POS/2026/09/0345","85","KRISHAN 11","1","Warehouse 1","18036","EC-135-U","Hussain Rehar Raw Silk Unstitched Collection LUCENT EC 135 Formal Raw Silk","1.0000","8000.0000","8000.0000","8000.00000000","completed","paid","8000.0000"
"410","2026-09-17 00:58:04","SALE/POS/2026/09/0346","85","KRISHAN 11","1","Warehouse 1","23603","Floral-Serenity","Crimson - Floral Serenity - Lawn Embroidered 3 Piece Unstitched","1.0000","8325.0000","8325.0000","8325.00000000","completed","partial","8325.0000"
"411","2026-09-17 01:18:18","SALE/POS/2026/09/0347","86","ANMOL 111","1","Warehouse 1","594","PA-0082","Soraya Luxury Organza Embroidered Unstitched 3PC Suit - SEHR","1.0000","7450.0000","7450.0000","7450.00000000","completed","paid","17950.0000"
"411","2026-09-17 01:18:18","SALE/POS/2026/09/0347","86","ANMOL 111","1","Warehouse 1","23832","Pinar-U","Maria.B Pinar","1.0000","10500.0000","10500.0000","10500.00000000","completed","paid","17950.0000"
"412","2026-09-17 01:20:55","SALE/POS/2026/09/0348","35","pehnawa","1","Warehouse 1","23932","SM-01-M","Aneelas Wedding Velvet Embroidered Unstitched Collection SM-01","2.0000","9560.0000","9560.0000","19120.00000000","completed","due","19120.0000"
"413","2026-09-17 01:38:26","SALE/POS/2026/09/0349","87","KUMAIL 11","1","Warehouse 1","18034","EC-135-M","Hussain Rehar Raw Silk Unstitched Collection LUCENT EC 135 Formal Raw Silk","1.0000","11950.0000","11950.0000","11950.00000000","completed","paid","22600.0000"
"413","2026-09-17 01:38:26","SALE/POS/2026/09/0349","87","KUMAIL 11","1","Warehouse 1","24628","HR-69","Haris Shakeel HR-69 Aisha Afridi","1.0000","10650.0000","10650.0000","10650.00000000","completed","paid","22600.0000"
"414","2026-09-17 19:04:11","SALE/POS/2026/09/0350","88","zeeshan 122","1","Warehouse 1","18105","D-2605-B-U","Maria.B Luxury Embroidered Jacquard Lawn Unstitched 3Pc Suit D-2605-B","1.0000","8350.0000","8350.0000","8350.00000000","completed","paid","16700.0000"
"414","2026-09-17 19:04:11","SALE/POS/2026/09/0350","88","zeeshan 122","1","Warehouse 1","23561","MB-D-2605-A-U","Maria.B Luxury Embroidered Jacquard Lawn Unstitched 3Pc Suit D-2605-A","1.0000","8350.0000","8350.0000","8350.00000000","completed","paid","16700.0000"
"415","2026-09-17 21:48:51","SALE/POS/2026/09/0351","89","ammara 11","1","Warehouse 1","23521","MB-SF-PF25-06-U","Maria.B Luxury Bamber Raw Silk 3 Pc Unstitched Collection SF-PF25-06","1.0000","19800.0000","19800.0000","19800.00000000","completed","paid","19800.0000"
"416","2026-09-17 22:31:02","SALE/POS/2026/09/0352","92","nosheen 111","1","Warehouse 1","23738","PTA-0023-L","Pehnawa Luxury Lawn PTA-0023-L","1.0000","6750.0000","6750.0000","6750.00000000","completed","paid","6750.0000"
"417","2026-09-17 22:39:53","SALE/POS/2026/09/0353","91","falak 112","1","Warehouse 1","24783","ans-z-u","ANEELAS Luxury Embroidered Silk Unstitched 3PC Suit-Zinia","1.0000","9200.0000","9200.0000","9200.00000000","completed","paid","16700.0000"
"417","2026-09-17 22:39:53","SALE/POS/2026/09/0353","91","falak 112","1","Warehouse 1","23466","AS-IF-U","Alizay Saad Luxury Raw Silk Embroidered 3 Piece Unstitched - Ivories Festive","1.0000","7500.0000","7500.0000","7500.00000000","completed","paid","16700.0000"
"418","2026-09-17 23:15:34","SALE/POS/2026/09/0354","93","SAlah uddin  2123","1","Warehouse 1","24408","wl-1303","maria b palachi wl1303","1.0000","13000.0000","13000.0000","13000.00000000","completed","paid","13000.0000"
"419","2026-09-17 23:19:38","SALE/POS/2026/09/0355","94","Asra 41","1","Warehouse 1","23767","PTA-0039-M","PEHNAWA LUXURY LAWN PTA-00398-M","1.0000","8950.0000","8950.0000","8950.00000000","completed","paid","8950.0000"
"420","2026-09-17 23:28:07","SALE/POS/2026/09/0356","95","aqsa 311","1","Warehouse 1","24368","PA 0093","Poshkari Luxury Silk Embroidered 3Pc Unstitched Suit  PA 0093","1.0000","5462.5000","5462.5000","5462.50000000","completed","paid","5462.5000"
"421","2026-09-17 23:49:28","SALE/POS/2026/09/0357","96","fatima 852","1","Warehouse 1","23462","HS-AROHA-U","Haris Shakeel Luxury Formals Hand Embellished Addawork Wedding Collection-Tobbaco & Purple","1.0000","13965.0000","13965.0000","13965.00000000","completed","paid","13965.0000"
"422","2026-09-18 01:11:00","SALE/POS/2026/09/0211","1","Walk-in Customer","1","Warehouse 1","23801","PTA-0053-m","Pehnawa Luxury Raw Silk PTA-0053-m","-1.0000","15500.0000","15500.0000","-15500.00000000","returned","paid","-15500.0000"
"423","2026-09-18 01:14:45","SALE/POS/2026/09/0358","1","Walk-in Customer","1","Warehouse 1","23803","PTA-0054-M","Pehnawa Luxury Chiffon PTA-0054-M","1.0000","19027.5000","19027.5000","19027.50000000","completed","partial","19027.5000"
"424","2026-09-18 01:54:53","SALE/POS/2026/09/0359","97","kabir nasir","1","Warehouse 1","24750","PTA-0059","Poshkari Luxury Embroidered Chiffon Collection Shocking Pink","1.0000","7650.0000","7650.0000","7650.00000000","completed","paid","7650.0000"
"425","2026-09-18 20:07:08","SALE/POS/2026/09/0360","98","M shahid 1","1","Warehouse 1","18087","EL-2503-M","Maria.B - EL-25-03 - Luxury Lawn Embroidered 3 Piece Unstitched/Stitched","1.0000","9200.0000","9200.0000","9200.00000000","completed","paid","18000.0000"
"425","2026-09-18 20:07:08","SALE/POS/2026/09/0360","98","M shahid 1","1","Warehouse 1","18070","D-13-M","Rang Rasiya Premium Embroidered Lawn Unstitched 3Pc Suit D-13 ALAYA","1.0000","8800.0000","8800.0000","8800.00000000","completed","paid","18000.0000"
"426","2026-09-18 20:26:13","SALE/POS/2026/09/0361","99","sana 111","1","Warehouse 1","18052","MPC-26-102-U","Maria B Luxury Pure Chiffon Embroidered Unstitched 3PC Suit MPC-26-102-Muted Mocha Brown","1.0000","9500.0000","9500.0000","9500.00000000","completed","paid","9500.0000"
"427","2026-09-18 20:57:34","SALE/POS/2026/09/0362","100","suraj 11","1","Warehouse 1","23907","PA-126-U","Zainab Shamsi Studio Luxury Raw Silk Embroidered 3Pc Unstitched The Ayla Set PA-126","1.0000","6602.5000","6602.5000","6602.50000000","completed","paid","6602.5000"
"428","2026-09-18 21:57:48","SALE/POS/2026/09/0363","101","mehak 1112","1","Warehouse 1","24262","PA 0054","Iznik Luxury Embroidered Chiffon 3Pc Unstitched Suit UE - 620","1.0000","6507.5000","6507.5000","6507.50000000","completed","paid","6507.5000"
"429","2026-09-18 22:07:48","SALE/POS/2026/09/0364","102","laiba mustafa ","1","Warehouse 1","24503","AR-EL-03","ELAF LIMELIGHT","1.0000","15500.0000","15500.0000","15500.00000000","completed","paid","15500.0000"
"430","2026-09-18 22:26:36","SALE/POS/2026/09/0365","104","zeeshan 85","1","Warehouse 1","24119","ANS-MRON-L","Poshkari Luxury Velvet Embroidered Collection Maroon Majesty aneelas","2.0000","11350.0000","11350.0000","22700.00000000","completed","paid","22700.0000"
"431","2026-09-18 22:49:02","SALE/POS/2026/09/0366","105","M asif 34","1","Warehouse 1","18084","D-2605-A-L","Maria.B Luxury Embroidered Jacquard Lawn Unstitched 3Pc Suit D-2605-A","1.0000","10050.0000","10050.0000","10050.00000000","completed","paid","10050.0000"
"432","2026-09-19 00:37:30","SALE/POS/2026/09/0367","106","mannat 111","1","Warehouse 1","23815","PRSHY-MS-06-S","Parishay - MS-06 Luxury Lawn Embroidered 3 Pc Unstitched Monaco","1.0000","8500.0000","8500.0000","8500.00000000","completed","paid","15500.0000"
"432","2026-09-19 00:37:30","SALE/POS/2026/09/0367","106","mannat 111","1","Warehouse 1","23784","PTA-0046-L","PEHNAWA LUXURY LAWN PTA-0046-L","1.0000","7000.0000","7000.0000","7000.00000000","completed","paid","15500.0000"
"433","2026-09-19 00:40:59","SALE/POS/2026/09/0368","107","Noman 2111","1","Warehouse 1","23538","CVF-D-01-U","Jazmin Luxury Velvet Unstitched Collection CVF D-01 With Potli","1.0000","7650.0000","7650.0000","7650.00000000","completed","paid","7650.0000"
"434","2026-09-19 00:41:35","SALE/POS/2026/09/0369","106","mannat 111","1","Warehouse 1","23783","PTA-0046-M","PEHNAWA LUXURY LAWN PTA-0046-M","1.0000","7000.0000","7000.0000","7000.00000000","completed","paid","7000.0000"
"435","2026-09-19 01:23:50","SALE/POS/2026/09/0370","108","Miss Arzu PA0049u with  stiching ","1","Warehouse 1","545","PA-0049-U","Republic Womenswear Luxury Net Embroidered 3Pc Unstitched Suit E - 52 PA-0049-U","1.0000","29500.0000","29500.0000","29500.00000000","completed","paid","29500.0000"
"436","2026-09-19 02:32:07","SALE/POS/2026/09/0371","109","M Asif m","1","Warehouse 1","24504","AR-EL-P","ELAF LIMELIGHT PINK","3.0000","17500.0000","17500.0000","52500.00000000","completed","paid","52500.0000"
"437","2026-09-19 19:22:49","SALE/POS/2026/09/0372","110","AHMED  111","1","Warehouse 1","24329","PA 0082","Soraya Luxury Organza Embroidered Unstitched 3PC Suit - SEHR","1.0000","7450.0000","7450.0000","7450.00000000","completed","paid","16900.0000"
"437","2026-09-19 19:22:49","SALE/POS/2026/09/0372","110","AHMED  111","1","Warehouse 1","24821","P-UF-758","Baroque Luxury Embroidered Velvet Suits 3 Pcs Unstitched UF-758","1.0000","9450.0000","9450.0000","9450.00000000","completed","paid","16900.0000"
"439","2026-09-19 20:06:30","SALE/POS/2026/09/0374","112","maria 56","1","Warehouse 1","24145","Amar-U","Batik Luxury Velvet Embroidered Collection Amar 3Pc - Velvet Luxe","1.0000","6850.0000","6850.0000","6850.00000000","completed","paid","27950.0000"
"439","2026-09-19 20:06:30","SALE/POS/2026/09/0374","112","maria 56","1","Warehouse 1","24419","PA-126","Zainab Shamsi Studio Luxury Raw Silk Embroidered 3Pc Unstitched The Ayla Set PA-126","1.0000","6950.0000","6950.0000","6950.00000000","completed","paid","27950.0000"
"439","2026-09-19 20:06:30","SALE/POS/2026/09/0374","112","maria 56","1","Warehouse 1","18037","ENC-OW-01-U","Ethnc Luxury Raw Silk HAnd Made Collection Ethnc - Off White - ENC-OW-01","1.0000","8000.0000","8000.0000","8000.00000000","completed","paid","27950.0000"
"439","2026-09-19 20:06:30","SALE/POS/2026/09/0374","112","maria 56","1","Warehouse 1","23543","MB-GREEN-U","Maria.B Luxury Raw Silk Embroidered 3 Piece Unstitched Green","1.0000","6150.0000","6150.0000","6150.00000000","completed","paid","27950.0000"
"440","2026-09-19 22:06:51","SALE/POS/2026/09/0375","113","Ashiq hussain ","1","Warehouse 1","23835","CH10-07-U","Baroque Net Embroidered CH10-07","1.0000","7650.0000","7650.0000","7650.00000000","completed","paid","7650.0000"
"441","2026-09-19 23:06:19","SALE/POS/2026/09/0376","115","abidin 1212","1","Warehouse 1","23563","CHRZMA-DJ5-08-U","Charizma - Dastan-E-Jashan - Embroidered Chiffon Unstitched 3 Piece DJ5-08","1.0000","7550.0000","7550.0000","7550.00000000","completed","paid","14000.0000"
"441","2026-09-19 23:06:19","SALE/POS/2026/09/0376","115","abidin 1212","1","Warehouse 1","23572","D-04-ORLA","Alizeh Luxury Embroidered Organza Unstitched 3Pc Suit - D-04 Orla","1.0000","6450.0000","6450.0000","6450.00000000","completed","paid","14000.0000"
"442","2026-09-19 23:13:18","SALE/POS/2026/09/0377","114","Abdul basit ","1","Warehouse 1","24527","CH14-06","Baroque Chantelle CH14-06","1.0000","10000.0000","10000.0000","10000.00000000","completed","paid","10000.0000"
"443","2026-09-19 23:40:54","SALE/POS/2026/09/0378","116","amir raza 23163","1","Warehouse 1","23560","Elaf-MorningDrizzle-U","Elaf - Luxury Lawn Embroidered 3 Piece Unstitched - MORNING DRIZZLE","1.0000","8550.0000","8550.0000","8550.00000000","completed","partial","45350.0000"
"443","2026-09-19 23:40:54","SALE/POS/2026/09/0378","116","amir raza 23163","1","Warehouse 1","23820","MB-D-2409-A-L","Maria.B Luxury Lawn Embroidered 3 Piece Unstitched D-2409-A","1.0000","10550.0000","10550.0000","10550.00000000","completed","partial","45350.0000"
"443","2026-09-19 23:40:54","SALE/POS/2026/09/0378","116","amir raza 23163","1","Warehouse 1","23819","MB-D-2409-A-M","Maria.B Luxury Lawn Embroidered 3 Piece Unstitched D-2409-A","1.0000","10550.0000","10550.0000","10550.00000000","completed","partial","45350.0000"
"443","2026-09-19 23:40:54","SALE/POS/2026/09/0378","116","amir raza 23163","1","Warehouse 1","1117","PA-0008-U","Ethnc Luxury Raw Silk Embroidered Unstitched 3PC Suit-Kaftan PA 0008","2.0000","7850.0000","7850.0000","15700.00000000","completed","partial","45350.0000"
"444","2026-09-19 23:42:41","SALE/POS/2026/09/0379","117","aysha 545","1","Warehouse 1","23838","Denisa-U","Faiza Saqlain Denisa","1.0000","10000.0000","10000.0000","10000.00000000","completed","paid","10000.0000"
"445","2026-09-19 23:52:50","SALE/POS/2026/09/0380","118","norr e haram 11","1","Warehouse 1","24503","AR-EL-03","ELAF LIMELIGHT","1.0000","16200.0000","16200.0000","16200.00000000","completed","paid","26050.0000"
"445","2026-09-19 23:52:50","SALE/POS/2026/09/0380","118","norr e haram 11","1","Warehouse 1","23884","PA-105","Afrozeh Luxury Organza Embroidered 3Pc Unstitched Suit Yale - PA - 105","1.0000","9850.0000","9850.0000","9850.00000000","completed","paid","26050.0000"
"447","2026-09-20 00:05:49","SALE/POS/2026/09/0382","121","sawera","1","Warehouse 1","753","PA-0076","Ethnc Luxury Silk Embroidered 3Pc Unstitched Suit PA 0076","1.0000","8450.0000","8450.0000","8450.00000000","completed","paid","8450.0000"
"448","2026-09-20 00:12:59","SALE/POS/2026/09/0383","120","asad sahitu","1","Warehouse 1","753","PA-0076","Ethnc Luxury Silk Embroidered 3Pc Unstitched Suit PA 0076","1.0000","8250.0000","8250.0000","8250.00000000","completed","paid","39997.3100"
"448","2026-09-20 00:12:59","SALE/POS/2026/09/0383","120","asad sahitu","1","Warehouse 1","554","PA-0057","Maria B Luxury Embroidered Lawn 3Pc Unstitched Suit MPT - 3003 - A PA-0057","1.0000","5750.0000","5750.0000","5750.00000000","completed","paid","39997.3100"
"448","2026-09-20 00:12:59","SALE/POS/2026/09/0383","120","asad sahitu","1","Warehouse 1","23563","CHRZMA-DJ5-08-U","Charizma - Dastan-E-Jashan - Embroidered Chiffon Unstitched 3 Piece DJ5-08","1.0000","7765.0000","7765.0000","7765.00000000","completed","paid","39997.3100"
"448","2026-09-20 00:12:59","SALE/POS/2026/09/0383","120","asad sahitu","1","Warehouse 1","23811","AZE-MAJESTY-L","Azure Luxury Chiffon Embroidered Collection GARNET MAJESTY","1.0000","7750.0000","7750.0000","7750.00000000","completed","paid","39997.3100"
"448","2026-09-20 00:12:59","SALE/POS/2026/09/0383","120","asad sahitu","1","Warehouse 1","23826","FLORAL-FUCHSIA-L","Sardinia - Luxury Lawn Embroidered Unstitched 3 Piece - FLORAL FUCHSIA","1.0000","11550.0000","11550.0000","11550.00000000","completed","paid","39997.3100"
"450","2026-09-20 00:32:09","SALE/POS/2026/09/0385","122","Travor","1","Warehouse 1","23910","A-212-u","Bin Ilyas Luxury Raw Silk Embroidered Hand Emblishment Collection 212-A","1.0000","9850.0000","9850.0000","9850.00000000","completed","paid","20800.0000"
"450","2026-09-20 00:32:09","SALE/POS/2026/09/0385","122","Travor","1","Warehouse 1","24780","MK-ZH-NSB","Mina Kashif - Raw Silk Embroidered 3 Piece Unstitched - Zah e Naseeb","1.0000","10950.0000","10950.0000","10950.00000000","completed","paid","20800.0000"
"451","2026-09-20 01:10:40","SALE/POS/2026/09/0386","123","MR AMMAR","1","Warehouse 1","23523","FS-ARUSA-U","Faiza Saqlain Wedding Festive Luxury Raw Silk Collection ARUSA-05","1.0000","30000.0000","30000.0000","30000.00000000","completed","paid","38950.0000"
"451","2026-09-20 01:10:40","SALE/POS/2026/09/0386","123","MR AMMAR","1","Warehouse 1","23636","AishaImran-White-U","Aisha Imran Luxury Net Embroidered 3Pc Unstitched Suit - White","1.0000","8950.0000","8950.0000","8950.00000000","completed","paid","38950.0000"
"452","2026-09-21 20:39:00","SALE/POS/2026/09/0384","122","Travor","1","Warehouse 1","23832","Pinar-U","Maria.B Pinar","-1.0000","10500.0000","10500.0000","-10500.00000000","returned","paid","-10500.0000"
"453","2026-09-21 20:41:03","SALE/POS/2026/09/0387","122","Travor","1","Warehouse 1","24628","HR-69","Haris Shakeel HR-69 Aisha Afridi","1.0000","10650.0000","10650.0000","10650.00000000","completed","paid","10650.0000"
"454","2026-09-21 21:06:36","SALE/POS/2026/09/0388","124","irza azhar 11","1","Warehouse 1","24780","MK-ZH-NSB","Mina Kashif - Raw Silk Embroidered 3 Piece Unstitched - Zah e Naseeb","1.0000","10950.0000","10950.0000","10950.00000000","completed","paid","10950.0000"
"455","2026-09-21 21:14:00","SALE/POS/2026/09/0381","119","tasleem","1","Warehouse 1","23743","PTA-0026-M","Pehnawa Luxury Lawn PTA-0026-M","-1.0000","6800.0000","6800.0000","-6800.00000000","returned","paid","-6800.0000"
"456","2026-09-21 21:16:48","SALE/POS/2026/09/0389","119","tasleem","1","Warehouse 1","23740","PTA-0024-L","Pehnawa Luxury Lawn PTA-0024-L","1.0000","7280.0000","7280.0000","7280.00000000","completed","paid","7280.0000"
"457","2026-09-21 21:26:06","SALE/POS/2026/09/0390","125","Saba imran ","1","Warehouse 1","23545","PRSHY-MS-06-U","Parishay - MS-06 Luxury Lawn Embroidered 3 Pc Unstitched Monaco","1.0000","6700.0000","6700.0000","6700.00000000","completed","paid","6700.0000"
"458","2026-09-21 22:18:00","SALE/POS/2026/09/0373","111","siya 456","1","Warehouse 1","23894","LSR-NT-U","Lulusar - Namil Top","-1.0000","6550.0000","6550.0000","-6550.00000000","returned","paid","-6550.0000"
"459","2026-09-21 22:20:24","SALE/POS/2026/09/0391","111","siya 456","1","Warehouse 1","24702","AJR-S","AJR Couture Luxury Silk Embroidered Unstitched 3 Piece - Celestia","1.0000","5450.0000","5450.0000","5450.00000000","completed","paid","5450.0000"
"460","2026-09-21 22:23:26","SALE/POS/2026/09/0392","126","muhammad kamil","1","Warehouse 1","24429","26-106-M","Maria B Luxury Embroidered Chiffon 3Pc Unstitched Suit MPC-26-106-Slate Blue","1.0000","14000.0000","14000.0000","14000.00000000","completed","paid","14000.0000"
"461","2026-09-21 22:31:53","SALE/POS/2026/09/0393","126","muhammad kamil","1","Warehouse 1","24704","PA-148-U","Maria.B D-03 Palaichi Shawl Winter Luxury Embroidered Velvet 3Pc Unstitched / Stitched Suit PA-148 - Unstitched / Unstitched","1.0000","12000.0000","12000.0000","12000.00000000","completed","paid","12000.0000"
"462","2026-09-21 22:53:14","SALE/POS/2026/09/0394","127","Govinder","1","Warehouse 1","24520","WF26-02-0","Jazmin Red JZ-WF26-02-0","2.0000","14999.0000","14999.0000","29998.00000000","completed","paid","29998.0000"
"464","2026-09-22 00:23:55","SALE/POS/2026/09/0396","130","Tahir","1","Warehouse 1","23693","PTA-0010-M","Pehnawa Luxury Lawn PTA-0010-M","1.0000","7150.0000","7150.0000","7150.00000000","completed","paid","6864.0000"
"465","2026-09-22 00:28:35","SALE/POS/2026/09/0397","131","kiran jameel","1","Warehouse 1","24660","SD-D-786","Sardinia - Luxury Lawn Embroidered 3 Piece Unstitched - Blue Blossoms","1.0000","8950.0000","8950.0000","8950.00000000","completed","paid","27350.0000"
"465","2026-09-22 00:28:35","SALE/POS/2026/09/0397","131","kiran jameel","1","Warehouse 1","19070","BQ24-10-U","Baroque Embroidered Luxury Lawn 3Pc Suit BQU - D10","1.0000","7450.0000","7450.0000","7450.00000000","completed","paid","27350.0000"
"465","2026-09-22 00:28:35","SALE/POS/2026/09/0397","131","kiran jameel","1","Warehouse 1","23834","MCS-26-108","Maria.B MPC-26-108","1.0000","10950.0000","10950.0000","10950.00000000","completed","paid","27350.0000"
"466","2026-09-22 00:34:30","SALE/POS/2026/09/0398","129","shahida ashraf","1","Warehouse 1","18081","D-2605-A-U","Maria.B Luxury Embroidered Jacquard Lawn Unstitched 3Pc Suit D-2605-A","1.0000","8350.0000","8350.0000","8350.00000000","completed","partial","47184.0000"
"466","2026-09-22 00:34:30","SALE/POS/2026/09/0398","129","shahida ashraf","1","Warehouse 1","19070","BQ24-10-U","Baroque Embroidered Luxury Lawn 3Pc Suit BQU - D10","1.0000","7450.0000","7450.0000","7450.00000000","completed","partial","47184.0000"
"466","2026-09-22 00:34:30","SALE/POS/2026/09/0398","129","shahida ashraf","1","Warehouse 1","23446","ELM-03A-U","Elaf Embroidered Lawn Suit Unstitched 3 Pc ELM- 03 A BAHAR - Summer Collection","1.0000","7850.0000","7850.0000","7850.00000000","completed","partial","47184.0000"
"466","2026-09-22 00:34:30","SALE/POS/2026/09/0398","129","shahida ashraf","1","Warehouse 1","24625","LAMIJA","Faiza Saqlain Lamija","1.0000","9850.0000","9850.0000","9850.00000000","completed","partial","47184.0000"
"466","2026-09-22 00:34:30","SALE/POS/2026/09/0398","129","shahida ashraf","1","Warehouse 1","23705","PTA-0013-M","Pehnawa Luxury Lawn PTA-0013-M","1.0000","8500.0000","8500.0000","8500.00000000","completed","partial","47184.0000"
"466","2026-09-22 00:34:30","SALE/POS/2026/09/0398","129","shahida ashraf","1","Warehouse 1","18109","SQ-02-U","Parishay - SQ-02 - Luxury Lawn Embroidered 3 Piece Unstitched","1.0000","7150.0000","7150.0000","7150.00000000","completed","partial","47184.0000"
"467","2026-09-22 02:02:45","SALE/POS/2026/09/0399","132","Asad ","1","Warehouse 1","23915","Saahil-U","Hussain Rehar Saahil","1.0000","17900.0000","17900.0000","17900.00000000","completed","paid","17900.0000"
"469","2026-09-22 18:35:21","SALE/POS/2026/09/0401","134","m Qasim,16355","1","Warehouse 1","24858","PK-001-M","kaftan neckline green stiched","1.0000","8500.0000","8500.0000","8500.00000000","completed","paid","8500.0000"
"470","2026-09-22 19:45:00","SALE/POS/2026/09/0333","70","RUBINA 1","1","Warehouse 1","23836","MK-ZN-U","Zahe Naseeb - Mina Kashif","-1.0000","10750.0000","10750.0000","-10750.00000000","returned","paid","-10750.0000"
"471","2026-09-22 19:46:42","SALE/POS/2026/09/0402","70","RUBINA 1","1","Warehouse 1","24892","PA-0061","Jazmin Luxury Embroidered Chiffon 3Pc Unstitched Suit UC - 3126","1.0000","7450.0000","7450.0000","7450.00000000","completed","paid","7450.0000"
"472","2026-09-22 22:07:48","SALE/POS/2026/09/0403","135","Shazmeen","1","Warehouse 1","18115","ELM-11-M","Elaf Embroidered Lawn Suit Unstitched 3 Pc ELM-11 Kohinoor -","2.0000","9950.0000","9950.0000","19900.00000000","completed","paid","19900.0000"
"473","2026-09-22 23:20:35","SALE/POS/2026/09/0404","136","shahbaz 123","1","Warehouse 1","24496","AR-N-TND","Nureh Tie-Dye Luxury Printed Lawn Collection Replica","1.0000","14000.0000","14000.0000","14000.00000000","completed","paid","14000.0000"
"474","2026-09-22 23:27:40","SALE/POS/2026/09/0405","137","Asif iqbal","1","Warehouse 1","23910","A-212-u","Bin Ilyas Luxury Raw Silk Embroidered Hand Emblishment Collection 212-A","1.0000","9850.0000","9850.0000","9850.00000000","completed","paid","9850.0000"
"475","2026-09-22 23:31:00","SALE/POS/2026/09/0282","1","Walk-in Customer","1","Warehouse 1","23531","SORAYA-ANNE-U","Soraya ANNE Net Hand Embellished & Embroidered Maxi - J0218","-1.0000","31800.0000","31800.0000","-31800.00000000","returned","paid","-31800.0000"
"476","2026-09-22 23:35:03","SALE/POS/2026/09/0406","138","mrs ashfaq 12","1","Warehouse 1","24632","TANIA","Kanwal Malik Tania 1350","1.0000","26500.0000","26500.0000","26500.00000000","completed","paid","26500.0000"
"477","2026-09-22 23:39:12","SALE/POS/2026/09/0407","139","vishal 121","1","Warehouse 1","24652","MCS-26-108-M","Maria.B MPC-26-108","1.0000","13250.0000","13250.0000","13250.00000000","completed","paid","13250.0000"
"478","2026-09-23 00:44:00","SALE/POS/2026/09/0400","133","asif ali ","1","Warehouse 1","24317","PA-128","Iznik UE-620-B Luxury Embroidered Chiffon 3Pc Unstitched Suit PA-128","-1.0000","6850.0000","6850.0000","-6850.00000000","returned","paid","-6850.0000"
"479","2026-09-23 01:05:00","SALE/POS/2026/09/0332","70","RUBINA 1","1","Warehouse 1","23836","MK-ZN-U","Zahe Naseeb - Mina Kashif","-1.0000","10750.0000","10750.0000","-10750.00000000","returned","paid","-10750.0000"
"480","2026-09-23 01:06:00","SALE/POS/2026/09/0331","70","RUBINA 1","1","Warehouse 1","23836","MK-ZN-U","Zahe Naseeb - Mina Kashif","-2.0000","10750.0000","10750.0000","-21500.00000000","returned","paid","-21500.0000"
"481","2026-09-23 01:11:47","SALE/POS/2026/09/0408","141","Huma 125","1","Warehouse 1","24504","AR-EL-P","ELAF LIMELIGHT PINK","1.0000","19850.0000","19850.0000","19850.00000000","completed","paid","45850.0000"
"481","2026-09-23 01:11:47","SALE/POS/2026/09/0408","141","Huma 125","1","Warehouse 1","24635","SWFW-D1","Fahad Hussayn Heavy Wear SWFW-D1","1.0000","26000.0000","26000.0000","26000.00000000","completed","paid","45850.0000"
"482","2026-09-23 01:14:30","SALE/POS/2026/09/0409","142","m  raza 11","1","Warehouse 1","594","PA-0082","Soraya Luxury Organza Embroidered Unstitched 3PC Suit - SEHR","1.0000","7450.0000","7450.0000","7450.00000000","completed","paid","7450.0000"
"483","2026-09-23 01:25:25","SALE/POS/2026/09/0410","70","RUBINA 1","1","Warehouse 1","24830","p-lc-1907","Iznik Lawn Embroidered & Printed 3 Pc Unstitched Suit UE-544 Formals","1.0000","3950.0000","3950.0000","3950.00000000","completed","paid","31850.0000"
"483","2026-09-23 01:25:25","SALE/POS/2026/09/0410","70","RUBINA 1","1","Warehouse 1","24892","PA-0061","Jazmin Luxury Embroidered Chiffon 3Pc Unstitched Suit UC - 3126","3.0000","7450.0000","7450.0000","22350.00000000","completed","paid","31850.0000"
"483","2026-09-23 01:25:25","SALE/POS/2026/09/0410","70","RUBINA 1","1","Warehouse 1","23875","UF-295-U","Baroque UF-295 - Luxury Chiffon Embroidered 3 Piece Unstitched","1.0000","5550.0000","5550.0000","5550.00000000","completed","paid","31850.0000"
"484","2026-09-23 01:57:56","SALE/POS/2026/09/0411","143","kamran 456","1","Warehouse 1","18041","MPC-26-104-S","Maria B Luxury Embroidered Chiffon 3Pc Unstitched Suit MPC-26-104-Peach Pink","1.0000","14200.0000","14200.0000","14200.00000000","completed","paid","14200.0000"
"485","2026-09-23 18:42:43","SALE/POS/2026/09/0412","145","zUNAIRA","1","Warehouse 1","23647","PA-0066-S","Zara Shahjahan Luxury Embroidered Lawn 3Pc Unstitched/SUtitched Suit RAQSAA PA-0066-S","1.0000","8950.0000","8950.0000","8950.00000000","completed","partial","17640.0000"
"485","2026-09-23 18:42:43","SALE/POS/2026/09/0412","145","zUNAIRA","1","Warehouse 1","23812","ELAF-ELM-05-S","Elaf Premium Embroidered Luxury Lawn Unstitched 3Pc Suit ELM-05 RAMSHA","1.0000","10650.0000","10650.0000","10650.00000000","completed","partial","17640.0000"
"487","2026-09-23 21:37:27","SALE/POS/2026/09/0414","147","MRS SIRAJ 12","1","Warehouse 1","24141","26-106-U","Maria B Luxury Embroidered Chiffon 3Pc Unstitched Suit MPC-26-106-Slate Blue","1.0000","11500.0000","11500.0000","11500.00000000","completed","paid","29900.0000"
"487","2026-09-23 21:37:27","SALE/POS/2026/09/0414","147","MRS SIRAJ 12","1","Warehouse 1","19038","S-02-U","Mahnur - Luxury Lawn Embroidered 3 Piece - S-02","1.0000","7450.0000","7450.0000","7450.00000000","completed","paid","29900.0000"
"487","2026-09-23 21:37:27","SALE/POS/2026/09/0414","147","MRS SIRAJ 12","1","Warehouse 1","23834","MCS-26-108","Maria.B MPC-26-108","1.0000","10950.0000","10950.0000","10950.00000000","completed","paid","29900.0000"
"488","2026-09-23 21:40:56","SALE/POS/2026/09/0415","147","MRS SIRAJ 12","1","Warehouse 1","18081","D-2605-A-U","Maria.B Luxury Embroidered Jacquard Lawn Unstitched 3Pc Suit D-2605-A","1.0000","8350.0000","8350.0000","8350.00000000","completed","paid","14700.0000"
"488","2026-09-23 21:40:56","SALE/POS/2026/09/0415","147","MRS SIRAJ 12","1","Warehouse 1","18097","NEL-26602-U","Zaib - Luxury Lawn Embroidered 3 Piece Unstitched - NEL-26602","1.0000","6350.0000","6350.0000","6350.00000000","completed","paid","14700.0000"
"489","2026-09-23 21:55:40","SALE/POS/2026/09/0416","148","m AHSAN 1221","1","Warehouse 1","23855","MBP-10B-XL","Maria B Mprints Lawn","1.0000","5950.0000","5950.0000","5950.00000000","completed","paid","13100.0000"
"489","2026-09-23 21:55:40","SALE/POS/2026/09/0416","148","m AHSAN 1221","1","Warehouse 1","23745","PTA-0027-L","Pehnawa Luxury Lawn PTA-0027-L","1.0000","7150.0000","7150.0000","7150.00000000","completed","paid","13100.0000"
"490","2026-09-24 00:36:25","SALE/POS/2026/09/0417","149","Imran ","1","Warehouse 1","24504","AR-EL-P","ELAF LIMELIGHT PINK","1.0000","17500.0000","17500.0000","17500.00000000","completed","paid","33000.0000"
"490","2026-09-24 00:36:25","SALE/POS/2026/09/0417","149","Imran ","1","Warehouse 1","1117","PA-0008-U","Ethnc Luxury Raw Silk Embroidered Unstitched 3PC Suit-Kaftan PA 0008","2.0000","7750.0000","7750.0000","15500.00000000","completed","paid","33000.0000"
"491","2026-09-24 00:39:53","SALE/POS/2026/09/0418","149","Imran ","1","Warehouse 1","24325","PA-135-U","Poshkari Ethnc Luxury Silk Embroidered 3Pc Unstitched PA-135","1.0000","7000.0000","7000.0000","7000.00000000","completed","paid","7000.0000"
"492","2026-09-24 18:05:07","SALE/POS/2026/09/0419","150","fatima 11","1","Warehouse 1","525","PA-0032-U","Ethnc Luxury Silk Embroidered 3Pc Unstitched Suit Nainpreet PA-0032","1.0000","7950.0000","7950.0000","7950.00000000","completed","paid","7950.0000"
"493","2026-09-24 20:59:49","SALE/POS/2026/09/0420","151","irfan 2","1","Warehouse 1","18086","EL-2503-S","Maria.B - EL-25-03 - Luxury Lawn Embroidered 3 Piece Unstitched/Stitched","1.0000","9350.0000","9350.0000","9350.00000000","completed","paid","18300.0000"
"493","2026-09-24 20:59:49","SALE/POS/2026/09/0420","151","irfan 2","1","Warehouse 1","23774","PTA-0042-S","PEHNAWA LUXURY CHIFFON MAKXI PTA-0042-S","1.0000","8950.0000","8950.0000","8950.00000000","completed","paid","18300.0000"
"494","2026-09-24 21:37:29","SALE/POS/2026/09/0421","1","Walk-in Customer","1","Warehouse 1","23530","PA-114","AIK Atelier Luxury Embroidered Organza 3Pc Unstitched Suit AIKWED - A2504 PA-114","1.0000","9650.0000","9650.0000","9650.00000000","completed","paid","18786.0000"
"494","2026-09-24 21:37:29","SALE/POS/2026/09/0421","1","Walk-in Customer","1","Warehouse 1","23631","Mahi","Maha Wajahat Net Embroidered Luxury Wedding Festive Unstitched Collection Mahi","1.0000","10550.0000","10550.0000","10550.00000000","completed","paid","18786.0000"
"495","2026-09-24 21:44:32","SALE/POS/2026/09/0422","152","zahid 1","1","Warehouse 1","23907","PA-126-U","Zainab Shamsi Studio Luxury Raw Silk Embroidered 3Pc Unstitched The Ayla Set PA-126","1.0000","6950.0000","6950.0000","6950.00000000","completed","paid","6463.5000"
"496","2026-09-24 21:54:04","SALE/POS/2026/09/0423","152","zahid 1","1","Warehouse 1","23884","PA-105","Afrozeh Luxury Organza Embroidered 3Pc Unstitched Suit Yale - PA - 105","1.0000","9850.0000","9850.0000","9850.00000000","completed","paid","9160.5000"
"497","2026-09-24 22:04:13","SALE/POS/2026/09/0424","152","zahid 1","1","Warehouse 1","24953","po-001-u","Poshkari Luxury Embroidered Lawn 3Pc Unstitched Suit Aizal Black","1.0000","4950.0000","4950.0000","4950.00000000","completed","paid","4455.0000"
"498","2026-09-24 22:40:05","SALE/POS/2026/09/0425","153","adnan","1","Warehouse 1","23769","PTA-0040-M","PEHNAWA LUXURY LAWN PTA-0040-M","1.0000","7200.0000","7200.0000","7200.00000000","completed","paid","7200.0000"
"499","2026-09-25 00:44:27","SALE/POS/2026/09/0426","154","Faisal","1","Warehouse 1","24479","EURU","Hussain Rehar Luxury Organza Handmade Embroidered Unstitched EURU","1.0000","18500.0000","18500.0000","18500.00000000","completed","partial","17575.0000"
"501","2026-09-25 01:18:19","SALE/POS/2026/09/0428","156","Ahmed Ali","1","Warehouse 1","24166","MNR-NZN-U","MOHSIN NAVEED RANJHA BRIDALS NAZNEEN RAW SILK MAXI Unstitched","1.0000","22450.0000","22450.0000","22450.00000000","completed","partial","21103.0000"
"502","2026-09-25 01:37:10","SALE/POS/2026/09/0429","157","areeba quraeshi","1","Warehouse 1","24510","ZWU-31","MNR Shahtaj Blue","2.0000","13800.0000","13800.0000","27600.00000000","completed","partial","27600.0000"
"503","2026-09-25 02:14:06","SALE/POS/2026/09/0430","158","tabeer 11","1","Warehouse 1","24870","PK-005-M","kaftan neckline MEHROON stiched","1.0000","8500.0000","8500.0000","8500.00000000","completed","paid","8500.0000"
"504","2026-09-26 01:30:01","SALE/POS/2026/09/0431","1","Walk-in Customer","1","Warehouse 1","24747","SF-4036","Baroque Luxury Silk Embroidered 3 Piece Unstitched SF-4036","1.0000","11700.0000","11700.0000","11700.00000000","completed","paid","23650.0000"
"504","2026-09-26 01:30:01","SALE/POS/2026/09/0431","1","Walk-in Customer","1","Warehouse 1","23542","BI-D-607-U","Bin Ilyas Wedding Festive Luxury Raw Silk Collection D-607","1.0000","11950.0000","11950.0000","11950.00000000","completed","paid","23650.0000"
"505","2026-09-26 01:56:12","SALE/POS/2026/09/0432","160","Sofia","1","Warehouse 1","24399","PA-140","Saira Shakira - Azure Luxury Silk Embroidered Unstitched 3PC Suit PA-140","1.0000","9250.0000","9250.0000","9250.00000000","completed","paid","16400.0000"
"505","2026-09-26 01:56:12","SALE/POS/2026/09/0432","160","Sofia","1","Warehouse 1","18121","D-2407-U","Maria.B Luxury Lawn Embroidred Collection 3 Pc Unstitched","1.0000","7150.0000","7150.0000","7150.00000000","completed","paid","16400.0000"
"506","2026-09-26 02:01:34","SALE/POS/2026/09/0433","160","Sofia","1","Warehouse 1","23858","A-GARNELLE-U","Azure Luxury Embroidered Chiffon Unstitched 3Pc Suit Garnelle","1.0000","5500.0000","5500.0000","5500.00000000","completed","paid","5500.0000"
"507","2026-09-26 02:06:01","SALE/POS/2026/09/0434","161","Dania","1","Warehouse 1","24754","PA-0097","Sitara Luxury Chiffon Embroidered 3Pc Unstitched Sari PA 0097","1.0000","6750.0000","6750.0000","6750.00000000","completed","paid","6750.0000"
"508","2026-09-26 02:29:26","SALE/POS/2026/09/0435","160","Sofia","1","Warehouse 1","23417","WL-1306-L","Maria.B Winter Luxe Embroidered Velvet Unstitched 3Pc Suit D-06 With Palaichi Shawl","1.0000","17800.0000","17800.0000","17800.00000000","completed","partial","28469.0000"
"508","2026-09-26 02:29:26","SALE/POS/2026/09/0435","160","Sofia","1","Warehouse 1","23537","IZNIK-IV-51-U","Iznik Luxury 9000 Micro Velvet Embroidered Suits Unstitched IV-51","1.0000","11250.0000","11250.0000","11250.00000000","completed","partial","28469.0000"
"509","2026-09-26 02:33:08","SALE/POS/2026/09/0436","160","Sofia","1","Warehouse 1","23832","Pinar-U","Maria.B Pinar","1.0000","9870.0000","9870.0000","9870.00000000","completed","paid","30973.0000"
"509","2026-09-26 02:33:08","SALE/POS/2026/09/0436","160","Sofia","1","Warehouse 1","24166","MNR-NZN-U","MOHSIN NAVEED RANJHA BRIDALS NAZNEEN RAW SILK MAXI Unstitched","1.0000","21103.0000","21103.0000","21103.00000000","completed","paid","30973.0000"
"510","2026-09-26 02:51:14","SALE/POS/2026/09/0437","163","humma 112","1","Warehouse 1","24783","ans-z-u","ANEELAS Luxury Embroidered Silk Unstitched 3PC Suit-Zinia","1.0000","9200.0000","9200.0000","9200.00000000","completed","paid","16850.0000"
"510","2026-09-26 02:51:14","SALE/POS/2026/09/0437","163","humma 112","1","Warehouse 1","23563","CHRZMA-DJ5-08-U","Charizma - Dastan-E-Jashan - Embroidered Chiffon Unstitched 3 Piece DJ5-08","1.0000","7650.0000","7650.0000","7650.00000000","completed","paid","16850.0000"
"511","2026-09-26 03:02:51","SALE/POS/2026/09/0438","164","alieesha 11","1","Warehouse 1","24176","AZR-TEAL","Azure Luxury Chiffon Embroidered 3Pc Unstitched Suit - Majestic Teal","1.0000","6750.0000","6750.0000","6750.00000000","completed","paid","28350.0000"
"511","2026-09-26 03:02:51","SALE/POS/2026/09/0438","164","alieesha 11","1","Warehouse 1","23563","CHRZMA-DJ5-08-U","Charizma - Dastan-E-Jashan - Embroidered Chiffon Unstitched 3 Piece DJ5-08","1.0000","7650.0000","7650.0000","7650.00000000","completed","paid","28350.0000"
"511","2026-09-26 03:02:51","SALE/POS/2026/09/0438","164","alieesha 11","1","Warehouse 1","24652","MCS-26-108-M","Maria.B MPC-26-108","1.0000","13950.0000","13950.0000","13950.00000000","completed","paid","28350.0000"
"512","2026-09-26 03:25:53","SALE/POS/2026/09/0439","165","Soma","1","Warehouse 1","24176","AZR-TEAL","Azure Luxury Chiffon Embroidered 3Pc Unstitched Suit - Majestic Teal","1.0000","6500.0000","6500.0000","6500.00000000","completed","paid","16500.0000"
"512","2026-09-26 03:25:53","SALE/POS/2026/09/0439","165","Soma","1","Warehouse 1","23838","Denisa-U","Faiza Saqlain Denisa","1.0000","10000.0000","10000.0000","10000.00000000","completed","paid","16500.0000"
"513","2026-09-26 04:10:26","SALE/POS/2026/09/0440","166","Mrs Adil","1","Warehouse 1","24334","HS-D-654","Haris Shakeel Luxury Raw Silk Hand Emblishment Collection Mehru","1.0000","23800.0000","23800.0000","23800.00000000","completed","paid","23800.0000"
"514","2026-09-26 04:30:50","SALE/POS/2026/09/0441","167","Sahira Kamran","1","Warehouse 1","24747","SF-4036","Baroque Luxury Silk Embroidered 3 Piece Unstitched SF-4036","1.0000","11700.0000","11700.0000","11700.00000000","completed","paid","30000.0000"
"514","2026-09-26 04:30:50","SALE/POS/2026/09/0441","167","Sahira Kamran","1","Warehouse 1","24728","PA-149","Haris Shakeel (black )Aisha afridi Luxury Chiffon Embroidered 3Pc Unstitched PA-149","1.0000","10650.0000","10650.0000","10650.00000000","completed","paid","30000.0000"
"514","2026-09-26 04:30:50","SALE/POS/2026/09/0441","167","Sahira Kamran","1","Warehouse 1","23563","CHRZMA-DJ5-08-U","Charizma - Dastan-E-Jashan - Embroidered Chiffon Unstitched 3 Piece DJ5-08","1.0000","7650.0000","7650.0000","7650.00000000","completed","paid","30000.0000"
"515","2026-09-26 04:45:08","SALE/POS/2026/09/0442","168","Kashan","1","Warehouse 1","604","PA-0088","Laj by Lajwanti Luxury Chiffon Embroidered 3Pc Unstitched Suit Gulnaz","1.0000","11850.0000","11850.0000","11850.00000000","completed","paid","11850.0000"
"516","2026-09-26 04:58:29","SALE/POS/2026/09/0443","171","Fiza","1","Warehouse 1","23521","MB-SF-PF25-06-U","Maria.B Luxury Bamber Raw Silk 3 Pc Unstitched Collection SF-PF25-06","1.0000","19800.0000","19800.0000","19800.00000000","completed","paid","19800.0000"
"517","2026-09-26 05:36:21","SALE/POS/2026/09/0444","172","inam ur rehman ","1","Warehouse 1","19052","D-582-M","Batik Luxury lawn Embroidered Collection Maroon","1.0000","9350.0000","9350.0000","9350.00000000","completed","paid","21015.0000"
"517","2026-09-26 05:36:21","SALE/POS/2026/09/0444","172","inam ur rehman ","1","Warehouse 1","23782","PTA-0045-L","PEHNAWA LUXURY LAWN PTA-0045-L","1.0000","7550.0000","7550.0000","7550.00000000","completed","paid","21015.0000"
"517","2026-09-26 05:36:21","SALE/POS/2026/09/0444","172","inam ur rehman ","1","Warehouse 1","20376","CRWP-2B-U","Crimson Luxury Lawn Embroidered Unstitched Suits Marori Tales - CRWP 2B","1.0000","6450.0000","6450.0000","6450.00000000","completed","paid","21015.0000"
"518","2026-09-26 05:39:35","SALE/POS/2026/09/0445","173","tanisha","1","Warehouse 1","24884","PK-0010-M","kaftan 2tone sea green stiched","1.0000","6300.8700","6300.8700","6300.87000000","completed","paid","6300.8700"
"519","2026-09-26 06:23:56","SALE/POS/2026/09/0446","174","misbah 11","1","Warehouse 1","24797","PA-B15","Republic Womenswear Fairoz Demi – Couture – B15 – Bridal Collection","1.0000","32500.0000","32500.0000","32500.00000000","completed","paid","32500.0000"
"520","2026-09-26 07:01:34","SALE/POS/2026/09/0447","175","Dua Zehra","1","Warehouse 1","24695","MM-024","Mahnur MM-024","1.0000","7150.0000","7150.0000","7150.00000000","completed","paid","20150.0000"
"520","2026-09-26 07:01:34","SALE/POS/2026/09/0447","175","Dua Zehra","1","Warehouse 1","23590","ZS-RAQSAA-U","Zara Shahjahan Luxury Embroidered Lawn 3Pc Unstitched/Stitched Suit RAQSAA","1.0000","7350.0000","7350.0000","7350.00000000","completed","paid","20150.0000"
"520","2026-09-26 07:01:34","SALE/POS/2026/09/0447","175","Dua Zehra","1","Warehouse 1","23858","A-GARNELLE-U","Azure Luxury Embroidered Chiffon Unstitched 3Pc Suit Garnelle","1.0000","5650.0000","5650.0000","5650.00000000","completed","paid","20150.0000"
"521","2026-09-26 07:10:25","SALE/POS/2026/09/0448","176","Azeem","1","Warehouse 1","18082","D-2605-A-S","Maria.B Luxury Embroidered Jacquard Lawn Unstitched 3Pc Suit D-2605-A","1.0000","10050.0000","10050.0000","10050.00000000","completed","paid","9547.5000"
"522","2026-09-26 07:52:21","SALE/POS/2026/09/0449","178","Shabana 22","1","Warehouse 1","23549","AZE-MAJESTY-U","Azure Luxury Chiffon Embroidered Collection GARNET MAJESTY","1.0000","5500.0000","5500.0000","5500.00000000","completed","paid","5500.0000"
"523","2026-09-26 23:58:33","SALE/POS/2026/09/0450","179","Jessica","1","Warehouse 1","23490","SRYA-DAHLIA-U","Soraya – Couture Dahlia Unstitched 3 Pieces Bridal Wedding Couture","1.0000","16790.0000","16790.0000","16790.00000000","completed","paid","16790.0000"
"524","2026-09-27 00:20:17","SALE/POS/2026/09/0451","180","Shahrukh","1","Warehouse 1","23737","PTA-0023-M","Pehnawa Luxury Lawn PTA-0023-M","1.0000","6750.0000","6750.0000","6750.00000000","completed","paid","6750.0000"
"525","2026-09-27 00:32:32","SALE/POS/2026/09/0452","181","Ahmed","1","Warehouse 1","24325","PA-135-U","Poshkari Ethnc Luxury Silk Embroidered 3Pc Unstitched PA-135","1.0000","7650.0000","7650.0000","7650.00000000","completed","paid","7267.5000"
"527","2026-09-27 00:40:00","SALE/POS/2026/09/0453","181","Ahmed","1","Warehouse 1","24325","PA-135-U","Poshkari Ethnc Luxury Silk Embroidered 3Pc Unstitched PA-135","-1.0000","7650.0000","7650.0000","-7650.00000000","returned","paid","-7650.0000"
"528","2026-09-27 01:51:33","SALE/POS/2026/09/0454","182","Mehreen Raza","1","Warehouse 1","25004","BF-385-L","LUXURY SILK  MEHROON SEQUANCE NECK","1.0000","7000.0000","7000.0000","7000.00000000","completed","paid","15000.0000"
"528","2026-09-27 01:51:33","SALE/POS/2026/09/0454","182","Mehreen Raza","1","Warehouse 1","24984","PL-385Z-S","LUXURY SILK ZINC PALNE GALA","1.0000","8000.0000","8000.0000","8000.00000000","completed","paid","15000.0000"
"529","2026-09-27 02:10:39","SALE/POS/2026/09/0455","183","Majid","1","Warehouse 1","545","PA-0049-U","Republic Womenswear Luxury Net Embroidered 3Pc Unstitched Suit E - 52 PA-0049-U","1.0000","29500.0000","29500.0000","29500.00000000","completed","partial","47000.0000"
"529","2026-09-27 02:10:39","SALE/POS/2026/09/0455","183","Majid","1","Warehouse 1","24634","MC-06","Maria.B Couture Seliora MC-06","1.0000","17500.0000","17500.0000","17500.00000000","completed","partial","47000.0000"
"530","2026-09-27 02:19:05","SALE/POS/2026/09/0456","185","Khadim Hussain","1","Warehouse 1","24747","SF-4036","Baroque Luxury Silk Embroidered 3 Piece Unstitched SF-4036","1.0000","11700.0000","11700.0000","11700.00000000","completed","paid","11115.0000"
"531","2026-09-27 02:41:06","SALE/POS/2026/09/0457","185","Khadim Hussain","1","Warehouse 1","24625","LAMIJA","Faiza Saqlain Lamija","1.0000","9357.5000","9357.5000","9357.50000000","completed","paid","9357.5000"
"532","2026-09-27 03:24:57","SALE/POS/2026/09/0458","185","Khadim Hussain","1","Warehouse 1","23454","BD-3006-U","Maria.B Luxury Pure Chiffon Embroidered Unstitched 3 Piece - BD-3005 Baby Pink","1.0000","16500.0000","16500.0000","16500.00000000","completed","paid","16500.0000"
"533","2026-09-27 03:54:33","SALE/POS/2026/09/0459","128","Waqar manzoor 12415","1","Warehouse 1","23421","FP-16-U","Qalamkar Luxury Lawn Embroidered Unstitched 3 Piece Sahil Kinare -FP-16-Kira new","1.0000","8650.0000","8650.0000","8650.00000000","completed","paid","8650.0000"
"534","2026-09-27 03:57:13","SALE/POS/2026/09/0460","128","Waqar manzoor 12415","1","Warehouse 1","24321","PA-122-U","Poshkari Luxury Silk Embroidered 3Pc Unstitched Suit Ethnc PA-122","1.0000","8950.0000","8950.0000","8950.00000000","completed","paid","8950.0000"
"535","2026-09-27 04:13:26","SALE/POS/2026/09/0461","1","Walk-in Customer","1","Warehouse 1","24983","PL-385Z-M","LUXURY SILK ZINC PALNE GALA","1.0000","8390.0000","8390.0000","8390.00000000","completed","paid","8390.0000"
"536","2026-09-27 04:19:00","SALE/POS/2026/09/0395","128","Waqar manzoor 12415","1","Warehouse 1","525","PA-0032-U","Ethnc Luxury Silk Embroidered 3Pc Unstitched Suit Nainpreet PA-0032","-1.0000","7800.0000","7800.0000","-7800.00000000","returned","paid","-7800.0000"
"537","2026-09-27 04:45:42","SALE/POS/2026/09/0462","186","rabia saeed10","1","Warehouse 1","25003","BF-385-M","LUXURY SILK  MEHROON SEQUANCE NECK","1.0000","7000.0000","7000.0000","7000.00000000","completed","paid","7000.0000"
"538","2026-09-27 05:01:57","SALE/POS/2026/09/0463","187","hafiz adnan","1","Warehouse 1","25015","BF-482P-L","LUXURY SILK  PISTA FULLY EMB ALL OVER","1.0000","7000.0000","7000.0000","7000.00000000","completed","paid","7000.0000"
"539","2026-09-27 05:23:39","SALE/POS/2026/09/0464","188","iqra ","1","Warehouse 1","25002","BF-385-S","LUXURY SILK  MEHROON SEQUANCE NECK","1.0000","6300.0000","6300.0000","6300.00000000","completed","paid","6300.0000"
"540","2026-09-27 05:36:49","SALE/POS/2026/09/0465","189","SADAN ALI 11","1","Warehouse 1","23429","UE-321-U","Iznik Luxury Chiffon Embroidered Collection Unstitched UE-321","1.0000","8150.0000","8150.0000","8150.00000000","completed","paid","8150.0000"
"541","2026-09-27 05:38:11","SALE/POS/2026/09/0466","190","UMME AMMARA","1","Warehouse 1","18073","DS-291-U","Sardinia - Luxury Lawn Embroidered 3 Piece Unstitched - SUMMER SAGE","1.0000","9600.0000","9600.0000","9600.00000000","completed","paid","9600.0000"
"542","2026-09-27 05:55:33","SALE/POS/2026/09/0467","191","MUHAMMAD SAEED 11","1","Warehouse 1","24856","PK-001-L","kaftan neckline green stiched","1.0000","8500.0000","8500.0000","8500.00000000","completed","paid","21526.0000"
"542","2026-09-27 05:55:33","SALE/POS/2026/09/0467","191","MUHAMMAD SAEED 11","1","Warehouse 1","23413","26-107-L","Maria.B Embroidered Luxury Chiffon 3Pc Suit MPC-26-107","1.0000","14400.0000","14400.0000","14400.00000000","completed","paid","21526.0000"
"543","2026-09-27 06:11:23","SALE/POS/2026/09/0468","192","ARSALAN ","1","Warehouse 1","24747","SF-4036","Baroque Luxury Silk Embroidered 3 Piece Unstitched SF-4036","1.0000","10998.0000","10998.0000","10998.00000000","completed","paid","10998.0000"
"545","2026-09-27 08:06:32","SALE/POS/2026/09/0470","194","HUSSAIN 11","1","Warehouse 1","24880","PK-009-M","kaftan FLOWER Black stiched","1.0000","7400.0000","7400.0000","7400.00000000","completed","paid","7400.0000"
"546","2026-09-29 00:56:36","SALE/POS/2026/09/0471","195","Haroon","1","Warehouse 1","18073","DS-291-U","Sardinia - Luxury Lawn Embroidered 3 Piece Unstitched - SUMMER SAGE","1.0000","9600.0000","9600.0000","9600.00000000","completed","paid","9600.0000"
"547","2026-09-29 01:16:26","SALE/POS/2026/09/0472","196","Arif","1","Warehouse 1","24985","PL-385F-L","LUXURY SILK FALSA PALNE GALA","1.0000","7500.0000","7500.0000","7500.00000000","completed","paid","7500.0000"
"548","2026-09-29 01:26:27","SALE/POS/2026/09/0473","197","Mrs Mubeen","1","Warehouse 1","23543","MB-GREEN-U","Maria.B Luxury Raw Silk Embroidered 3 Piece Unstitched Green","1.0000","6150.0000","6150.0000","6150.00000000","completed","paid","5842.5000"
"549","2026-09-29 01:43:51","SALE/POS/2026/09/0474","198","Aslam","1","Warehouse 1","24883","PK-0010-L","kaftan 2tone sea green stiched","1.0000","6950.0000","6950.0000","6950.00000000","completed","paid","6950.0000"
"550","2026-09-29 02:38:49","SALE/POS/2026/09/0475","199","Javed","1","Warehouse 1","24995","PL-406-S","LUXURY SILK GREY FLOWER NECK","1.0000","7400.0000","7400.0000","7400.00000000","completed","paid","7400.0000"
"551","2026-09-29 03:30:00","SALE/POS/2026/09/0469","193","ZIA 11","1","Warehouse 1","23802","PTA-0053-L","Pehnawa Luxury Raw Silk PTA-0053-L","-1.0000","16500.0000","16500.0000","-16500.00000000","returned","paid","-16500.0000"
"552","2026-09-29 03:31:25","SALE/POS/2026/09/0476","193","ZIA 11","1","Warehouse 1","18036","EC-135-U","Hussain Rehar Raw Silk Unstitched Collection LUCENT EC 135 Formal Raw Silk","1.0000","8950.0000","8950.0000","8950.00000000","completed","paid","8950.0000"
"553","2026-09-29 04:13:09","SALE/POS/2026/09/0477","201","Gaytri","1","Warehouse 1","24141","26-106-U","Maria B Luxury Embroidered Chiffon 3Pc Unstitched Suit MPC-26-106-Slate Blue","1.0000","11500.0000","11500.0000","11500.00000000","completed","paid","20940.0000"
"553","2026-09-29 04:13:09","SALE/POS/2026/09/0477","201","Gaytri","1","Warehouse 1","23672","PTA-0005-S","Pehnawa Luxury Lawn PTA-0005-S","1.0000","9440.0000","9440.0000","9440.00000000","completed","paid","20940.0000"
"554","2026-09-29 04:21:25","SALE/POS/2026/09/0478","202","Uzma Hashmi","1","Warehouse 1","24527","CH14-06","Baroque Chantelle CH14-06","1.0000","11500.0000","11500.0000","11500.00000000","completed","paid","11500.0000"
"555","2026-09-29 04:26:00","SALE/POS/2026/09/0427","155","Barkat Ali","1","Warehouse 1","23543","MB-GREEN-U","Maria.B Luxury Raw Silk Embroidered 3 Piece Unstitched Green","-1.0000","6145.0000","6145.0000","-6145.00000000","returned","partial","-6145.0000"
"556","2026-09-29 04:40:04","SALE/POS/2026/09/0479","155","Barkat Ali","1","Warehouse 1","23564","MB-EL-26-08-U","Maria B Luxury Embroidered Lawn 3Pc Unstitched Suit-EL-26-08","1.0000","8350.0000","8350.0000","8350.00000000","completed","paid","8350.0000"
"557","2026-09-29 05:30:06","SALE/POS/2026/09/0480","203","Sheikh Mohd Yousuf","1","Warehouse 1","23816","PRSHY-MS-06-M","Parishay - MS-06 Luxury Lawn Embroidered 3 Pc Unstitched Monaco","1.0000","8200.0000","8200.0000","8200.00000000","completed","paid","8200.0000"
"558","2026-09-29 06:30:55","SALE/POS/2026/09/0481","203","Sheikh Mohd Yousuf","1","Warehouse 1","24628","HR-69","Haris Shakeel HR-69 Aisha Afridi","1.0000","10650.0000","10650.0000","10650.00000000","completed","paid","25150.0000"
"558","2026-09-29 06:30:55","SALE/POS/2026/09/0481","203","Sheikh Mohd Yousuf","1","Warehouse 1","24631","W26-07","Ayesha Imran Collection W26-07","1.0000","14500.0000","14500.0000","14500.00000000","completed","paid","25150.0000"
"559","2026-09-29 06:48:27","SALE/POS/2026/09/0482","204","0","1","Warehouse 1","23653","PA-0065-L","Cross Stitch Luxury Embroidered Lawn Stitched 3Pc Suit AMBER MIST - PA-0065-L","1.0000","9025.0000","9025.0000","9025.00000000","completed","paid","9025.0000"
"560","2026-09-29 06:51:42","SALE/POS/2026/09/0483","204","0","1","Warehouse 1","525","PA-0032-U","Ethnc Luxury Silk Embroidered 3Pc Unstitched Suit Nainpreet PA-0032","1.0000","7552.5000","7552.5000","7552.50000000","completed","paid","15002.5000"
"560","2026-09-29 06:51:42","SALE/POS/2026/09/0483","204","0","1","Warehouse 1","19038","S-02-U","Mahnur - Luxury Lawn Embroidered 3 Piece - S-02","1.0000","7450.0000","7450.0000","7450.00000000","completed","paid","15002.5000"
"561","2026-09-29 07:55:07","SALE/POS/2026/09/0484","1","Walk-in Customer","1","Warehouse 1","18075","DS-291-M","Sardinia - Luxury Lawn Embroidered 3 Piece Unstitched - SUMMER SAGE","1.0000","11300.0000","11300.0000","11300.00000000","completed","paid","19250.0000"
"561","2026-09-29 07:55:07","SALE/POS/2026/09/0484","1","Walk-in Customer","1","Warehouse 1","23729","PTA-0020-M","Pehnawa Luxury Lawn PTA-0020-M","1.0000","7950.0000","7950.0000","7950.00000000","completed","paid","19250.0000"
"562","2026-09-30 02:33:18","SALE/POS/2026/09/0485","205","ADEEL 11","1","Warehouse 1","24164","MIRABELLE-U","Mushq Luxury Net Embroidered Hand Emblishment Collection Mirabelle","1.0000","23275.0000","23275.0000","23275.00000000","completed","paid","23275.0000"
"563","2026-09-30 02:44:52","SALE/POS/2026/09/0486","206","MAIRA KHAN 11","1","Warehouse 1","18079","001-M","FZ Luxury Lawn Embroidered Jehona 0001","1.0000","12650.0000","12650.0000","12650.00000000","completed","paid","12650.0000"
"564","2026-09-30 03:05:40","SALE/POS/2026/09/0487","146","SHAZIA 151","1","Warehouse 1","24137","DL-1201-L","Maria.B Luxury Velvet 3 Piece Unstitched Embroidered Palachi Suit DL-1201","1.0000","16250.0000","16250.0000","16250.00000000","completed","paid","16250.0000"
"565","2026-09-30 03:09:44","SALE/POS/2026/09/0488","207","Shahrukh","1","Warehouse 1","24514","RWRD2","REPUBLIC LILIANNE D2","1.0000","12000.0000","12000.0000","12000.00000000","completed","paid","12000.0000"
"566","2026-09-30 03:53:40","SALE/POS/2026/09/0489","208","Mrs Shazhzad","1","Warehouse 1","24660","SD-D-786","Sardinia - Luxury Lawn Embroidered 3 Piece Unstitched - Blue Blossoms","1.0000","7700.0000","7700.0000","7700.00000000","completed","paid","7700.0000"
"567","2026-09-30 04:08:03","SALE/POS/2026/09/0490","209","Mrs Daniyal","1","Warehouse 1","24869","PK-005-L","kaftan neckline MEHROON stiched","1.0000","8500.0000","8500.0000","8500.00000000","completed","paid","8500.0000"
"568","2026-09-30 04:26:29","SALE/POS/2026/09/0491","210","mehar nasir 11","1","Warehouse 1","23564","MB-EL-26-08-U","Maria B Luxury Embroidered Lawn 3Pc Unstitched Suit-EL-26-08","1.0000","7500.0000","7500.0000","7500.00000000","completed","paid","7500.0000"
"569","2026-09-30 04:36:03","SALE/POS/2026/09/0492","211","M hanif 111","1","Warehouse 1","23903","SM-01-U","Aneelas Wedding Velvet Embroidered Unstitched Collection SM-01","1.0000","8950.0000","8950.0000","8950.00000000","completed","paid","8950.0000"
"570","2026-09-30 05:10:59","SALE/POS/2026/09/0493","212","barkat 11","1","Warehouse 1","19049","SB-05-L","Qalamkar Luxury Lawn  Embroidered 3Pc Suit SB-05 Aleeza","1.0000","8150.0000","8150.0000","8150.00000000","completed","paid","7742.5000"
"571","2026-09-30 06:12:34","SALE/POS/2026/09/0494","213","Jaweria","1","Warehouse 1","25054","pa-165","Haris shakeel Luxury Sheesha Silk Embroidered 3Pc Unstitched Suit PA-165","1.0000","10850.0000","10850.0000","10850.00000000","completed","paid","26350.0000"
"571","2026-09-30 06:12:34","SALE/POS/2026/09/0494","213","Jaweria","1","Warehouse 1","23489","SRYA-ISOLDE-U","Soraya Isolde Luxury","1.0000","15500.0000","15500.0000","15500.00000000","completed","paid","26350.0000"
"572","2026-09-30 06:28:17","SALE/POS/2026/09/0495","214","Danish","1","Warehouse 1","25039","CH12-D08","3-piece embroidered chiffon formal outfit from Baroque's Chantelle Vol. 14 collection","1.0000","10300.0000","10300.0000","10300.00000000","completed","paid","10300.0000"
"573","2026-09-30 08:01:00","SALE/POS/2026/09/0413","146","SHAZIA 151","1","Warehouse 1","18083","D-2605-A-M","Maria.B Luxury Embroidered Jacquard Lawn Unstitched 3Pc Suit D-2605-A","-1.0000","9850.0000","9850.0000","-9850.00000000","returned","paid","-9850.0000"
"574","2026-10-01 01:04:40","SALE/POS/2026/09/0496","215","DUA 11","1","Warehouse 1","23633","Intezar","Jade X Hania Amir - Luxury Lawn Embroidered 3 Piece Unstitched - Intezar","1.0000","6317.5000","6317.5000","6317.50000000","completed","paid","6317.5000"
"575","2026-10-01 01:52:02","SALE/POS/2026/09/0497","216","MIS ZEENAT 11","1","Warehouse 1","23962","PK-GULNAAR-M","Summer Kaftan - Gulnaar","1.0000","4950.0000","4950.0000","4950.00000000","completed","paid","4950.0000"
"576","2026-10-01 01:54:50","SALE/POS/2026/09/0498","217","TARAB 11","1","Warehouse 1","24636","GULINAR","Faiza Saqlain Gulinar","1.0000","15500.0000","15500.0000","15500.00000000","completed","paid","15500.0000"
"577","2026-10-01 02:38:20","SALE/POS/2026/09/0499","218","RAYYAN 11","1","Warehouse 1","24986","PL-385F-M","LUXURY SILK FALSA PALNE GALA","1.0000","8390.0000","8390.0000","8390.00000000","completed","paid","7718.8000"
"578","2026-10-01 02:45:35","SALE/POS/2026/09/0500","219","PRO AFROZA 11","1","Warehouse 1","18038","ENC-OW-01-M","Ethnc Luxury Raw Silk HAnd Made Collection Ethnc - Off White - ENC-OW-01","1.0000","11050.0000","11050.0000","11050.00000000","completed","paid","27000.0000"
"578","2026-10-01 02:45:35","SALE/POS/2026/09/0500","219","PRO AFROZA 11","1","Warehouse 1","23813","ELAF-ELM-05-M","Elaf Premium Embroidered Luxury Lawn Unstitched 3Pc Suit ELM-05 RAMSHA","1.0000","10650.0000","10650.0000","10650.00000000","completed","paid","27000.0000"
"578","2026-10-01 02:45:35","SALE/POS/2026/09/0500","219","PRO AFROZA 11","1","Warehouse 1","23736","PTA-0022-L","Pehnawa Luxury Lawn PTA-0022-L","1.0000","6950.0000","6950.0000","6950.00000000","completed","paid","27000.0000"
"580","2026-10-01 03:13:13","SALE/POS/2026/09/0502","221","SHIREEN REHMAN ","1","Warehouse 1","23749","PTA-0029-L","Pehnawa Luxury Lawn PTA-0029-L","1.0000","9150.0000","9150.0000","9150.00000000","completed","paid","9000.0000"
"581","2026-10-01 03:18:08","SALE/POS/2026/09/0503","219","PRO AFROZA 11","1","Warehouse 1","24176","AZR-TEAL","Azure Luxury Chiffon Embroidered 3Pc Unstitched Suit - Majestic Teal","2.0000","6750.0000","6750.0000","13500.00000000","completed","paid","22000.0000"
"581","2026-10-01 03:18:08","SALE/POS/2026/09/0503","219","PRO AFROZA 11","1","Warehouse 1","18104","D-2511-A-L","Maria.B - Luxury Lawn Embroidered 3 Piece Unstitched - D-2511-A","1.0000","8750.0000","8750.0000","8750.00000000","completed","paid","22000.0000"
"582","2026-10-01 03:20:11","SALE/POS/2026/09/0504","222","SYEDA LAIBA 11","1","Warehouse 1","24165","FS-ASF-U","Faiza Saqlain Luxury Chiffon Embroidered 3Pc Unstitched Suit - Asfoureh - PA 0087","1.0000","10500.0000","10500.0000","10500.00000000","completed","paid","10500.0000"
"583","2026-10-01 03:28:12","SALE/POS/2026/09/0505","223","RUSSAL ","1","Warehouse 1","24321","PA-122-U","Poshkari Luxury Silk Embroidered 3Pc Unstitched Suit Ethnc PA-122","1.0000","8950.0000","8950.0000","8950.00000000","completed","paid","20950.0000"
"583","2026-10-01 03:28:12","SALE/POS/2026/09/0505","223","RUSSAL ","1","Warehouse 1","23858","A-GARNELLE-U","Azure Luxury Embroidered Chiffon Unstitched 3Pc Suit Garnelle","1.0000","5650.0000","5650.0000","5650.00000000","completed","paid","20950.0000"
"583","2026-10-01 03:28:12","SALE/POS/2026/09/0505","223","RUSSAL ","1","Warehouse 1","23549","AZE-MAJESTY-U","Azure Luxury Chiffon Embroidered Collection GARNET MAJESTY","1.0000","6350.0000","6350.0000","6350.00000000","completed","paid","20950.0000"
"584","2026-10-01 04:52:36","SALE/POS/2026/09/0506","224","OSAMA AZIZ ","1","Warehouse 1","24628","HR-69","Haris Shakeel HR-69 Aisha Afridi","1.0000","10650.0000","10650.0000","10650.00000000","completed","paid","10650.0000"
"585","2026-10-01 04:58:07","SALE/POS/2026/09/0507","225","MRS NAYAR 11","1","Warehouse 1","18068","D-13-U","Rang Rasiya Premium Embroidered Lawn Unstitched 3Pc Suit D-13 ALAYA","1.0000","7250.0000","7250.0000","7250.00000000","completed","paid","6500.0000"
"586","2026-10-01 05:14:32","SALE/POS/2026/09/0508","226","Warda Kanwal","1","Warehouse 1","23645","PA-123-M","Poshkari Luxury Embroidered Raw Silk 3Pc Stitched Suit PA-123 - Stitched / M","1.0000","15000.0000","15000.0000","15000.00000000","completed","paid","15000.0000"
"587","2026-10-01 05:16:56","SALE/POS/2026/09/0509","227","Faiza ","1","Warehouse 1","24885","PK-0011-M","kaftan 2tone Mehroon stiched","1.0000","6500.0000","6500.0000","6500.00000000","completed","paid","6500.0000"
"588","2026-10-01 06:14:17","SALE/POS/2026/09/0510","228","zainab ansari","1","Warehouse 1","24317","PA-128","Iznik UE-620-B Luxury Embroidered Chiffon 3Pc Unstitched Suit PA-128","1.0000","6850.0000","6850.0000","6850.00000000","completed","paid","6850.0000"
"589","2026-10-01 07:21:47","SALE/POS/2026/09/0511","1","Walk-in Customer","1","Warehouse 1","25054","pa-165","Haris shakeel Luxury Sheesha Silk Embroidered 3Pc Unstitched Suit PA-165","1.0000","10850.0000","10850.0000","10850.00000000","completed","paid","10850.0000"
"590","2026-10-02 01:23:00","SALE/POS/2026/10/0512","1","Walk-in Customer","1","Warehouse 1","18105","D-2605-B-U","Maria.B Luxury Embroidered Jacquard Lawn Unstitched 3Pc Suit D-2605-B","1.0000","8350.0000","8350.0000","8350.00000000","completed","paid","7300.0000"
"591","2026-10-02 01:57:11","SALE/POS/2026/10/0513","231","danish 11","1","Warehouse 1","23861","PA-103-U","Zona Shaham Luxury Embroidered Raw Silk 3Pc Unstitched Suit PA - 103","1.0000","8750.0000","8750.0000","8750.00000000","completed","paid","8000.0000"
"592","2026-10-02 02:21:29","SALE/POS/2026/10/0514","232","zakia 11","1","Warehouse 1","18122","D-2407-S","Maria.B Luxury Lawn Embroidred Collection 3 Pc Unstitched","1.0000","8850.0000","8850.0000","8850.00000000","completed","paid","8850.0000"
"593","2026-10-02 02:32:00","SALE/POS/2026/10/0515","232","zakia 11","1","Warehouse 1","24972","PL-378G-M","LUXURY DOORI TESSLES GREY","1.0000","7980.0000","7980.0000","7980.00000000","completed","paid","7980.0000"
"594","2026-10-02 02:45:24","SALE/POS/2026/10/0516","233","M zain","1","Warehouse 1","23934","24-107-U","Maria.B Luxury Unstitched Embroidered Chiffon Suit MPC-24-107","1.0000","6999.0000","6999.0000","6999.00000000","completed","paid","15249.0000"
"594","2026-10-02 02:45:24","SALE/POS/2026/10/0516","233","M zain","1","Warehouse 1","23901","ANS-B-U","Aneelas Velvet Black Like Zinc","1.0000","8250.0000","8250.0000","8250.00000000","completed","paid","15249.0000"
"595","2026-10-02 03:34:15","SALE/POS/2026/10/0517","234","nabeel 11","1","Warehouse 1","23719","PTA-0017-L","Pehnawa Luxury Lawn PTA-0017-L","1.0000","6602.5000","6602.5000","6602.50000000","completed","paid","6602.5000"
"596","2026-10-02 03:37:22","SALE/POS/2026/10/0518","235","maryam qurashi ","1","Warehouse 1","24633","HR-712","Haris Shakeel AATISHI RED NEW","1.0000","27500.0000","27500.0000","27500.00000000","completed","paid","27500.0000"
"597","2026-10-02 03:42:13","SALE/POS/2026/10/0519","236","Muhammad hanif","1","Warehouse 1","25000","PL-423-M","LUXURY SILK GREEN FULL EMB","1.0000","8400.0000","8400.0000","8400.00000000","completed","paid","7000.0000"
"598","2026-10-02 03:54:00","SALE/POS/2026/09/0501","220","YOUNUS INAYAT","1","Warehouse 1","25078","PA-173","Suffuse IRIS Couture - Medea Luxury Net Embroidered 3Pc Unstitched Suit PA-173","-1.0000","28300.0000","28300.0000","-28300.00000000","returned","partial","-28300.0000"
"599","2026-10-02 04:08:04","SALE/POS/2026/10/0520","237","nisar ahmed","1","Warehouse 1","25096","mbp-8a-s","maria b m print white with black dots","1.0000","5450.0000","5450.0000","5450.00000000","completed","paid","13600.0000"
"599","2026-10-02 04:08:04","SALE/POS/2026/10/0520","237","nisar ahmed","1","Warehouse 1","18071","D-13-L","Rang Rasiya Premium Embroidered Lawn Unstitched 3Pc Suit D-13 ALAYA","1.0000","8950.0000","8950.0000","8950.00000000","completed","paid","13600.0000"
"600","2026-10-02 05:08:36","SALE/POS/2026/10/0521","1","Walk-in Customer","1","Warehouse 1","25020","BF-482GP-S","LUXURY SILK  GREEN PISTA FULLY EMB ALL OVER","1.0000","8400.0000","8400.0000","8400.00000000","completed","paid","7900.0000"
"601","2026-10-02 05:28:43","SALE/POS/2026/10/0522","239","Sharjeel","1","Warehouse 1","24747","SF-4036","Baroque Luxury Silk Embroidered 3 Piece Unstitched SF-4036","1.0000","11700.0000","11700.0000","11700.00000000","completed","paid","11700.0000"
"602","2026-10-02 06:24:47","SALE/POS/2026/10/0523","240","Ali 2","1","Warehouse 1","23604","HR-Virelle-U","Hussain Rehar Luxury Raw Silk Embroidered Unstitched 3 Piece - Virelle","2.0000","7350.0000","7350.0000","14700.00000000","completed","paid","12500.0000"
"603","2026-10-03 01:54:14","SALE/POS/2026/10/0524","241","faraz ali 11","1","Warehouse 1","18128","DS-290-L","Sardinia Tales of Petals Luxury Lawn Collection 01 OCEAN WAVES","1.0000","12400.0000","12400.0000","12400.00000000","completed","paid","11780.0000"
"604","2026-10-03 02:37:33","SALE/POS/2026/10/0525","242","shayan","1","Warehouse 1","25094","pa-130","Haseen's Paimana Luxury Raw Silk Embroidered 3Pc Unstitched PA-130","1.0000","19950.0000","19950.0000","19950.00000000","completed","paid","19950.0000"
"605","2026-10-03 03:21:04","SALE/POS/2026/10/0526","243","ratna ","1","Warehouse 1","25056","PA-150","Crimson JHALAK Luxury Organza Embroidered 3Pc Unstitched Suit PA-150","1.0000","11500.0000","11500.0000","11500.00000000","completed","paid","11500.0000"
"606","2026-10-03 03:31:41","SALE/POS/2026/10/0527","244","Sohail","1","Warehouse 1","23557","Burgundy-Dusk-01","Abeera Usman Raw Silk Handwork Embroidered 3 Pcs Unstitched Burgundy Dusk","1.0000","19500.0000","19500.0000","19500.00000000","completed","paid","24000.0000"
"606","2026-10-03 03:31:41","SALE/POS/2026/10/0527","244","Sohail","1","Warehouse 1","23903","SM-01-U","Aneelas Wedding Velvet Embroidered Unstitched Collection SM-01","1.0000","8950.0000","8950.0000","8950.00000000","completed","paid","24000.0000"
"607","2026-10-03 03:49:08","SALE/POS/2026/10/0528","245","Hayan ","1","Warehouse 1","24868","PK-005-XL","kaftan neckline MEHROON stiched","1.0000","8500.0000","8500.0000","8500.00000000","completed","paid","8500.0000"
"608","2026-10-03 03:57:54","SALE/POS/2026/10/0529","246","sana","1","Warehouse 1","25060","PA-132","Maria B 26V1-09-Danira Luxury Chiffon Embroidered 3Pc Unstitched Sari PA-132","1.0000","11500.0000","11500.0000","11500.00000000","completed","paid","11500.0000"
"609","2026-10-03 04:14:08","SALE/POS/2026/10/0530","247","MRs Bhagwani ","1","Warehouse 1","23493","FS-ROSABELLE-U","Rosabelle- Luxury Silk Embroidered 3 Piece Unstitched","1.0000","26600.0000","26600.0000","26600.00000000","completed","paid","26600.0000"
"610","2026-10-03 04:20:41","SALE/POS/2026/10/0531","248","hassan","1","Warehouse 1","24977","PL-378M-S","LUXURY DOORI TESSLES MEHROON","1.0000","7980.0000","7980.0000","7980.00000000","completed","paid","7200.0000"
"611","2026-10-03 04:36:27","SALE/POS/2026/10/0532","249","salman 11","1","Warehouse 1","24987","PL-385F-S","LUXURY SILK FALSA PALNE GALA","1.0000","8390.0000","8390.0000","8390.00000000","completed","paid","7000.0000"
"612","2026-10-03 05:03:56","SALE/POS/2026/10/0533","250","Mehreen sajid 11","1","Warehouse 1","23832","Pinar-U","Maria B Luxury Organza Embroidered 3Pc Unstitched Suit Pinar","1.0000","10500.0000","10500.0000","10500.00000000","completed","paid","21000.0000"
"612","2026-10-03 05:03:56","SALE/POS/2026/10/0533","250","Mehreen sajid 11","1","Warehouse 1","24271","PA-137","Baroque BQU-Ch13-08 Luxury Pure Chiffon Embroidered 3 Piece Unstitched PA-137","1.0000","10500.0000","10500.0000","10500.00000000","completed","paid","21000.0000"
"613","2026-10-03 05:46:14","SALE/POS/2026/10/0534","251","Gulam Mustafa ","1","Warehouse 1","24271","PA-137","Baroque BQU-Ch13-08 Luxury Pure Chiffon Embroidered 3 Piece Unstitched PA-137","1.0000","14500.0000","14500.0000","14500.00000000","completed","paid","14000.0000"
"614","2026-10-03 07:09:54","SALE/POS/2026/10/0535","252","sarim 11","1","Warehouse 1","25054","pa-165","Haris shakeel Luxury Sheesha Silk Embroidered 3Pc Unstitched Suit PA-165","1.0000","10850.0000","10850.0000","10850.00000000","completed","paid","10850.0000"
"615","2026-10-03 07:33:14","SALE/POS/2026/10/0536","253","usma asim","1","Warehouse 1","23743","PTA-0026-M","Pehnawa Luxury Lawn PTA-0026-M","2.0000","6800.0000","6800.0000","13600.00000000","completed","paid","12000.0000"
