"customer_id","customer_name","transactional_account_id","voucher_date","voucher_no","reference_type","reference_id","narration","debit","credit","running_balance"
"204","0","1130172","2026-09-28","JV-001156","sale","559","Sale SALE/POS/2026/09/0482","9025.0000","0.0000","9025.0000"
"204","0","1130172","2026-09-28","JV-001157","sale_payment","579","Payment received against SALE/POS/2026/09/0482","0.0000","9000.0000","25.0000"
"204","0","1130172","2026-09-28","JV-001159","sale","560","Sale SALE/POS/2026/09/0483","15003.0000","0.0000","15028.0000"
"204","0","1130172","2026-09-28","JV-001160","sale_payment","580","Payment received against SALE/POS/2026/09/0483","0.0000","15000.0000","28.0000"
"204","0","1130172","2026-09-28","JV-001393","sale_payment","581","Payment received against SALE/POS/2026/09/0482","0.0000","25.0000","3.0000"
"204","0","1130172","2026-09-28","JV-001394","sale_payment","582","Payment received against SALE/POS/2026/09/0483","0.0000","2.5000","0.5000"
"204","0","1130172","2026-09-28","JV-001395","sale_payment","583","Payment received against SALE/POS/2026/09/0483","0.0000","0.5000","0.0000"
"114","Abdul basit ","1130087","2026-09-19","JV-000843","sale","442","Sale SALE/POS/2026/09/0377","10000.0000","0.0000","10000.0000"
"114","Abdul basit ","1130087","2026-09-19","JV-000844","sale_payment","460","Payment received against SALE/POS/2026/09/0377","0.0000","10000.0000","0.0000"
"47","ABDUL MAJEED","1130026","2026-09-08","JV-000421","sale","292","Sale SALE/POS/2026/09/0236","17500.0000","0.0000","17500.0000"
"47","ABDUL MAJEED","1130026","2026-09-08","JV-000422","sale_payment","298","Payment received against SALE/POS/2026/09/0236","0.0000","17200.0000","300.0000"
"47","ABDUL MAJEED","1130026","2026-09-08","JV-000423","sale","293","Sale SALE/POS/2026/09/0237","6750.0000","0.0000","7050.0000"
"47","ABDUL MAJEED","1130026","2026-09-08","JV-000424","sale_payment","299","Payment received against SALE/POS/2026/09/0237","0.0000","6750.0000","300.0000"
"115","abidin 1212","1130086","2026-09-19","JV-000841","sale","441","Sale SALE/POS/2026/09/0376","14000.0000","0.0000","14000.0000"
"115","abidin 1212","1130086","2026-09-19","JV-000842","sale_payment","459","Payment received against SALE/POS/2026/09/0376","0.0000","14000.0000","0.0000"
"205","ADEEL 11","1130174","2026-09-29","JV-004322","sale","562","Sale SALE/POS/2026/09/0485","23275.0000","0.0000","23275.0000"
"205","ADEEL 11","1130174","2026-09-29","JV-004324","sale_payment","585","Payment received against SALE/POS/2026/09/0485","0.0000","23275.0000","0.0000"
"153","adnan","1130123","2026-09-24","JV-001006","sale","498","Sale SALE/POS/2026/09/0425","7200.0000","0.0000","7200.0000"
"153","adnan","1130123","2026-09-24","JV-001007","sale_payment","516","Payment received against SALE/POS/2026/09/0425","0.0000","7200.0000","0.0000"
"181","Ahmed","1130149","2026-09-26","JV-001076","sale","525","Sale SALE/POS/2026/09/0452","7268.0000","0.0000","7268.0000"
"181","Ahmed","1130149","2026-09-26","JV-001077","sale_payment","543","Payment received against SALE/POS/2026/09/0452","0.0000","7268.0000","0.0000"
"181","Ahmed","1130149","2026-09-26","JV-001078","sale","526","Sale SALE/POS/2026/09/0453","7650.0000","0.0000","7650.0000"
"181","Ahmed","1130149","2026-09-26","JV-001079","sale_payment","544","Payment received against SALE/POS/2026/09/0453","0.0000","7650.0000","0.0000"
"181","Ahmed","1130149","2026-09-26","JV-001080","sale_payment","545","Refund paid against return SALE/POS/2026/09/0453","7650.0000","0.0000","7650.0000"
"181","Ahmed","1130149","2026-09-26","JV-001350","sale_return","527","Sale Return SALE/POS/2026/09/0453","0.0000","7650.0000","0.0000"
"110","AHMED  111","1130082","2026-09-19","JV-000830","sale","437","Sale SALE/POS/2026/09/0372","16900.0000","0.0000","16900.0000"
"110","AHMED  111","1130082","2026-09-19","JV-000831","sale_payment","455","Payment received against SALE/POS/2026/09/0372","0.0000","16900.0000","0.0000"
"156","Ahmed Ali","1130126","2026-09-24","JV-001012","sale","501","Sale SALE/POS/2026/09/0428","21103.0000","0.0000","21103.0000"
"156","Ahmed Ali","1130126","2026-09-24","JV-001013","sale_payment","519","Payment received against SALE/POS/2026/09/0428","0.0000","21000.0000","103.0000"
"240","Ali 2","1130209","2026-10-01","JV-004493","sale","602","Sale SALE/POS/2026/10/0523","12500.0000","0.0000","12500.0000"
"240","Ali 2","1130209","2026-10-01","JV-004495","sale_payment","625","Payment received against SALE/POS/2026/10/0523","0.0000","12500.0000","0.0000"
"164","alieesha 11","1130134","2026-09-25","JV-001042","sale","511","Sale SALE/POS/2026/09/0438","28350.0000","0.0000","28350.0000"
"164","alieesha 11","1130134","2026-09-25","JV-001043","sale_payment","529","Payment received against SALE/POS/2026/09/0438","0.0000","28350.0000","0.0000"
"116","amir raza 23163","1130088","2026-09-19","JV-000845","sale","443","Sale SALE/POS/2026/09/0378","45350.0000","0.0000","45350.0000"
"116","amir raza 23163","1130088","2026-09-19","JV-000846","sale_payment","461","Payment received against SALE/POS/2026/09/0378","0.0000","45000.0000","350.0000"
"82","AMJAD ALI  11","1130055","2026-09-16","JV-000723","sale","406","Sale SALE/POS/2026/09/0342","6603.0000","0.0000","6603.0000"
"82","AMJAD ALI  11","1130055","2026-09-16","JV-000724","sale_payment","424","Payment received against SALE/POS/2026/09/0342","0.0000","6603.0000","0.0000"
"89","ammara 11","1130063","2026-09-17","JV-000757","sale","415","Sale SALE/POS/2026/09/0351","19800.0000","0.0000","19800.0000"
"89","ammara 11","1130063","2026-09-17","JV-000758","sale_payment","433","Payment received against SALE/POS/2026/09/0351","0.0000","19800.0000","0.0000"
"76","ANAS 1","1130050","2026-09-16","JV-000705","sale","398","Sale SALE/POS/2026/09/0335","19700.0000","0.0000","19700.0000"
"76","ANAS 1","1130050","2026-09-16","JV-000706","sale_payment","414","Payment received against SALE/POS/2026/09/0335","0.0000","19700.0000","0.0000"
"86","ANMOL 111","1130059","2026-09-16","JV-000737","sale","411","Sale SALE/POS/2026/09/0347","17950.0000","0.0000","17950.0000"
"86","ANMOL 111","1130059","2026-09-16","JV-000738","sale_payment","429","Payment received against SALE/POS/2026/09/0347","0.0000","17950.0000","0.0000"
"95","aqsa 311","1130068","2026-09-17","JV-000771","sale","420","Sale SALE/POS/2026/09/0356","5463.0000","0.0000","5463.0000"
"95","aqsa 311","1130068","2026-09-17","JV-000772","sale_payment","438","Payment received against SALE/POS/2026/09/0356","0.0000","5463.0000","0.0000"
"58","ARAAST","1130037","2026-09-13","JV-000611","sale","366","Sale SALE/POS/2026/09/0306","6322.0000","0.0000","6322.0000"
"157","areeba quraeshi","1130127","2026-09-24","JV-001014","sale","502","Sale SALE/POS/2026/09/0429","27600.0000","0.0000","27600.0000"
"157","areeba quraeshi","1130127","2026-09-24","JV-001015","sale_payment","520","Payment received against SALE/POS/2026/09/0429","0.0000","27500.0000","100.0000"
"196","Arif","1130164","2026-09-28","JV-001128","sale","547","Sale SALE/POS/2026/09/0472","7500.0000","0.0000","7500.0000"
"196","Arif","1130164","2026-09-28","JV-001129","sale_payment","567","Payment received against SALE/POS/2026/09/0472","0.0000","7500.0000","0.0000"
"192","ARSALAN","1130160","2026-09-26","JV-001112","sale","543","Sale SALE/POS/2026/09/0468","10998.0000","0.0000","10998.0000"
"192","ARSALAN","1130160","2026-09-26","JV-001113","sale_payment","563","Payment received against SALE/POS/2026/09/0468","0.0000","10998.0000","0.0000"
"59","ARSHIL","1130038","2026-09-13","JV-000612","sale","367","Sale SALE/POS/2026/09/0307","21300.0000","0.0000","21300.0000"
"59","ARSHIL","1130038","2026-09-13","JV-000613","sale_payment","380","Payment received against SALE/POS/2026/09/0307","0.0000","5000.0000","16300.0000"
"59","ARSHIL","1130038","2026-09-13","JV-001385","sale_payment","381","Payment received against SALE/POS/2026/09/0307","0.0000","16500.0000","-200.0000"
"132","Asad ","1130104","2026-09-21","JV-000908","sale","467","Sale SALE/POS/2026/09/0399","17900.0000","0.0000","17900.0000"
"132","Asad ","1130104","2026-09-21","JV-000909","sale_payment","485","Payment received against SALE/POS/2026/09/0399","0.0000","17900.0000","0.0000"
"120","asad sahitu","1130093","2026-09-19","JV-000855","sale","448","Sale SALE/POS/2026/09/0383","39997.0000","0.0000","39997.0000"
"120","asad sahitu","1130093","2026-09-19","JV-000856","sale_payment","466","Payment received against SALE/POS/2026/09/0383","0.0000","39997.0000","0.0000"
"113","Ashiq hussain ","1130085","2026-09-19","JV-000839","sale","440","Sale SALE/POS/2026/09/0375","7650.0000","0.0000","7650.0000"
"113","Ashiq hussain ","1130085","2026-09-19","JV-000840","sale_payment","458","Payment received against SALE/POS/2026/09/0375","0.0000","7650.0000","0.0000"
"133","asif ali ","1130105","2026-09-21","JV-000910","sale","468","Sale SALE/POS/2026/09/0400","6850.0000","0.0000","6850.0000"
"133","asif ali ","1130105","2026-09-21","JV-000911","sale_payment","486","Payment received against SALE/POS/2026/09/0400","0.0000","6850.0000","0.0000"
"133","asif ali ","1130105","2026-09-22","JV-000940","sale_payment","496","Refund paid against return SALE/POS/2026/09/0400","6850.0000","0.0000","6850.0000"
"133","asif ali ","1130105","2026-09-22","JV-001347","sale_return","478","Sale Return SALE/POS/2026/09/0400","0.0000","6850.0000","0.0000"
"137","Asif iqbal","1130109","2026-09-22","JV-000930","sale","474","Sale SALE/POS/2026/09/0405","9850.0000","0.0000","9850.0000"
"137","Asif iqbal","1130109","2026-09-22","JV-000931","sale_payment","492","Payment received against SALE/POS/2026/09/0405","0.0000","9850.0000","0.0000"
"198","Aslam","1130166","2026-09-28","JV-001132","sale","549","Sale SALE/POS/2026/09/0474","6950.0000","0.0000","6950.0000"
"198","Aslam","1130166","2026-09-28","JV-001133","sale_payment","569","Payment received against SALE/POS/2026/09/0474","0.0000","6950.0000","0.0000"
"94","Asra 41","1130067","2026-09-17","JV-000769","sale","419","Sale SALE/POS/2026/09/0355","8950.0000","0.0000","8950.0000"
"94","Asra 41","1130067","2026-09-17","JV-000770","sale_payment","437","Payment received against SALE/POS/2026/09/0355","0.0000","8950.0000","0.0000"
"117","aysha 545","1130089","2026-09-19","JV-000847","sale","444","Sale SALE/POS/2026/09/0379","10000.0000","0.0000","10000.0000"
"117","aysha 545","1130089","2026-09-19","JV-000848","sale_payment","462","Payment received against SALE/POS/2026/09/0379","0.0000","10000.0000","0.0000"
"176","Azeem","1130145","2026-09-25","JV-001062","sale","521","Sale SALE/POS/2026/09/0448","9548.0000","0.0000","9548.0000"
"176","Azeem","1130145","2026-09-25","JV-001063","sale_payment","539","Payment received against SALE/POS/2026/09/0448","0.0000","9548.0000","0.0000"
"212","barkat 11","1130181","2026-09-29","JV-004349","sale","570","Sale SALE/POS/2026/09/0493","7743.0000","0.0000","7743.0000"
"212","barkat 11","1130181","2026-09-29","JV-004351","sale_payment","593","Payment received against SALE/POS/2026/09/0493","0.0000","7743.0000","0.0000"
"155","Barkat Ali","1130125","2026-09-24","JV-001010","sale","500","Sale SALE/POS/2026/09/0427","20455.0000","0.0000","20455.0000"
"155","Barkat Ali","1130125","2026-09-24","JV-001011","sale_payment","518","Payment received against SALE/POS/2026/09/0427","0.0000","20400.0000","55.0000"
"155","Barkat Ali","1130125","2026-09-28","JV-001148","sale_payment","575","Refund paid against return SALE/POS/2026/09/0427","5842.0000","0.0000","5897.0000"
"155","Barkat Ali","1130125","2026-09-28","JV-001149","sale","556","Sale SALE/POS/2026/09/0479","8350.0000","0.0000","14247.0000"
"155","Barkat Ali","1130125","2026-09-28","JV-001150","sale_payment","576","Payment received against SALE/POS/2026/09/0479","0.0000","8350.0000","5897.0000"
"155","Barkat Ali","1130125","2026-09-28","JV-001353","sale_return","555","Sale Return SALE/POS/2026/09/0427","0.0000","6145.0000","-248.0000"
"46","BILAL","1130025","2026-09-08","JV-000418","sale","291","Sale SALE/POS/2026/09/0235","8500.0000","0.0000","8500.0000"
"46","BILAL","1130025","2026-09-08","JV-000419","sale_payment","296","Payment received against SALE/POS/2026/09/0235","0.0000","7000.0000","1500.0000"
"46","BILAL","1130025","2026-09-08","JV-000420","sale_payment","297","Payment received against SALE/POS/2026/09/0235","0.0000","1500.0000","0.0000"
"46","BILAL","1130025","2026-09-16","JV-000712","sale","401","Sale SALE/POS/2026/09/0338","6950.0000","0.0000","6950.0000"
"46","BILAL","1130025","2026-09-16","JV-000713","sale_payment","417","Payment received against SALE/POS/2026/09/0338","0.0000","6950.0000","0.0000"
"161","Dania","1130131","2026-09-25","JV-001034","sale","507","Sale SALE/POS/2026/09/0434","6750.0000","0.0000","6750.0000"
"161","Dania","1130131","2026-09-25","JV-001035","sale_payment","525","Payment received against SALE/POS/2026/09/0434","0.0000","6750.0000","0.0000"
"214","Danish","1130183","2026-09-29","JV-004356","sale","572","Sale SALE/POS/2026/09/0495","10300.0000","0.0000","10300.0000"
"214","Danish","1130183","2026-09-29","JV-004358","sale_payment","595","Payment received against SALE/POS/2026/09/0495","0.0000","10300.0000","0.0000"
"231","danish 11","1130200","2026-10-01","JV-004448","sale","591","Sale SALE/POS/2026/10/0513","8000.0000","0.0000","8000.0000"
"231","danish 11","1130200","2026-10-01","JV-004450","sale_payment","614","Payment received against SALE/POS/2026/10/0513","0.0000","8000.0000","0.0000"
"215","DUA 11","1130184","2026-09-30","JV-004369","sale","574","Sale SALE/POS/2026/09/0496","6318.0000","0.0000","6318.0000"
"215","DUA 11","1130184","2026-09-30","JV-004371","sale_payment","597","Payment received against SALE/POS/2026/09/0496","0.0000","6318.0000","0.0000"
"175","Dua Zehra","1130144","2026-09-25","JV-001060","sale","520","Sale SALE/POS/2026/09/0447","20150.0000","0.0000","20150.0000"
"175","Dua Zehra","1130144","2026-09-25","JV-001061","sale_payment","538","Payment received against SALE/POS/2026/09/0447","0.0000","20150.0000","0.0000"
"45","FAHEEM 1","1130024","2026-09-08","JV-000415","sale","289","Sale SALE/POS/2026/09/0233","10500.0000","0.0000","10500.0000"
"45","FAHEEM 1","1130024","2026-09-08","JV-001379","sale_payment","300","Payment received against SALE/POS/2026/09/0233","0.0000","10500.0000","0.0000"
"154","Faisal","1130124","2026-09-24","JV-001008","sale","499","Sale SALE/POS/2026/09/0426","17575.0000","0.0000","17575.0000"
"154","Faisal","1130124","2026-09-24","JV-001009","sale_payment","517","Payment received against SALE/POS/2026/09/0426","0.0000","17500.0000","75.0000"
"227","Faiza","1130196","2026-09-30","JV-004416","sale","587","Sale SALE/POS/2026/09/0509","6500.0000","0.0000","6500.0000"
"227","Faiza","1130196","2026-09-30","JV-004418","sale_payment","610","Payment received against SALE/POS/2026/09/0509","0.0000","6500.0000","0.0000"
"91","falak 112","1130065","2026-09-17","JV-000764","sale","417","Sale SALE/POS/2026/09/0353","16700.0000","0.0000","16700.0000"
"91","falak 112","1130065","2026-09-17","JV-000765","sale_payment","435","Payment received against SALE/POS/2026/09/0353","0.0000","16700.0000","0.0000"
"241","faraz ali 11","1130210","2026-10-02","JV-004511","sale","603","Sale SALE/POS/2026/10/0524","11780.0000","0.0000","11780.0000"
"241","faraz ali 11","1130210","2026-10-02","JV-004513","sale_payment","626","Payment received against SALE/POS/2026/10/0524","0.0000","11780.0000","0.0000"
"30","Fatima","1130014","2026-08-31","JV-000204","sale","200","Sale SALE/POS/2026/08/0153","11160.0000","0.0000","11160.0000"
"30","Fatima","1130014","2026-08-31","JV-000205","sale_payment","206","Payment received against SALE/POS/2026/08/0153","0.0000","11160.0000","0.0000"
"50","Fatima","1130029","2026-09-09","JV-000453","sale","306","Sale SALE/POS/2026/09/0250","9850.0000","0.0000","9850.0000"
"50","Fatima","1130029","2026-09-09","JV-000454","sale_payment","317","Payment received against SALE/POS/2026/09/0250","0.0000","9850.0000","0.0000"
"150","fatima 11","1130120","2026-09-24","JV-000989","sale","492","Sale SALE/POS/2026/09/0419","7950.0000","0.0000","7950.0000"
"150","fatima 11","1130120","2026-09-24","JV-000990","sale_payment","510","Payment received against SALE/POS/2026/09/0419","0.0000","7950.0000","0.0000"
"96","fatima 852","1130069","2026-09-17","JV-000773","sale","421","Sale SALE/POS/2026/09/0357","13965.0000","0.0000","13965.0000"
"96","fatima 852","1130069","2026-09-17","JV-000774","sale_payment","439","Payment received against SALE/POS/2026/09/0357","0.0000","13965.0000","0.0000"
"57","fATIMA kHAN","1130036","2026-09-12","JV-000566","sale","349","Sale SALE/POS/2026/09/0289","17469.0000","0.0000","17469.0000"
"57","fATIMA kHAN","1130036","2026-09-12","JV-000567","sale_payment","363","Payment received against SALE/POS/2026/09/0289","0.0000","17450.0000","19.0000"
"171","Fiza","1130140","2026-09-25","JV-001052","sale","516","Sale SALE/POS/2026/09/0443","19800.0000","0.0000","19800.0000"
"171","Fiza","1130140","2026-09-25","JV-001053","sale_payment","534","Payment received against SALE/POS/2026/09/0443","0.0000","19800.0000","0.0000"
"201","Gaytri","1130169","2026-09-28","JV-001143","sale","553","Sale SALE/POS/2026/09/0477","20940.0000","0.0000","20940.0000"
"201","Gaytri","1130169","2026-09-28","JV-001144","sale_payment","573","Payment received against SALE/POS/2026/09/0477","0.0000","20940.0000","0.0000"
"127","Govinder","1130099","2026-09-21","JV-000896","sale","462","Sale SALE/POS/2026/09/0394","29998.0000","0.0000","29998.0000"
"127","Govinder","1130099","2026-09-21","JV-000897","sale_payment","480","Payment received against SALE/POS/2026/09/0394","0.0000","29998.0000","0.0000"
"251","Gulam Mustafa","1130220","2026-10-02","JV-004545","sale","613","Sale SALE/POS/2026/10/0534","14000.0000","0.0000","14000.0000"
"251","Gulam Mustafa","1130220","2026-10-02","JV-004547","sale_payment","636","Payment received against SALE/POS/2026/10/0534","0.0000","14000.0000","0.0000"
"187","hafiz adnan","1130155","2026-09-26","JV-001102","sale","538","Sale SALE/POS/2026/09/0463","7000.0000","0.0000","7000.0000"
"187","hafiz adnan","1130155","2026-09-26","JV-001103","sale_payment","558","Payment received against SALE/POS/2026/09/0463","0.0000","7000.0000","0.0000"
"31","Hamza","1130015","2026-08-31","JV-000208","sale","202","Sale SALE/POS/2026/08/0155","10050.0000","0.0000","10050.0000"
"31","Hamza","1130015","2026-08-31","JV-000209","sale_payment","208","Payment received against SALE/POS/2026/08/0155","0.0000","10000.0000","50.0000"
"195","Haroon","1130163","2026-09-28","JV-001126","sale","546","Sale SALE/POS/2026/09/0471","9600.0000","0.0000","9600.0000"
"195","Haroon","1130163","2026-09-28","JV-001127","sale_payment","566","Payment received against SALE/POS/2026/09/0471","0.0000","9600.0000","0.0000"
"248","hassan","1130217","2026-10-02","JV-004535","sale","610","Sale SALE/POS/2026/10/0531","7200.0000","0.0000","7200.0000"
"248","hassan","1130217","2026-10-02","JV-004537","sale_payment","633","Payment received against SALE/POS/2026/10/0531","0.0000","7200.0000","0.0000"
"245","Hayan","1130214","2026-10-02","JV-004524","sale","607","Sale SALE/POS/2026/10/0528","8500.0000","0.0000","8500.0000"
"245","Hayan","1130214","2026-10-02","JV-004526","sale_payment","630","Payment received against SALE/POS/2026/10/0528","0.0000","8500.0000","0.0000"
"55","Hayat","1130034","2026-09-11","JV-000524","sale","336","Sale SALE/POS/2026/09/0276","13455.0000","0.0000","13455.0000"
"55","Hayat","1130034","2026-09-11","JV-000525","sale_payment","349","Payment received against SALE/POS/2026/09/0276","0.0000","13450.0000","5.0000"
"55","Hayat","1130034","2026-09-11","JV-001384","sale_payment","350","Payment received against SALE/POS/2026/09/0276","0.0000","50.0000","-45.0000"
"141","Huma 125","1130112","2026-09-22","JV-000943","sale","481","Sale SALE/POS/2026/09/0408","45850.0000","0.0000","45850.0000"
"141","Huma 125","1130112","2026-09-22","JV-000944","sale_payment","499","Payment received against SALE/POS/2026/09/0408","0.0000","45850.0000","0.0000"
"163","humma 112","1130133","2026-09-25","JV-001040","sale","510","Sale SALE/POS/2026/09/0437","16850.0000","0.0000","16850.0000"
"163","humma 112","1130133","2026-09-25","JV-001041","sale_payment","528","Payment received against SALE/POS/2026/09/0437","0.0000","16850.0000","0.0000"
"194","HUSSAIN 11","1130162","2026-09-26","JV-001120","sale","545","Sale SALE/POS/2026/09/0470","7400.0000","0.0000","7400.0000"
"194","HUSSAIN 11","1130162","2026-09-26","JV-001121","sale_payment","565","Payment received against SALE/POS/2026/09/0470","0.0000","7400.0000","0.0000"
"149","Imran ","1130119","2026-09-23","JV-000978","sale","490","Sale SALE/POS/2026/09/0417","33000.0000","0.0000","33000.0000"
"149","Imran ","1130119","2026-09-23","JV-000979","sale_payment","508","Payment received against SALE/POS/2026/09/0417","0.0000","33000.0000","0.0000"
"149","Imran ","1130119","2026-09-23","JV-000980","sale","491","Sale SALE/POS/2026/09/0418","7000.0000","0.0000","7000.0000"
"149","Imran ","1130119","2026-09-23","JV-000981","sale_payment","509","Payment received against SALE/POS/2026/09/0418","0.0000","7000.0000","0.0000"
"172","inam ur rehman","1130141","2026-09-25","JV-001054","sale","517","Sale SALE/POS/2026/09/0444","21015.0000","0.0000","21015.0000"
"172","inam ur rehman","1130141","2026-09-25","JV-001055","sale_payment","535","Payment received against SALE/POS/2026/09/0444","0.0000","21015.0000","0.0000"
"188","iqra","1130156","2026-09-26","JV-001104","sale","539","Sale SALE/POS/2026/09/0464","6300.0000","0.0000","6300.0000"
"188","iqra","1130156","2026-09-26","JV-001105","sale_payment","559","Payment received against SALE/POS/2026/09/0464","0.0000","6300.0000","0.0000"
"151","irfan 2","1130121","2026-09-24","JV-000992","sale","493","Sale SALE/POS/2026/09/0420","18300.0000","0.0000","18300.0000"
"151","irfan 2","1130121","2026-09-24","JV-000993","sale_payment","511","Payment received against SALE/POS/2026/09/0420","0.0000","18300.0000","0.0000"
"124","irza azhar 11","1130096","2026-09-21","JV-000880","sale","454","Sale SALE/POS/2026/09/0388","10950.0000","0.0000","10950.0000"
"124","irza azhar 11","1130096","2026-09-21","JV-000881","sale_payment","472","Payment received against SALE/POS/2026/09/0388","0.0000","10950.0000","0.0000"
"199","Javed","1130167","2026-09-28","JV-001134","sale","550","Sale SALE/POS/2026/09/0475","7400.0000","0.0000","7400.0000"
"199","Javed","1130167","2026-09-28","JV-001135","sale_payment","570","Payment received against SALE/POS/2026/09/0475","0.0000","7400.0000","0.0000"
"29","Jawad Hassan","1130013","2026-08-31","JV-000202","sale","199","Sale SALE/POS/2026/08/0152","7650.0000","0.0000","7650.0000"
"29","Jawad Hassan","1130013","2026-08-31","JV-000203","sale_payment","205","Payment received against SALE/POS/2026/08/0152","0.0000","7650.0000","0.0000"
"213","Jaweria","1130182","2026-09-29","JV-004353","sale","571","Sale SALE/POS/2026/09/0494","26350.0000","0.0000","26350.0000"
"213","Jaweria","1130182","2026-09-29","JV-004355","sale_payment","594","Payment received against SALE/POS/2026/09/0494","0.0000","26350.0000","0.0000"
"179","Jessica","1130147","2026-09-26","JV-001072","sale","523","Sale SALE/POS/2026/09/0450","16790.0000","0.0000","16790.0000"
"179","Jessica","1130147","2026-09-26","JV-001073","sale_payment","541","Payment received against SALE/POS/2026/09/0450","0.0000","16790.0000","0.0000"
"97","kabir nasir","1130070","2026-09-17","JV-000779","sale","424","Sale SALE/POS/2026/09/0359","7650.0000","0.0000","7650.0000"
"97","kabir nasir","1130070","2026-09-17","JV-000780","sale_payment","442","Payment received against SALE/POS/2026/09/0359","0.0000","7650.0000","0.0000"
"81","KAMAL AHMED 1","1130054","2026-09-16","JV-000720","sale","405","Sale SALE/POS/2026/09/0341","28025.0000","0.0000","28025.0000"
"81","KAMAL AHMED 1","1130054","2026-09-16","JV-000721","sale_payment","423","Payment received against SALE/POS/2026/09/0341","0.0000","28000.0000","25.0000"
"143","kamran 456","1130114","2026-09-22","JV-000952","sale","484","Sale SALE/POS/2026/09/0411","14200.0000","0.0000","14200.0000"
"143","kamran 456","1130114","2026-09-22","JV-000953","sale_payment","502","Payment received against SALE/POS/2026/09/0411","0.0000","14200.0000","0.0000"
"168","Kashan","1130138","2026-09-25","JV-001050","sale","515","Sale SALE/POS/2026/09/0442","11850.0000","0.0000","11850.0000"
"168","Kashan","1130138","2026-09-25","JV-001051","sale_payment","533","Payment received against SALE/POS/2026/09/0442","0.0000","11850.0000","0.0000"
"185","Khadim Hussain","1130153","2026-09-26","JV-001087","sale","530","Sale SALE/POS/2026/09/0456","11115.0000","0.0000","11115.0000"
"185","Khadim Hussain","1130153","2026-09-26","JV-001088","sale_payment","548","Payment received against SALE/POS/2026/09/0456","0.0000","11100.0000","15.0000"
"185","Khadim Hussain","1130153","2026-09-26","JV-001089","sale","531","Sale SALE/POS/2026/09/0457","9358.0000","0.0000","9373.0000"
"185","Khadim Hussain","1130153","2026-09-26","JV-001090","sale_payment","549","Payment received against SALE/POS/2026/09/0457","0.0000","9358.0000","15.0000"
"185","Khadim Hussain","1130153","2026-09-26","JV-001091","sale","532","Sale SALE/POS/2026/09/0458","16500.0000","0.0000","16515.0000"
"185","Khadim Hussain","1130153","2026-09-26","JV-001092","sale_payment","550","Payment received against SALE/POS/2026/09/0458","0.0000","16500.0000","15.0000"
"185","Khadim Hussain","1130153","2026-09-26","JV-001392","sale_payment","557","Payment received against SALE/POS/2026/09/0456","0.0000","15.0000","0.0000"
"131","kiran jameel","1130102","2026-09-21","JV-000902","sale","465","Sale SALE/POS/2026/09/0397","27350.0000","0.0000","27350.0000"
"131","kiran jameel","1130102","2026-09-21","JV-000903","sale_payment","483","Payment received against SALE/POS/2026/09/0397","0.0000","27350.0000","0.0000"
"85","KRISHAN 11","1130058","2026-09-16","JV-000732","sale","409","Sale SALE/POS/2026/09/0345","8000.0000","0.0000","8000.0000"
"85","KRISHAN 11","1130058","2026-09-16","JV-000733","sale_payment","427","Payment received against SALE/POS/2026/09/0345","0.0000","8000.0000","0.0000"
"85","KRISHAN 11","1130058","2026-09-16","JV-000735","sale","410","Sale SALE/POS/2026/09/0346","8325.0000","0.0000","8325.0000"
"85","KRISHAN 11","1130058","2026-09-16","JV-000736","sale_payment","428","Payment received against SALE/POS/2026/09/0346","0.0000","8250.0000","75.0000"
"87","KUMAIL 11","1130061","2026-09-16","JV-000740","sale","413","Sale SALE/POS/2026/09/0349","22600.0000","0.0000","22600.0000"
"87","KUMAIL 11","1130061","2026-09-16","JV-000741","sale_payment","430","Payment received against SALE/POS/2026/09/0349","0.0000","10000.0000","12600.0000"
"87","KUMAIL 11","1130061","2026-09-16","JV-001390","sale_payment","431","Payment received against SALE/POS/2026/09/0349","0.0000","12600.0000","0.0000"
"102","laiba mustafa ","1130075","2026-09-18","JV-000800","sale","429","Sale SALE/POS/2026/09/0364","15500.0000","0.0000","15500.0000"
"102","laiba mustafa ","1130075","2026-09-18","JV-000801","sale_payment","447","Payment received against SALE/POS/2026/09/0364","0.0000","15500.0000","0.0000"
"142","m  raza 11","1130113","2026-09-22","JV-000945","sale","482","Sale SALE/POS/2026/09/0409","7450.0000","0.0000","7450.0000"
"142","m  raza 11","1130113","2026-09-22","JV-000946","sale_payment","500","Payment received against SALE/POS/2026/09/0409","0.0000","7450.0000","0.0000"
"148","m AHSAN 1221","1130118","2026-09-23","JV-000973","sale","489","Sale SALE/POS/2026/09/0416","13100.0000","0.0000","13100.0000"
"148","m AHSAN 1221","1130118","2026-09-23","JV-000974","sale_payment","507","Payment received against SALE/POS/2026/09/0416","0.0000","13100.0000","0.0000"
"105","M asif 34","1130077","2026-09-18","JV-000804","sale","431","Sale SALE/POS/2026/09/0366","10050.0000","0.0000","10050.0000"
"105","M asif 34","1130077","2026-09-18","JV-000805","sale_payment","449","Payment received against SALE/POS/2026/09/0366","0.0000","10050.0000","0.0000"
"109","M Asif m","1130081","2026-09-18","JV-000822","sale","436","Sale SALE/POS/2026/09/0371","52500.0000","0.0000","52500.0000"
"109","M Asif m","1130081","2026-09-18","JV-000823","sale_payment","454","Payment received against SALE/POS/2026/09/0371","0.0000","52500.0000","0.0000"
"211","M hanif 111","1130180","2026-09-29","JV-004343","sale","569","Sale SALE/POS/2026/09/0492","8950.0000","0.0000","8950.0000"
"211","M hanif 111","1130180","2026-09-29","JV-004345","sale_payment","592","Payment received against SALE/POS/2026/09/0492","0.0000","8950.0000","0.0000"
"134","m Qasim,16355","1130106","2026-09-22","JV-000918","sale","469","Sale SALE/POS/2026/09/0401","8500.0000","0.0000","8500.0000"
"134","m Qasim,16355","1130106","2026-09-22","JV-000919","sale_payment","487","Payment received against SALE/POS/2026/09/0401","0.0000","8500.0000","0.0000"
"98","M shahid 1","1130071","2026-09-18","JV-000788","sale","425","Sale SALE/POS/2026/09/0360","18000.0000","0.0000","18000.0000"
"98","M shahid 1","1130071","2026-09-18","JV-000789","sale_payment","443","Payment received against SALE/POS/2026/09/0360","0.0000","18000.0000","0.0000"
"66","M wajahat 1","1130044","2026-09-14","JV-000654","sale","381","Sale SALE/POS/2026/09/0319","6750.0000","0.0000","6750.0000"
"66","M wajahat 1","1130044","2026-09-14","JV-000655","sale_payment","395","Payment received against SALE/POS/2026/09/0319","0.0000","6750.0000","0.0000"
"233","M zain","1130202","2026-10-01","JV-004460","sale","594","Sale SALE/POS/2026/10/0516","15249.0000","0.0000","15249.0000"
"233","M zain","1130202","2026-10-01","JV-004462","sale_payment","617","Payment received against SALE/POS/2026/10/0516","0.0000","15249.0000","0.0000"
"23","Maham","1130007","2026-08-29","JV-000084","sale","126","Sale SALE/POS/2026/08/0098","7600.7000","0.0000","7600.7000"
"23","Maham","1130007","2026-08-29","JV-000085","sale_payment","125","Payment received against SALE/POS/2026/08/0098","0.0000","7600.7000","0.0000"
"23","Maham","1130007","2026-08-31","JV-000200","sale_payment","204","Refund paid against return SALE/POS/2026/08/0098","7600.0000","0.0000","7600.0000"
"23","Maham","1130007","2026-08-31","JV-001331","sale_return","198","Sale Return SALE/POS/2026/08/0098","0.0000","8927.0000","-1327.0000"
"206","MAIRA KHAN 11","1130175","2026-09-29","JV-004325","sale","563","Sale SALE/POS/2026/09/0486","12650.0000","0.0000","12650.0000"
"206","MAIRA KHAN 11","1130175","2026-09-29","JV-004327","sale_payment","586","Payment received against SALE/POS/2026/09/0486","0.0000","12650.0000","0.0000"
"183","Majid","1130151","2026-09-26","JV-001085","sale","529","Sale SALE/POS/2026/09/0455","47000.0000","0.0000","47000.0000"
"183","Majid","1130151","2026-09-26","JV-001086","sale_payment","547","Payment received against SALE/POS/2026/09/0455","0.0000","5000.0000","42000.0000"
"106","mannat 111","1130078","2026-09-18","JV-000808","sale","432","Sale SALE/POS/2026/09/0367","15500.0000","0.0000","15500.0000"
"106","mannat 111","1130078","2026-09-18","JV-000809","sale_payment","450","Payment received against SALE/POS/2026/09/0367","0.0000","15500.0000","0.0000"
"106","mannat 111","1130078","2026-09-18","JV-000812","sale","434","Sale SALE/POS/2026/09/0369","7000.0000","0.0000","7000.0000"
"106","mannat 111","1130078","2026-09-18","JV-000813","sale_payment","452","Payment received against SALE/POS/2026/09/0369","0.0000","7000.0000","0.0000"
"112","maria 56","1130084","2026-09-19","JV-000836","sale","439","Sale SALE/POS/2026/09/0374","27950.0000","0.0000","27950.0000"
"112","maria 56","1130084","2026-09-19","JV-000837","sale_payment","457","Payment received against SALE/POS/2026/09/0374","0.0000","27950.0000","0.0000"
"235","maryam qurashi","1130204","2026-10-01","JV-004469","sale","596","Sale SALE/POS/2026/10/0518","27500.0000","0.0000","27500.0000"
"235","maryam qurashi","1130204","2026-10-01","JV-004471","sale_payment","619","Payment received against SALE/POS/2026/10/0518","0.0000","27500.0000","0.0000"
"101","mehak 1112","1130074","2026-09-18","JV-000797","sale","428","Sale SALE/POS/2026/09/0363","6508.0000","0.0000","6508.0000"
"101","mehak 1112","1130074","2026-09-18","JV-000798","sale_payment","446","Payment received against SALE/POS/2026/09/0363","0.0000","6508.0000","0.0000"
"210","mehar nasir 11","1130179","2026-09-29","JV-004340","sale","568","Sale SALE/POS/2026/09/0491","7500.0000","0.0000","7500.0000"
"210","mehar nasir 11","1130179","2026-09-29","JV-004342","sale_payment","591","Payment received against SALE/POS/2026/09/0491","0.0000","7500.0000","0.0000"
"182","Mehreen Raza","1130150","2026-09-26","JV-001083","sale","528","Sale SALE/POS/2026/09/0454","15000.0000","0.0000","15000.0000"
"182","Mehreen Raza","1130150","2026-09-26","JV-001084","sale_payment","546","Payment received against SALE/POS/2026/09/0454","0.0000","15000.0000","0.0000"
"250","Mehreen sajid 11","1130219","2026-10-02","JV-004541","sale","612","Sale SALE/POS/2026/10/0533","21000.0000","0.0000","21000.0000"
"250","Mehreen sajid 11","1130219","2026-10-02","JV-004543","sale_payment","635","Payment received against SALE/POS/2026/10/0533","0.0000","21000.0000","0.0000"
"33","Minahil","1130017","2026-09-01","JV-000246","sale","225","Sale SALE/POS/2026/09/0170","26550.0000","0.0000","26550.0000"
"33","Minahil","1130017","2026-09-01","JV-000247","sale_payment","231","Payment received against SALE/POS/2026/09/0170","0.0000","26550.0000","0.0000"
"33","Minahil","1130017","2026-09-14","JV-000622","sale","369","Sale SALE/POS/2026/09/0309","9975.0000","0.0000","9975.0000"
"33","Minahil","1130017","2026-09-14","JV-000623","sale_payment","383","Payment received against SALE/POS/2026/09/0309","0.0000","9975.0000","0.0000"
"216","MIS ZEENAT 11","1130185","2026-09-30","JV-004374","sale","575","Sale SALE/POS/2026/09/0497","4950.0000","0.0000","4950.0000"
"216","MIS ZEENAT 11","1130185","2026-09-30","JV-004377","sale_payment","598","Payment received against SALE/POS/2026/09/0497","0.0000","4950.0000","0.0000"
"174","misbah 11","1130143","2026-09-25","JV-001058","sale","519","Sale SALE/POS/2026/09/0446","32500.0000","0.0000","32500.0000"
"174","misbah 11","1130143","2026-09-25","JV-001059","sale_payment","537","Payment received against SALE/POS/2026/09/0446","0.0000","32500.0000","0.0000"
"108","Miss Arzu PA0049u with  stiching ","1130080","2026-09-18","JV-000815","sale","435","Sale SALE/POS/2026/09/0370","29500.0000","0.0000","29500.0000"
"108","Miss Arzu PA0049u with  stiching ","1130080","2026-09-18","JV-000816","sale_payment","453","Payment received against SALE/POS/2026/09/0370","0.0000","29500.0000","0.0000"
"54","Mohammad Anwar","1130033","2026-09-10","JV-000483","sale","318","Sale SALE/POS/2026/09/0261","7850.0000","0.0000","7850.0000"
"54","Mohammad Anwar","1130033","2026-09-10","JV-000484","sale_payment","330","Payment received against SALE/POS/2026/09/0261","0.0000","7850.0000","0.0000"
"27","Mohammad Jawaid","1130011","2026-08-29","JV-000113","sale","139","Sale SALE/POS/2026/08/0111","29159.0000","0.0000","29159.0000"
"27","Mohammad Jawaid","1130011","2026-08-29","JV-000114","sale_payment","138","Payment received against SALE/POS/2026/08/0111","0.0000","23000.0000","6159.0000"
"123","MR AMMAR","1130095","2026-09-19","JV-000865","sale","451","Sale SALE/POS/2026/09/0386","38950.0000","0.0000","38950.0000"
"123","MR AMMAR","1130095","2026-09-19","JV-000866","sale_payment","469","Payment received against SALE/POS/2026/09/0386","0.0000","38950.0000","0.0000"
"166","Mrs Adil","1130136","2026-09-25","JV-001046","sale","513","Sale SALE/POS/2026/09/0440","23800.0000","0.0000","23800.0000"
"166","Mrs Adil","1130136","2026-09-25","JV-001047","sale_payment","531","Payment received against SALE/POS/2026/09/0440","0.0000","23800.0000","0.0000"
"53","Mrs Arif","1130032","2026-09-10","JV-000481","sale","317","Sale SALE/POS/2026/09/0260","6750.0000","0.0000","6750.0000"
"53","Mrs Arif","1130032","2026-09-10","JV-000482","sale_payment","329","Payment received against SALE/POS/2026/09/0260","0.0000","6750.0000","0.0000"
"138","mrs ashfaq 12","1130110","2026-09-22","JV-000935","sale","476","Sale SALE/POS/2026/09/0406","26500.0000","0.0000","26500.0000"
"138","mrs ashfaq 12","1130110","2026-09-22","JV-000936","sale_payment","494","Payment received against SALE/POS/2026/09/0406","0.0000","26500.0000","0.0000"
"65","mrs asim","1130043","2026-09-14","JV-000650","sale","379","Sale SALE/POS/2026/09/0318","5600.0000","0.0000","5600.0000"
"65","mrs asim","1130043","2026-09-14","JV-000651","sale_payment","393","Payment received against SALE/POS/2026/09/0318","0.0000","5600.0000","0.0000"
"247","MRs Bhagwani","1130216","2026-10-02","JV-004532","sale","609","Sale SALE/POS/2026/10/0530","26600.0000","0.0000","26600.0000"
"247","MRs Bhagwani","1130216","2026-10-02","JV-004534","sale_payment","632","Payment received against SALE/POS/2026/10/0530","0.0000","26600.0000","0.0000"
"209","Mrs Daniyal","1130178","2026-09-29","JV-004337","sale","567","Sale SALE/POS/2026/09/0490","8500.0000","0.0000","8500.0000"
"209","Mrs Daniyal","1130178","2026-09-29","JV-004339","sale_payment","590","Payment received against SALE/POS/2026/09/0490","0.0000","8500.0000","0.0000"
"80","MRS FAHEEM","1130053","2026-09-16","JV-000718","sale","404","Sale SALE/POS/2026/09/0340","9850.0000","0.0000","9850.0000"
"80","MRS FAHEEM","1130053","2026-09-16","JV-000719","sale_payment","421","Payment received against SALE/POS/2026/09/0340","0.0000","9850.0000","0.0000"
"197","Mrs Mubeen","1130165","2026-09-28","JV-001130","sale","548","Sale SALE/POS/2026/09/0473","5843.0000","0.0000","5843.0000"
"197","Mrs Mubeen","1130165","2026-09-28","JV-001131","sale_payment","568","Payment received against SALE/POS/2026/09/0473","0.0000","5843.0000","0.0000"
"225","MRS NAYAR 11","1130194","2026-09-30","JV-004410","sale","585","Sale SALE/POS/2026/09/0507","6500.0000","0.0000","6500.0000"
"225","MRS NAYAR 11","1130194","2026-09-30","JV-004412","sale_payment","608","Payment received against SALE/POS/2026/09/0507","0.0000","6500.0000","0.0000"
"208","Mrs Shazhzad","1130177","2026-09-29","JV-004334","sale","566","Sale SALE/POS/2026/09/0489","7700.0000","0.0000","7700.0000"
"208","Mrs Shazhzad","1130177","2026-09-29","JV-004336","sale_payment","589","Payment received against SALE/POS/2026/09/0489","0.0000","7700.0000","0.0000"
"147","MRS SIRAJ 12","1130117","2026-09-23","JV-000969","sale","487","Sale SALE/POS/2026/09/0414","29900.0000","0.0000","29900.0000"
"147","MRS SIRAJ 12","1130117","2026-09-23","JV-000970","sale_payment","505","Payment received against SALE/POS/2026/09/0414","0.0000","29900.0000","0.0000"
"147","MRS SIRAJ 12","1130117","2026-09-23","JV-000971","sale","488","Sale SALE/POS/2026/09/0415","14700.0000","0.0000","14700.0000"
"147","MRS SIRAJ 12","1130117","2026-09-23","JV-000972","sale_payment","506","Payment received against SALE/POS/2026/09/0415","0.0000","14700.0000","0.0000"
"236","Muhammad hanif","1130205","2026-10-01","JV-004472","sale","597","Sale SALE/POS/2026/10/0519","7000.0000","0.0000","7000.0000"
"236","Muhammad hanif","1130205","2026-10-01","JV-004474","sale_payment","620","Payment received against SALE/POS/2026/10/0519","0.0000","7000.0000","0.0000"
"48","muhammad imran ","1130027","2026-09-09","JV-000428","sale_payment","301","Payment received against SALE/POS/2026/09/0238","0.0000","24500.0000","-24500.0000"
"48","muhammad imran ","1130027","2026-09-09","JV-000429","sale","295","Sale SALE/POS/2026/09/0239","8313.0000","0.0000","-16187.0000"
"48","muhammad imran ","1130027","2026-09-09","JV-000430","sale_payment","302","Payment received against SALE/POS/2026/09/0239","0.0000","8300.0000","-24487.0000"
"48","muhammad imran ","1130027","2026-09-09","JV-001240","sale","294","Sale SALE/POS/2026/09/0238","19600.0000","0.0000","-4887.0000"
"48","muhammad imran ","1130027","2026-09-09","JV-001380","sale_payment","313","Payment received against SALE/POS/2026/09/0238","0.0000","4900.0000","-9787.0000"
"48","muhammad imran ","1130027","2026-09-09","JV-001381","sale_payment","314","Refund paid against return SALE/POS/2026/09/0238","9800.0000","0.0000","13.0000"
"126","muhammad kamil","1130098","2026-09-21","JV-000891","sale","460","Sale SALE/POS/2026/09/0392","14000.0000","0.0000","14000.0000"
"126","muhammad kamil","1130098","2026-09-21","JV-000892","sale_payment","478","Payment received against SALE/POS/2026/09/0392","0.0000","14000.0000","0.0000"
"126","muhammad kamil","1130098","2026-09-21","JV-000893","sale","461","Sale SALE/POS/2026/09/0393","12000.0000","0.0000","12000.0000"
"126","muhammad kamil","1130098","2026-09-21","JV-000894","sale_payment","479","Payment received against SALE/POS/2026/09/0393","0.0000","12000.0000","0.0000"
"61","Muhammad qasim ","1130039","2026-09-14","JV-000634","sale","374","Sale SALE/POS/2026/09/0313","16840.0000","0.0000","16840.0000"
"61","Muhammad qasim ","1130039","2026-09-14","JV-000635","sale_payment","388","Payment received against SALE/POS/2026/09/0313","0.0000","16840.0000","0.0000"
"61","Muhammad qasim ","1130039","2026-09-14","JV-000636","sale","375","Sale SALE/POS/2026/09/0314","30500.0000","0.0000","30500.0000"
"61","Muhammad qasim ","1130039","2026-09-14","JV-000637","sale_payment","389","Payment received against SALE/POS/2026/09/0314","0.0000","4160.0000","26340.0000"
"61","Muhammad qasim ","1130039","2026-09-15","JV-001386","sale_payment","398","Payment received against SALE/POS/2026/09/0314","0.0000","26340.0000","0.0000"
"191","MUHAMMAD SAEED 11","1130159","2026-09-26","JV-001110","sale","542","Sale SALE/POS/2026/09/0467","21526.0000","0.0000","21526.0000"
"191","MUHAMMAD SAEED 11","1130159","2026-09-26","JV-001111","sale_payment","562","Payment received against SALE/POS/2026/09/0467","0.0000","21526.0000","0.0000"
"21","Muhammad Taha","1130006","2026-08-29","JV-000070","sale","118","Sale SALE/POS/2026/08/0091","8450.7000","0.0000","8450.7000"
"21","Muhammad Taha","1130006","2026-08-29","JV-000071","sale_payment","114","Payment received against SALE/POS/2026/08/0091","0.0000","8450.7000","0.0000"
"25","Muskan","1130009","2026-08-29","JV-000095","sale","130","Sale SALE/POS/2026/08/0102","18601.4000","0.0000","18601.4000"
"25","Muskan","1130009","2026-08-29","JV-000096","sale_payment","129","Payment received against SALE/POS/2026/08/0102","0.0000","18601.4000","0.0000"
"234","nabeel 11","1130203","2026-10-01","JV-004466","sale","595","Sale SALE/POS/2026/10/0517","6603.0000","0.0000","6603.0000"
"234","nabeel 11","1130203","2026-10-01","JV-004468","sale_payment","618","Payment received against SALE/POS/2026/10/0517","0.0000","6603.0000","0.0000"
"20","Nameera","1130005","2026-08-29","JV-000060","sale","110","Sale SALE/POS/2026/08/0086","3999.2000","0.0000","3999.2000"
"20","Nameera","1130005","2026-08-29","JV-000061","sale_payment","106","Payment received against SALE/POS/2026/08/0086","0.0000","3999.2000","0.0000"
"237","nisar ahmed","1130206","2026-10-01","JV-004479","sale","599","Sale SALE/POS/2026/10/0520","13600.0000","0.0000","13600.0000"
"237","nisar ahmed","1130206","2026-10-01","JV-004481","sale_payment","622","Payment received against SALE/POS/2026/10/0520","0.0000","13600.0000","0.0000"
"107","Noman 2111","1130079","2026-09-18","JV-000810","sale","433","Sale SALE/POS/2026/09/0368","7650.0000","0.0000","7650.0000"
"107","Noman 2111","1130079","2026-09-18","JV-000811","sale_payment","451","Payment received against SALE/POS/2026/09/0368","0.0000","7650.0000","0.0000"
"118","norr e haram 11","1130090","2026-09-19","JV-000849","sale","445","Sale SALE/POS/2026/09/0380","26050.0000","0.0000","26050.0000"
"118","norr e haram 11","1130090","2026-09-19","JV-000850","sale_payment","463","Payment received against SALE/POS/2026/09/0380","0.0000","26050.0000","0.0000"
"92","nosheen 111","1130064","2026-09-17","JV-000761","sale","416","Sale SALE/POS/2026/09/0352","6750.0000","0.0000","6750.0000"
"92","nosheen 111","1130064","2026-09-17","JV-000762","sale_payment","434","Payment received against SALE/POS/2026/09/0352","0.0000","6750.0000","0.0000"
"224","OSAMA AZIZ","1130193","2026-09-30","JV-004407","sale","584","Sale SALE/POS/2026/09/0506","10650.0000","0.0000","10650.0000"
"224","OSAMA AZIZ","1130193","2026-09-30","JV-004409","sale_payment","607","Payment received against SALE/POS/2026/09/0506","0.0000","10650.0000","0.0000"
"35","pehnawa","1130060","2026-09-16","JV-000739","sale","412","Sale SALE/POS/2026/09/0348","19120.0000","0.0000","19120.0000"
"56","Preeti","1130035","2026-09-11","JV-000531","sale","339","Sale SALE/POS/2026/09/0279","19935.0000","0.0000","19935.0000"
"56","Preeti","1130035","2026-09-11","JV-000532","sale_payment","353","Payment received against SALE/POS/2026/09/0279","0.0000","19000.0000","935.0000"
"219","PRO AFROZA 11","1130188","2026-09-30","JV-004384","sale","578","Sale SALE/POS/2026/09/0500","27000.0000","0.0000","27000.0000"
"219","PRO AFROZA 11","1130188","2026-09-30","JV-004386","sale_payment","601","Payment received against SALE/POS/2026/09/0500","0.0000","27000.0000","0.0000"
"219","PRO AFROZA 11","1130188","2026-09-30","JV-004394","sale","581","Sale SALE/POS/2026/09/0503","22000.0000","0.0000","22000.0000"
"219","PRO AFROZA 11","1130188","2026-09-30","JV-004396","sale_payment","604","Payment received against SALE/POS/2026/09/0503","0.0000","22000.0000","0.0000"
"186","rabia saeed10","1130154","2026-09-26","JV-001100","sale","537","Sale SALE/POS/2026/09/0462","7000.0000","0.0000","7000.0000"
"186","rabia saeed10","1130154","2026-09-26","JV-001101","sale_payment","555","Payment received against SALE/POS/2026/09/0462","0.0000","7000.0000","0.0000"
"77","RAMAL 1","1130052","2026-09-16","JV-000710","sale","400","Sale SALE/POS/2026/09/0337","22500.0000","0.0000","22500.0000"
"77","RAMAL 1","1130052","2026-09-16","JV-000711","sale_payment","416","Payment received against SALE/POS/2026/09/0337","0.0000","22500.0000","0.0000"
"243","ratna","1130212","2026-10-02","JV-004518","sale","605","Sale SALE/POS/2026/10/0526","11500.0000","0.0000","11500.0000"
"243","ratna","1130212","2026-10-02","JV-004520","sale_payment","628","Payment received against SALE/POS/2026/10/0526","0.0000","11500.0000","0.0000"
"218","RAYYAN 11","1130187","2026-09-30","JV-004381","sale","577","Sale SALE/POS/2026/09/0499","7719.0000","0.0000","7719.0000"
"218","RAYYAN 11","1130187","2026-09-30","JV-004383","sale_payment","600","Payment received against SALE/POS/2026/09/0499","0.0000","7719.0000","0.0000"
"24","Rehana Waqar","1130008","2026-08-29","JV-000093","sale","129","Sale SALE/POS/2026/08/0101","18300.5000","0.0000","18300.5000"
"24","Rehana Waqar","1130008","2026-08-29","JV-000094","sale_payment","128","Payment received against SALE/POS/2026/08/0101","0.0000","18300.5000","0.0000"
"70","RUBINA 1","1130048","2026-09-16","JV-000695","sale","394","Sale SALE/POS/2026/09/0331","21500.0000","0.0000","21500.0000"
"70","RUBINA 1","1130048","2026-09-16","JV-000696","sale_payment","410","Payment received against SALE/POS/2026/09/0331","0.0000","21500.0000","0.0000"
"70","RUBINA 1","1130048","2026-09-22","JV-000920","sale_payment","488","Refund paid against return SALE/POS/2026/09/0333","10750.0000","0.0000","10750.0000"
"70","RUBINA 1","1130048","2026-09-22","JV-000921","sale","471","Sale SALE/POS/2026/09/0402","7450.0000","0.0000","18200.0000"
"70","RUBINA 1","1130048","2026-09-22","JV-000922","sale_payment","489","Payment received against SALE/POS/2026/09/0402","0.0000","7450.0000","10750.0000"
"70","RUBINA 1","1130048","2026-09-22","JV-000941","sale_payment","497","Refund paid against return SALE/POS/2026/09/0332","10750.0000","0.0000","21500.0000"
"70","RUBINA 1","1130048","2026-09-22","JV-000942","sale_payment","498","Refund paid against return SALE/POS/2026/09/0331","21500.0000","0.0000","43000.0000"
"70","RUBINA 1","1130048","2026-09-22","JV-000947","sale","483","Sale SALE/POS/2026/09/0410","31850.0000","0.0000","74850.0000"
"70","RUBINA 1","1130048","2026-09-22","JV-000948","sale_payment","501","Payment received against SALE/POS/2026/09/0410","0.0000","31850.0000","43000.0000"
"70","RUBINA 1","1130048","2026-09-22","JV-001345","sale_return","470","Sale Return SALE/POS/2026/09/0333","0.0000","10750.0000","32250.0000"
"70","RUBINA 1","1130048","2026-09-22","JV-001348","sale_return","479","Sale Return SALE/POS/2026/09/0332","0.0000","10750.0000","21500.0000"
"70","RUBINA 1","1130048","2026-09-22","JV-001349","sale_return","480","Sale Return SALE/POS/2026/09/0331","0.0000","21500.0000","0.0000"
"223","RUSSAL","1130192","2026-09-30","JV-004400","sale","583","Sale SALE/POS/2026/09/0505","20950.0000","0.0000","20950.0000"
"223","RUSSAL","1130192","2026-09-30","JV-004402","sale_payment","606","Payment received against SALE/POS/2026/09/0505","0.0000","20950.0000","0.0000"
"42","SAAD KHAN","1130021","2026-09-08","JV-000409","sale","286","Sale SALE/POS/2026/09/0230","10500.0000","0.0000","10500.0000"
"42","SAAD KHAN","1130021","2026-09-08","JV-000410","sale_payment","292","Payment received against SALE/POS/2026/09/0230","0.0000","10500.0000","0.0000"
"43","SABA","1130022","2026-09-08","JV-000411","sale","287","Sale SALE/POS/2026/09/0231","10050.0000","0.0000","10050.0000"
"43","SABA","1130022","2026-09-08","JV-000412","sale_payment","293","Payment received against SALE/POS/2026/09/0231","0.0000","10050.0000","0.0000"
"125","Saba imran ","1130097","2026-09-21","JV-000885","sale","457","Sale SALE/POS/2026/09/0390","6700.0000","0.0000","6700.0000"
"125","Saba imran ","1130097","2026-09-21","JV-000886","sale_payment","475","Payment received against SALE/POS/2026/09/0390","0.0000","6700.0000","0.0000"
"62","sabooh","1130040","2026-09-14","JV-000642","sale","376","Sale SALE/POS/2026/09/0315","6800.0000","0.0000","6800.0000"
"62","sabooh","1130040","2026-09-14","JV-000643","sale_payment","390","Payment received against SALE/POS/2026/09/0315","0.0000","6800.0000","0.0000"
"189","SADAN ALI 11","1130157","2026-09-26","JV-001106","sale","540","Sale SALE/POS/2026/09/0465","8150.0000","0.0000","8150.0000"
"189","SADAN ALI 11","1130157","2026-09-26","JV-001107","sale_payment","560","Payment received against SALE/POS/2026/09/0465","0.0000","8150.0000","0.0000"
"67","sadaqat 1","1130045","2026-09-14","JV-000656","sale","382","Sale SALE/POS/2026/09/0320","10530.0000","0.0000","10530.0000"
"67","sadaqat 1","1130045","2026-09-14","JV-000657","sale_payment","396","Payment received against SALE/POS/2026/09/0320","0.0000","10530.0000","0.0000"
"167","Sahira Kamran","1130137","2026-09-25","JV-001048","sale","514","Sale SALE/POS/2026/09/0441","30000.0000","0.0000","30000.0000"
"167","Sahira Kamran","1130137","2026-09-25","JV-001049","sale_payment","532","Payment received against SALE/POS/2026/09/0441","0.0000","30000.0000","0.0000"
"26","SAIDA REHMAN","1130010","2026-08-29","JV-000097","sale","131","Sale SALE/POS/2026/08/0103","10157.5000","0.0000","10157.5000"
"26","SAIDA REHMAN","1130010","2026-08-29","JV-000098","sale_payment","130","Payment received against SALE/POS/2026/08/0103","0.0000","10157.5000","0.0000"
"93","SAlah uddin  2123","1130066","2026-09-17","JV-000767","sale","418","Sale SALE/POS/2026/09/0354","13000.0000","0.0000","13000.0000"
"93","SAlah uddin  2123","1130066","2026-09-17","JV-000768","sale_payment","436","Payment received against SALE/POS/2026/09/0354","0.0000","13000.0000","0.0000"
"249","salman 11","1130218","2026-10-02","JV-004538","sale","611","Sale SALE/POS/2026/10/0532","7000.0000","0.0000","7000.0000"
"249","salman 11","1130218","2026-10-02","JV-004540","sale_payment","634","Payment received against SALE/POS/2026/10/0532","0.0000","7000.0000","0.0000"
"52","sameer","1130031","2026-09-10","JV-000478","sale","316","Sale SALE/POS/2026/09/0259","23650.0000","0.0000","23650.0000"
"52","sameer","1130031","2026-09-10","JV-000479","sale_payment","328","Payment received against SALE/POS/2026/09/0259","0.0000","23500.0000","150.0000"
"246","sana","1130215","2026-10-02","JV-004527","sale","608","Sale SALE/POS/2026/10/0529","11500.0000","0.0000","11500.0000"
"246","sana","1130215","2026-10-02","JV-004529","sale_payment","631","Payment received against SALE/POS/2026/10/0529","0.0000","11500.0000","0.0000"
"99","sana 111","1130072","2026-09-18","JV-000790","sale","426","Sale SALE/POS/2026/09/0361","9500.0000","0.0000","9500.0000"
"99","sana 111","1130072","2026-09-18","JV-000791","sale_payment","444","Payment received against SALE/POS/2026/09/0361","0.0000","9500.0000","0.0000"
"252","sarim 11","1130221","2026-10-02","JV-004551","sale","614","Sale SALE/POS/2026/10/0535","10850.0000","0.0000","10850.0000"
"252","sarim 11","1130221","2026-10-02","JV-004553","sale_payment","637","Payment received against SALE/POS/2026/10/0535","0.0000","10850.0000","0.0000"
"121","sawera","1130092","2026-09-19","JV-000853","sale","447","Sale SALE/POS/2026/09/0382","8450.0000","0.0000","8450.0000"
"121","sawera","1130092","2026-09-19","JV-000854","sale_payment","465","Payment received against SALE/POS/2026/09/0382","0.0000","8450.0000","0.0000"
"178","Shabana 22","1130146","2026-09-25","JV-001068","sale","522","Sale SALE/POS/2026/09/0449","5500.0000","0.0000","5500.0000"
"178","Shabana 22","1130146","2026-09-25","JV-001069","sale_payment","540","Payment received against SALE/POS/2026/09/0449","0.0000","5500.0000","0.0000"
"136","shahbaz 123","1130108","2026-09-22","JV-000928","sale","473","Sale SALE/POS/2026/09/0404","14000.0000","0.0000","14000.0000"
"136","shahbaz 123","1130108","2026-09-22","JV-000929","sale_payment","491","Payment received against SALE/POS/2026/09/0404","0.0000","14000.0000","0.0000"
"129","shahida ashraf","1130103","2026-09-21","JV-000904","sale","466","Sale SALE/POS/2026/09/0398","47184.0000","0.0000","47184.0000"
"129","shahida ashraf","1130103","2026-09-21","JV-000905","sale_payment","484","Payment received against SALE/POS/2026/09/0398","0.0000","47000.0000","184.0000"
"37","Shahrukh ","1130020","2026-09-03","JV-000265","sale","234","Sale SALE/POS/2026/09/0179","8950.0000","0.0000","8950.0000"
"37","Shahrukh ","1130020","2026-09-03","JV-000266","sale_payment","239","Payment received against SALE/POS/2026/09/0179","0.0000","8950.0000","0.0000"
"37","Shahrukh ","1130020","2026-09-03","JV-000267","sale","235","Sale SALE/POS/2026/09/0180","8450.0000","0.0000","8450.0000"
"37","Shahrukh ","1130020","2026-09-03","JV-000268","sale_payment","240","Payment received against SALE/POS/2026/09/0180","0.0000","8450.0000","0.0000"
"180","Shahrukh","1130148","2026-09-26","JV-001074","sale","524","Sale SALE/POS/2026/09/0451","6750.0000","0.0000","6750.0000"
"180","Shahrukh","1130148","2026-09-26","JV-001075","sale_payment","542","Payment received against SALE/POS/2026/09/0451","0.0000","6750.0000","0.0000"
"207","Shahrukh","1130176","2026-09-29","JV-004331","sale","565","Sale SALE/POS/2026/09/0488","12000.0000","0.0000","12000.0000"
"207","Shahrukh","1130176","2026-09-29","JV-004333","sale_payment","588","Payment received against SALE/POS/2026/09/0488","0.0000","12000.0000","0.0000"
"239","Sharjeel","1130208","2026-10-01","JV-004489","sale","601","Sale SALE/POS/2026/10/0522","11700.0000","0.0000","11700.0000"
"239","Sharjeel","1130208","2026-10-01","JV-004491","sale_payment","624","Payment received against SALE/POS/2026/10/0522","0.0000","11700.0000","0.0000"
"242","shayan","1130211","2026-10-02","JV-004514","sale","604","Sale SALE/POS/2026/10/0525","19950.0000","0.0000","19950.0000"
"242","shayan","1130211","2026-10-02","JV-004516","sale_payment","627","Payment received against SALE/POS/2026/10/0525","0.0000","19950.0000","0.0000"
"146","SHAZIA 151","1130116","2026-09-23","JV-000967","sale","486","Sale SALE/POS/2026/09/0413","55000.0000","0.0000","55000.0000"
"146","SHAZIA 151","1130116","2026-09-23","JV-000968","sale_payment","504","Payment received against SALE/POS/2026/09/0413","0.0000","55000.0000","0.0000"
"146","SHAZIA 151","1130116","2026-09-29","JV-004328","sale","564","Sale SALE/POS/2026/09/0487","16250.0000","0.0000","16250.0000"
"146","SHAZIA 151","1130116","2026-09-29","JV-004330","sale_payment","587","Payment received against SALE/POS/2026/09/0487","0.0000","16250.0000","0.0000"
"146","SHAZIA 151","1130116","2026-09-29","JV-004364","sale_return","573","Sale Return SALE/POS/2026/09/0413","0.0000","9850.0000","-9850.0000"
"146","SHAZIA 151","1130116","2026-09-29","JV-004366","sale_payment","596","Refund paid against return SALE/POS/2026/09/0413","9850.0000","0.0000","0.0000"
"135","Shazmeen","1130107","2026-09-22","JV-000926","sale","472","Sale SALE/POS/2026/09/0403","19900.0000","0.0000","19900.0000"
"135","Shazmeen","1130107","2026-09-22","JV-000927","sale_payment","490","Payment received against SALE/POS/2026/09/0403","0.0000","19900.0000","0.0000"
"203","Sheikh Mohd Yousuf","1130171","2026-09-28","JV-001152","sale","557","Sale SALE/POS/2026/09/0480","8200.0000","0.0000","8200.0000"
"203","Sheikh Mohd Yousuf","1130171","2026-09-28","JV-001153","sale_payment","577","Payment received against SALE/POS/2026/09/0480","0.0000","8200.0000","0.0000"
"203","Sheikh Mohd Yousuf","1130171","2026-09-28","JV-001154","sale","558","Sale SALE/POS/2026/09/0481","25150.0000","0.0000","25150.0000"
"203","Sheikh Mohd Yousuf","1130171","2026-09-28","JV-001155","sale_payment","578","Payment received against SALE/POS/2026/09/0481","0.0000","25150.0000","0.0000"
"221","SHIREEN REHMAN","1130190","2026-09-30","JV-004391","sale","580","Sale SALE/POS/2026/09/0502","9000.0000","0.0000","9000.0000"
"221","SHIREEN REHMAN","1130190","2026-09-30","JV-004393","sale_payment","603","Payment received against SALE/POS/2026/09/0502","0.0000","9000.0000","0.0000"
"69","SHUMAILA 1","1130047","2026-09-16","JV-000693","sale","393","Sale SALE/POS/2026/09/0330","22000.0000","0.0000","22000.0000"
"69","SHUMAILA 1","1130047","2026-09-16","JV-000694","sale_payment","409","Payment received against SALE/POS/2026/09/0330","0.0000","22000.0000","0.0000"
"71","SIDRA ","1130049","2026-09-16","JV-000702","sale","397","Sale SALE/POS/2026/09/0334","8150.0000","0.0000","8150.0000"
"71","SIDRA ","1130049","2026-09-16","JV-000703","sale_payment","413","Payment received against SALE/POS/2026/09/0334","0.0000","8150.0000","0.0000"
"111","siya 456","1130083","2026-09-19","JV-000833","sale","438","Sale SALE/POS/2026/09/0373","13500.0000","0.0000","13500.0000"
"111","siya 456","1130083","2026-09-19","JV-000834","sale_payment","456","Payment received against SALE/POS/2026/09/0373","0.0000","13500.0000","0.0000"
"111","siya 456","1130083","2026-09-21","JV-000888","sale_payment","476","Refund paid against return SALE/POS/2026/09/0373","6550.0000","0.0000","6550.0000"
"111","siya 456","1130083","2026-09-21","JV-000889","sale","459","Sale SALE/POS/2026/09/0391","5450.0000","0.0000","12000.0000"
"111","siya 456","1130083","2026-09-21","JV-000890","sale_payment","477","Payment received against SALE/POS/2026/09/0391","0.0000","5450.0000","6550.0000"
"111","siya 456","1130083","2026-09-21","JV-001344","sale_return","458","Sale Return SALE/POS/2026/09/0373","0.0000","6550.0000","0.0000"
"160","Sofia","1130130","2026-09-25","JV-001030","sale","505","Sale SALE/POS/2026/09/0432","16400.0000","0.0000","16400.0000"
"160","Sofia","1130130","2026-09-25","JV-001031","sale_payment","523","Payment received against SALE/POS/2026/09/0432","0.0000","16400.0000","0.0000"
"160","Sofia","1130130","2026-09-25","JV-001032","sale","506","Sale SALE/POS/2026/09/0433","5500.0000","0.0000","5500.0000"
"160","Sofia","1130130","2026-09-25","JV-001033","sale_payment","524","Payment received against SALE/POS/2026/09/0433","0.0000","5500.0000","0.0000"
"160","Sofia","1130130","2026-09-25","JV-001036","sale","508","Sale SALE/POS/2026/09/0435","28469.0000","0.0000","28469.0000"
"160","Sofia","1130130","2026-09-25","JV-001037","sale_payment","526","Payment received against SALE/POS/2026/09/0435","0.0000","28400.0000","69.0000"
"160","Sofia","1130130","2026-09-25","JV-001038","sale","509","Sale SALE/POS/2026/09/0436","30973.0000","0.0000","31042.0000"
"160","Sofia","1130130","2026-09-25","JV-001039","sale_payment","527","Payment received against SALE/POS/2026/09/0436","0.0000","30973.0000","69.0000"
"244","Sohail","1130213","2026-10-02","JV-004521","sale","606","Sale SALE/POS/2026/10/0527","24000.0000","0.0000","24000.0000"
"244","Sohail","1130213","2026-10-02","JV-004523","sale_payment","629","Payment received against SALE/POS/2026/10/0527","0.0000","24000.0000","0.0000"
"165","Soma","1130135","2026-09-25","JV-001044","sale","512","Sale SALE/POS/2026/09/0439","16500.0000","0.0000","16500.0000"
"165","Soma","1130135","2026-09-25","JV-001045","sale_payment","530","Payment received against SALE/POS/2026/09/0439","0.0000","16500.0000","0.0000"
"83","SORIAYA ATHER ","1130056","2026-09-16","JV-000728","sale","407","Sale SALE/POS/2026/09/0343","8000.0000","0.0000","8000.0000"
"83","SORIAYA ATHER ","1130056","2026-09-16","JV-000729","sale_payment","425","Payment received against SALE/POS/2026/09/0343","0.0000","8000.0000","0.0000"
"51","sumaira iftikhar","1130030","2026-09-10","JV-000476","sale","315","Sale SALE/POS/2026/09/0258","20900.0000","0.0000","20900.0000"
"51","sumaira iftikhar","1130030","2026-09-10","JV-000477","sale_payment","327","Payment received against SALE/POS/2026/09/0258","0.0000","20900.0000","0.0000"
"49","sumaiya saudia","1130028","2026-09-09","JV-000433","sale","297","Sale SALE/POS/2026/09/0241","123150.0000","0.0000","123150.0000"
"49","sumaiya saudia","1130028","2026-09-09","JV-000434","sale_payment","304","Payment received against SALE/POS/2026/09/0241","0.0000","10000.0000","113150.0000"
"49","sumaiya saudia","1130028","2026-09-09","JV-000435","sale","298","Sale SALE/POS/2026/09/0242","22910.0000","0.0000","136060.0000"
"49","sumaiya saudia","1130028","2026-09-09","JV-000436","sale_payment","305","Payment received against SALE/POS/2026/09/0242","0.0000","22900.0000","113160.0000"
"49","sumaiya saudia","1130028","2026-09-09","JV-000437","sale","299","Sale SALE/POS/2026/09/0243","13700.0000","0.0000","126860.0000"
"49","sumaiya saudia","1130028","2026-09-09","JV-000438","sale_payment","306","Payment received against SALE/POS/2026/09/0243","0.0000","13700.0000","113160.0000"
"49","sumaiya saudia","1130028","2026-09-09","JV-001382","sale_payment","315","Refund paid against return SALE/POS/2026/09/0243","700.0000","0.0000","113860.0000"
"49","sumaiya saudia","1130028","2026-09-15","JV-001387","sale_payment","400","Payment received against SALE/POS/2026/09/0241","0.0000","113150.0000","710.0000"
"100","suraj 11","1130073","2026-09-18","JV-000792","sale","427","Sale SALE/POS/2026/09/0362","6603.0000","0.0000","6603.0000"
"100","suraj 11","1130073","2026-09-18","JV-000793","sale_payment","445","Payment received against SALE/POS/2026/09/0362","0.0000","6603.0000","0.0000"
"84","SYED aDNAN ALI 111","1130057","2026-09-16","JV-000730","sale","408","Sale SALE/POS/2026/09/0344","6850.0000","0.0000","6850.0000"
"84","SYED aDNAN ALI 111","1130057","2026-09-16","JV-000731","sale_payment","426","Payment received against SALE/POS/2026/09/0344","0.0000","6850.0000","0.0000"
"36","Syed Irfan Raza Shah","1130019","2026-09-02","JV-000262","sale","233","Sale SALE/POS/2026/09/0178","8650.0000","0.0000","8650.0000"
"36","Syed Irfan Raza Shah","1130019","2026-09-02","JV-000263","sale_payment","238","Payment received against SALE/POS/2026/09/0178","0.0000","8650.0000","0.0000"
"222","SYEDA LAIBA 11","1130191","2026-09-30","JV-004397","sale","582","Sale SALE/POS/2026/09/0504","10500.0000","0.0000","10500.0000"
"222","SYEDA LAIBA 11","1130191","2026-09-30","JV-004399","sale_payment","605","Payment received against SALE/POS/2026/09/0504","0.0000","10500.0000","0.0000"
"32","Syeda Rizvi","1130016","2026-09-01","JV-000242","sale","223","Sale SALE/POS/2026/09/0168","11050.0000","0.0000","11050.0000"
"32","Syeda Rizvi","1130016","2026-09-01","JV-000243","sale_payment","229","Payment received against SALE/POS/2026/09/0168","0.0000","11050.0000","0.0000"
"158","tabeer 11","1130128","2026-09-24","JV-001019","sale","503","Sale SALE/POS/2026/09/0430","8500.0000","0.0000","8500.0000"
"158","tabeer 11","1130128","2026-09-24","JV-001020","sale_payment","521","Payment received against SALE/POS/2026/09/0430","0.0000","8500.0000","0.0000"
"130","Tahir","1130101","2026-09-21","JV-000900","sale","464","Sale SALE/POS/2026/09/0396","6864.0000","0.0000","6864.0000"
"130","Tahir","1130101","2026-09-21","JV-000901","sale_payment","482","Payment received against SALE/POS/2026/09/0396","0.0000","6864.0000","0.0000"
"173","tanisha","1130142","2026-09-25","JV-001056","sale","518","Sale SALE/POS/2026/09/0445","6301.0000","0.0000","6301.0000"
"173","tanisha","1130142","2026-09-25","JV-001057","sale_payment","536","Payment received against SALE/POS/2026/09/0445","0.0000","6301.0000","0.0000"
"217","TARAB 11","1130186","2026-09-30","JV-004378","sale","576","Sale SALE/POS/2026/09/0498","15500.0000","0.0000","15500.0000"
"217","TARAB 11","1130186","2026-09-30","JV-004380","sale_payment","599","Payment received against SALE/POS/2026/09/0498","0.0000","15500.0000","0.0000"
"119","tasleem","1130091","2026-09-19","JV-000851","sale","446","Sale SALE/POS/2026/09/0381","6800.0000","0.0000","6800.0000"
"119","tasleem","1130091","2026-09-19","JV-000852","sale_payment","464","Payment received against SALE/POS/2026/09/0381","0.0000","6800.0000","0.0000"
"119","tasleem","1130091","2026-09-21","JV-000882","sale_payment","473","Refund paid against return SALE/POS/2026/09/0381","6800.0000","0.0000","6800.0000"
"119","tasleem","1130091","2026-09-21","JV-000883","sale","456","Sale SALE/POS/2026/09/0389","7280.0000","0.0000","14080.0000"
"119","tasleem","1130091","2026-09-21","JV-000884","sale_payment","474","Payment received against SALE/POS/2026/09/0389","0.0000","7280.0000","6800.0000"
"119","tasleem","1130091","2026-09-21","JV-001343","sale_return","455","Sale Return SALE/POS/2026/09/0381","0.0000","6800.0000","0.0000"
"34","Tehseen","1130018","2026-09-01","JV-000251","sale","228","Sale SALE/POS/2026/09/0173","10450.0000","0.0000","10450.0000"
"34","Tehseen","1130018","2026-09-01","JV-000252","sale_payment","233","Payment received against SALE/POS/2026/09/0173","0.0000","10450.0000","0.0000"
"122","Travor","1130094","2026-09-19","JV-000857","sale","449","Sale SALE/POS/2026/09/0384","22450.0000","0.0000","22450.0000"
"122","Travor","1130094","2026-09-19","JV-000858","sale_payment","467","Payment received against SALE/POS/2026/09/0384","0.0000","22450.0000","0.0000"
"122","Travor","1130094","2026-09-19","JV-000859","sale","450","Sale SALE/POS/2026/09/0385","20800.0000","0.0000","20800.0000"
"122","Travor","1130094","2026-09-19","JV-000860","sale_payment","468","Payment received against SALE/POS/2026/09/0385","0.0000","20800.0000","0.0000"
"122","Travor","1130094","2026-09-21","JV-000877","sale_payment","470","Refund paid against return SALE/POS/2026/09/0384","10500.0000","0.0000","10500.0000"
"122","Travor","1130094","2026-09-21","JV-000878","sale","453","Sale SALE/POS/2026/09/0387","10650.0000","0.0000","21150.0000"
"122","Travor","1130094","2026-09-21","JV-000879","sale_payment","471","Payment received against SALE/POS/2026/09/0387","0.0000","10650.0000","10500.0000"
"122","Travor","1130094","2026-09-21","JV-001342","sale_return","452","Sale Return SALE/POS/2026/09/0384","0.0000","10500.0000","0.0000"
"190","UMME AMMARA","1130158","2026-09-26","JV-001108","sale","541","Sale SALE/POS/2026/09/0466","9600.0000","0.0000","9600.0000"
"190","UMME AMMARA","1130158","2026-09-26","JV-001109","sale_payment","561","Payment received against SALE/POS/2026/09/0466","0.0000","9600.0000","0.0000"
"253","usma asim","1130222","2026-10-02","JV-004556","sale","615","Sale SALE/POS/2026/10/0536","12000.0000","0.0000","12000.0000"
"253","usma asim","1130222","2026-10-02","JV-004558","sale_payment","638","Payment received against SALE/POS/2026/10/0536","0.0000","12000.0000","0.0000"
"63","usman sadiq","1130041","2026-09-14","JV-000644","sale","377","Sale SALE/POS/2026/09/0316","7099.0000","0.0000","7099.0000"
"63","usman sadiq","1130041","2026-09-14","JV-000645","sale_payment","391","Payment received against SALE/POS/2026/09/0316","0.0000","7099.0000","0.0000"
"202","Uzma Hashmi","1130170","2026-09-28","JV-001146","sale","554","Sale SALE/POS/2026/09/0478","11500.0000","0.0000","11500.0000"
"202","Uzma Hashmi","1130170","2026-09-28","JV-001147","sale_payment","574","Payment received against SALE/POS/2026/09/0478","0.0000","11500.0000","0.0000"
"139","vishal 121","1130111","2026-09-22","JV-000937","sale","477","Sale SALE/POS/2026/09/0407","13250.0000","0.0000","13250.0000"
"139","vishal 121","1130111","2026-09-22","JV-000938","sale_payment","495","Payment received against SALE/POS/2026/09/0407","0.0000","13250.0000","0.0000"
"1","Walk-in Customer","1130002","2026-08-26","JV-000194","sale_payment","200","Refund paid against return SALE/POS/2026/08/0112","7335.0000","0.0000","7335.0000"
"1","Walk-in Customer","1130002","2026-08-28","JV-000031","sale","90","Sale SALE/POS/2026/08/0071","5350.0000","0.0000","12685.0000"
"1","Walk-in Customer","1130002","2026-08-28","JV-000032","sale_payment","84","Payment received against SALE/POS/2026/08/0071","0.0000","5350.0000","7335.0000"
"1","Walk-in Customer","1130002","2026-08-28","JV-000033","sale","92","Sale SALE/POS/2026/08/0072","13430.5000","0.0000","20765.5000"
"1","Walk-in Customer","1130002","2026-08-28","JV-000034","sale_payment","86","Payment received against SALE/POS/2026/08/0072","0.0000","13430.5000","7335.0000"
"1","Walk-in Customer","1130002","2026-08-28","JV-000035","sale","93","Sale SALE/POS/2026/08/0073","8550.0000","0.0000","15885.0000"
"1","Walk-in Customer","1130002","2026-08-28","JV-000036","sale_payment","87","Payment received against SALE/POS/2026/08/0073","0.0000","8550.0000","7335.0000"
"1","Walk-in Customer","1130002","2026-08-28","JV-000037","sale","94","Sale SALE/POS/2026/08/0074","5800.0000","0.0000","13135.0000"
"1","Walk-in Customer","1130002","2026-08-28","JV-000038","sale_payment","88","Payment received against SALE/POS/2026/08/0074","0.0000","5800.0000","7335.0000"
"1","Walk-in Customer","1130002","2026-08-28","JV-000039","sale","95","Sale SALE/POS/2026/08/0075","26000.0000","0.0000","33335.0000"
"1","Walk-in Customer","1130002","2026-08-28","JV-000040","sale_payment","89","Payment received against SALE/POS/2026/08/0075","0.0000","26000.0000","7335.0000"
"1","Walk-in Customer","1130002","2026-08-28","JV-000041","sale","97","Sale SALE/POS/2026/08/0076","37900.0000","0.0000","45235.0000"
"1","Walk-in Customer","1130002","2026-08-28","JV-000042","sale_payment","91","Payment received against SALE/POS/2026/08/0076","0.0000","37900.0000","7335.0000"
"1","Walk-in Customer","1130002","2026-08-28","JV-000043","sale","98","Sale SALE/POS/2026/08/0077","35750.0000","0.0000","43085.0000"
"1","Walk-in Customer","1130002","2026-08-28","JV-000044","sale_payment","92","Payment received against SALE/POS/2026/08/0077","0.0000","35750.0000","7335.0000"
"1","Walk-in Customer","1130002","2026-08-28","JV-000045","sale","99","Sale SALE/POS/2026/08/0078","26250.0000","0.0000","33585.0000"
"1","Walk-in Customer","1130002","2026-08-28","JV-000046","sale_payment","93","Payment received against SALE/POS/2026/08/0078","0.0000","26250.0000","7335.0000"
"1","Walk-in Customer","1130002","2026-08-28","JV-000047","sale","102","Sale SALE/POS/2026/08/0079","16070.0000","0.0000","23405.0000"
"1","Walk-in Customer","1130002","2026-08-28","JV-000048","sale_payment","96","Payment received against SALE/POS/2026/08/0079","0.0000","16070.0000","7335.0000"
"1","Walk-in Customer","1130002","2026-08-28","JV-000049","sale","103","Sale SALE/POS/2026/08/0080","17450.0000","0.0000","24785.0000"
"1","Walk-in Customer","1130002","2026-08-28","JV-000050","sale","104","Sale SALE/POS/2026/08/0081","7600.0000","0.0000","32385.0000"
"1","Walk-in Customer","1130002","2026-08-28","JV-000051","sale_payment","97","Payment received against SALE/POS/2026/08/0081","0.0000","7600.0000","24785.0000"
"1","Walk-in Customer","1130002","2026-08-28","JV-000052","sale","105","Sale SALE/POS/2026/08/0082","6750.0000","0.0000","31535.0000"
"1","Walk-in Customer","1130002","2026-08-28","JV-000053","sale_payment","98","Payment received against SALE/POS/2026/08/0082","0.0000","6750.0000","24785.0000"
"1","Walk-in Customer","1130002","2026-08-28","JV-000054","sale","106","Sale SALE/POS/2026/08/0083","34750.0000","0.0000","59535.0000"
"1","Walk-in Customer","1130002","2026-08-28","JV-000055","sale_payment","99","Payment received against SALE/POS/2026/08/0083","0.0000","34750.0000","24785.0000"
"1","Walk-in Customer","1130002","2026-08-28","JV-000056","sale","107","Sale SALE/POS/2026/08/0084","7350.0000","0.0000","32135.0000"
"1","Walk-in Customer","1130002","2026-08-28","JV-000057","sale_payment","101","Payment received against SALE/POS/2026/08/0084","0.0000","7350.0000","24785.0000"
"1","Walk-in Customer","1130002","2026-08-28","JV-001317","sale_return","91","Sale Return SALE/POS/2026/08/0071","0.0000","5350.0000","19435.0000"
"1","Walk-in Customer","1130002","2026-08-28","JV-001318","sale_return","96","Sale Return SALE/POS/2026/08/0075","0.0000","26000.0000","-6565.0000"
"1","Walk-in Customer","1130002","2026-08-28","JV-001319","sale_return","100","Sale Return SALE/POS/2026/08/0072","0.0000","13430.5000","-19995.5000"
"1","Walk-in Customer","1130002","2026-08-28","JV-001320","sale_return","101","Sale Return SALE/POS/2026/08/0073","0.0000","8550.0000","-28545.5000"
"1","Walk-in Customer","1130002","2026-08-28","JV-001354","sale_payment","85","Refund paid against return SALE/POS/2026/08/0071","5350.0000","0.0000","-23195.5000"
"1","Walk-in Customer","1130002","2026-08-28","JV-001355","sale_payment","90","Refund paid against return SALE/POS/2026/08/0075","26000.0000","0.0000","2804.5000"
"1","Walk-in Customer","1130002","2026-08-28","JV-001356","sale_payment","94","Refund paid against return SALE/POS/2026/08/0072","13430.5000","0.0000","16235.0000"
"1","Walk-in Customer","1130002","2026-08-28","JV-001357","sale_payment","95","Refund paid against return SALE/POS/2026/08/0073","8550.0000","0.0000","24785.0000"
"1","Walk-in Customer","1130002","2026-08-28","JV-001358","sale_payment","100","Payment received against SALE/POS/2026/08/0080","0.0000","17450.0000","7335.0000"
"1","Walk-in Customer","1130002","2026-08-29","JV-000058","sale","108","Sale SALE/POS/2026/08/0085","20825.0000","0.0000","28160.0000"
"1","Walk-in Customer","1130002","2026-08-29","JV-000059","sale_payment","104","Payment received against SALE/POS/2026/08/0085","0.0000","20825.0000","7335.0000"
"1","Walk-in Customer","1130002","2026-08-29","JV-000062","sale","111","Sale SALE/POS/2026/08/0087","11760.0000","0.0000","19095.0000"
"1","Walk-in Customer","1130002","2026-08-29","JV-000063","sale_payment","107","Payment received against SALE/POS/2026/08/0087","0.0000","11760.0000","7335.0000"
"1","Walk-in Customer","1130002","2026-08-29","JV-000064","sale","112","Sale SALE/POS/2026/08/0088","20825.0000","0.0000","28160.0000"
"1","Walk-in Customer","1130002","2026-08-29","JV-000065","sale_payment","108","Payment received against SALE/POS/2026/08/0088","0.0000","20825.0000","7335.0000"
"1","Walk-in Customer","1130002","2026-08-29","JV-000066","sale","113","Sale SALE/POS/2026/08/0089","20825.0000","0.0000","28160.0000"
"1","Walk-in Customer","1130002","2026-08-29","JV-000067","sale_payment","109","Payment received against SALE/POS/2026/08/0089","0.0000","20825.0000","7335.0000"
"1","Walk-in Customer","1130002","2026-08-29","JV-000068","sale","114","Sale SALE/POS/2026/08/0090","11760.0000","0.0000","19095.0000"
"1","Walk-in Customer","1130002","2026-08-29","JV-000069","sale_payment","110","Payment received against SALE/POS/2026/08/0090","0.0000","11760.0000","7335.0000"
"1","Walk-in Customer","1130002","2026-08-29","JV-000072","sale","119","Sale SALE/POS/2026/08/0092","19414.0000","0.0000","26749.0000"
"1","Walk-in Customer","1130002","2026-08-29","JV-000073","sale_payment","115","Payment received against SALE/POS/2026/08/0092","0.0000","19414.0000","7335.0000"
"1","Walk-in Customer","1130002","2026-08-29","JV-000074","sale","121","Sale SALE/POS/2026/08/0093","25400.0000","0.0000","32735.0000"
"1","Walk-in Customer","1130002","2026-08-29","JV-000075","sale_payment","117","Payment received against SALE/POS/2026/08/0093","0.0000","25400.0000","7335.0000"
"1","Walk-in Customer","1130002","2026-08-29","JV-000076","sale","122","Sale SALE/POS/2026/08/0094","20980.0500","0.0000","28315.0500"
"1","Walk-in Customer","1130002","2026-08-29","JV-000077","sale_payment","118","Payment received against SALE/POS/2026/08/0094","0.0000","20980.0500","7335.0000"
"1","Walk-in Customer","1130002","2026-08-29","JV-000080","sale_payment","121","Payment received against SALE/POS/2026/08/0096","0.0000","18962.5000","-11627.5000"
"1","Walk-in Customer","1130002","2026-08-29","JV-000082","sale","125","Sale SALE/POS/2026/08/0097","19072.5000","0.0000","7445.0000"
"1","Walk-in Customer","1130002","2026-08-29","JV-000083","sale_payment","124","Payment received against SALE/POS/2026/08/0097","0.0000","19072.5000","-11627.5000"
"1","Walk-in Customer","1130002","2026-08-29","JV-000087","sale","127","Sale SALE/POS/2026/08/0099","9360.0000","0.0000","-2267.5000"
"1","Walk-in Customer","1130002","2026-08-29","JV-000088","sale_payment","126","Payment received against SALE/POS/2026/08/0099","0.0000","9360.0000","-11627.5000"
"1","Walk-in Customer","1130002","2026-08-29","JV-000091","sale","128","Sale SALE/POS/2026/08/0100","14801.0500","0.0000","3173.5500"
"1","Walk-in Customer","1130002","2026-08-29","JV-000092","sale_payment","127","Payment received against SALE/POS/2026/08/0100","0.0000","14801.0500","-11627.5000"
"1","Walk-in Customer","1130002","2026-08-29","JV-000099","sale","132","Sale SALE/POS/2026/08/0104","14022.5000","0.0000","2395.0000"
"1","Walk-in Customer","1130002","2026-08-29","JV-000100","sale_payment","131","Payment received against SALE/POS/2026/08/0104","0.0000","14022.0000","-11627.0000"
"1","Walk-in Customer","1130002","2026-08-29","JV-000101","sale","133","Sale SALE/POS/2026/08/0105","13200.0000","0.0000","1573.0000"
"1","Walk-in Customer","1130002","2026-08-29","JV-000102","sale_payment","132","Payment received against SALE/POS/2026/08/0105","0.0000","13200.0000","-11627.0000"
"1","Walk-in Customer","1130002","2026-08-29","JV-000103","sale","134","Sale SALE/POS/2026/08/0106","4556.0000","0.0000","-7071.0000"
"1","Walk-in Customer","1130002","2026-08-29","JV-000104","sale_payment","133","Payment received against SALE/POS/2026/08/0106","0.0000","4556.0000","-11627.0000"
"1","Walk-in Customer","1130002","2026-08-29","JV-000105","sale","135","Sale SALE/POS/2026/08/0107","4934.2500","0.0000","-6692.7500"
"1","Walk-in Customer","1130002","2026-08-29","JV-000106","sale_payment","134","Payment received against SALE/POS/2026/08/0107","0.0000","4934.2500","-11627.0000"
"1","Walk-in Customer","1130002","2026-08-29","JV-000107","sale","136","Sale SALE/POS/2026/08/0108","16582.5000","0.0000","4955.5000"
"1","Walk-in Customer","1130002","2026-08-29","JV-000108","sale_payment","135","Payment received against SALE/POS/2026/08/0108","0.0000","16582.5000","-11627.0000"
"1","Walk-in Customer","1130002","2026-08-29","JV-000109","sale","137","Sale SALE/POS/2026/08/0109","17440.0000","0.0000","5813.0000"
"1","Walk-in Customer","1130002","2026-08-29","JV-000110","sale_payment","136","Payment received against SALE/POS/2026/08/0109","0.0000","17440.0000","-11627.0000"
"1","Walk-in Customer","1130002","2026-08-29","JV-000111","sale","138","Sale SALE/POS/2026/08/0110","27891.0000","0.0000","16264.0000"
"1","Walk-in Customer","1130002","2026-08-29","JV-000112","sale_payment","137","Payment received against SALE/POS/2026/08/0110","0.0000","27890.0000","-11626.0000"
"1","Walk-in Customer","1130002","2026-08-29","JV-000115","sale","140","Sale SALE/POS/2026/08/0112","14580.0000","0.0000","2954.0000"
"1","Walk-in Customer","1130002","2026-08-29","JV-000116","sale_payment","139","Payment received against SALE/POS/2026/08/0112","0.0000","14580.0000","-11626.0000"
"1","Walk-in Customer","1130002","2026-08-29","JV-000118","sale_payment","142","Payment received against SALE/POS/2026/08/0113","0.0000","19847.5000","-31473.5000"
"1","Walk-in Customer","1130002","2026-08-29","JV-001237","sale","123","Sale SALE/POS/2026/08/0095","23564.0000","0.0000","-7909.5000"
"1","Walk-in Customer","1130002","2026-08-29","JV-001238","sale","124","Sale SALE/POS/2026/08/0096","16200.0000","0.0000","8290.5000"
"1","Walk-in Customer","1130002","2026-08-29","JV-001239","sale","142","Sale SALE/POS/2026/08/0113","26572.0000","0.0000","34862.5000"
"1","Walk-in Customer","1130002","2026-08-29","JV-001321","sale_return","109","Sale Return SALE/POS/2026/08/0085","0.0000","20825.0000","14037.5000"
"1","Walk-in Customer","1130002","2026-08-29","JV-001322","sale_return","115","Sale Return SALE/POS/2026/08/0087","0.0000","14680.0000","-642.5000"
"1","Walk-in Customer","1130002","2026-08-29","JV-001323","sale_return","116","Sale Return SALE/POS/2026/08/0088","0.0000","20825.0000","-21467.5000"
"1","Walk-in Customer","1130002","2026-08-29","JV-001324","sale_return","117","Sale Return SALE/POS/2026/08/0089","0.0000","20825.0000","-42292.5000"
"1","Walk-in Customer","1130002","2026-08-29","JV-001325","sale_return","120","Sale Return SALE/POS/2026/08/0092","0.0000","22795.0000","-65087.5000"
"1","Walk-in Customer","1130002","2026-08-29","JV-001326","sale_return","141","Sale Return SALE/POS/2026/08/0090","0.0000","14700.0000","-79787.5000"
"1","Walk-in Customer","1130002","2026-08-29","JV-001327","sale_return","143","Sale Return SALE/POS/2026/08/0080","0.0000","5500.0000","-85287.5000"
"1","Walk-in Customer","1130002","2026-08-29","JV-001359","sale_payment","105","Refund paid against return SALE/POS/2026/08/0085","20825.0000","0.0000","-64462.5000"
"1","Walk-in Customer","1130002","2026-08-29","JV-001360","sale_payment","111","Refund paid against return SALE/POS/2026/08/0087","14680.0000","0.0000","-49782.5000"
"1","Walk-in Customer","1130002","2026-08-29","JV-001361","sale_payment","112","Refund paid against return SALE/POS/2026/08/0088","20825.0000","0.0000","-28957.5000"
"1","Walk-in Customer","1130002","2026-08-29","JV-001362","sale_payment","113","Refund paid against return SALE/POS/2026/08/0089","20825.0000","0.0000","-8132.5000"
"1","Walk-in Customer","1130002","2026-08-29","JV-001363","sale_payment","116","Refund paid against return SALE/POS/2026/08/0092","19414.0000","0.0000","11281.5000"
"1","Walk-in Customer","1130002","2026-08-29","JV-001364","sale_payment","119","Payment received against SALE/POS/2026/08/0089","0.0000","20825.0000","-9543.5000"
"1","Walk-in Customer","1130002","2026-08-29","JV-001365","sale_payment","120","Refund paid against return SALE/POS/2026/08/0089","20825.0000","0.0000","11281.5000"
"1","Walk-in Customer","1130002","2026-08-29","JV-001366","sale_payment","122","Refund paid against return SALE/POS/2026/08/0096","2762.5000","0.0000","14044.0000"
"1","Walk-in Customer","1130002","2026-08-29","JV-001367","sale_payment","123","Refund paid against return SALE/POS/2026/08/0087","14680.0000","0.0000","28724.0000"
"1","Walk-in Customer","1130002","2026-08-29","JV-001368","sale_payment","140","Refund paid against return SALE/POS/2026/08/0090","14680.0000","0.0000","43404.0000"
"1","Walk-in Customer","1130002","2026-08-29","JV-001369","sale_payment","141","Refund paid against return SALE/POS/2026/08/0092","3381.0000","0.0000","46785.0000"
"1","Walk-in Customer","1130002","2026-08-29","JV-001370","sale_payment","143","Refund paid against return SALE/POS/2026/08/0080","5500.0000","0.0000","52285.0000"
"1","Walk-in Customer","1130002","2026-08-29","JV-001371","sale_payment","144","Payment received against SALE/POS/2026/08/0087","0.0000","14680.0000","37605.0000"
"1","Walk-in Customer","1130002","2026-08-29","JV-001372","sale_payment","145","Refund paid against return SALE/POS/2026/08/0090","20.0000","0.0000","37625.0000"
"1","Walk-in Customer","1130002","2026-08-30","JV-000119","sale","144","Sale SALE/POS/2026/08/0114","7150.0000","0.0000","44775.0000"
"1","Walk-in Customer","1130002","2026-08-30","JV-000120","sale_payment","146","Payment received against SALE/POS/2026/08/0114","0.0000","7150.0000","37625.0000"
"1","Walk-in Customer","1130002","2026-08-30","JV-000121","sale","146","Sale SALE/POS/2026/08/0115","15640.0000","0.0000","53265.0000"
"1","Walk-in Customer","1130002","2026-08-30","JV-000122","sale","147","Sale SALE/POS/2026/08/0116","5058.0000","0.0000","58323.0000"
"1","Walk-in Customer","1130002","2026-08-30","JV-000123","sale_payment","149","Payment received against SALE/POS/2026/08/0116","0.0000","5058.0000","53265.0000"
"1","Walk-in Customer","1130002","2026-08-30","JV-000124","sale","148","Sale SALE/POS/2026/08/0117","6255.0000","0.0000","59520.0000"
"1","Walk-in Customer","1130002","2026-08-30","JV-000125","sale_payment","150","Payment received against SALE/POS/2026/08/0117","0.0000","6255.0000","53265.0000"
"1","Walk-in Customer","1130002","2026-08-30","JV-000126","sale","149","Sale SALE/POS/2026/08/0118","23680.0000","0.0000","76945.0000"
"1","Walk-in Customer","1130002","2026-08-30","JV-000127","sale_payment","151","Payment received against SALE/POS/2026/08/0118","0.0000","23680.0000","53265.0000"
"1","Walk-in Customer","1130002","2026-08-30","JV-000129","sale","151","Sale SALE/POS/2026/08/0119","10124.0000","0.0000","63389.0000"
"1","Walk-in Customer","1130002","2026-08-30","JV-000130","sale_payment","153","Payment received against SALE/POS/2026/08/0119","0.0000","10124.0000","53265.0000"
"1","Walk-in Customer","1130002","2026-08-30","JV-000131","sale","152","Sale SALE/POS/2026/08/0120","7863.0000","0.0000","61128.0000"
"1","Walk-in Customer","1130002","2026-08-30","JV-000132","sale_payment","154","Payment received against SALE/POS/2026/08/0120","0.0000","7863.0000","53265.0000"
"1","Walk-in Customer","1130002","2026-08-30","JV-000133","sale","153","Sale SALE/POS/2026/08/0121","27680.0000","0.0000","80945.0000"
"1","Walk-in Customer","1130002","2026-08-30","JV-000134","sale_payment","155","Payment received against SALE/POS/2026/08/0121","0.0000","27680.0000","53265.0000"
"1","Walk-in Customer","1130002","2026-08-30","JV-000136","sale","154","Sale SALE/POS/2026/08/0122","13770.0000","0.0000","67035.0000"
"1","Walk-in Customer","1130002","2026-08-30","JV-000137","sale_payment","156","Payment received against SALE/POS/2026/08/0122","0.0000","13770.0000","53265.0000"
"1","Walk-in Customer","1130002","2026-08-30","JV-000138","sale","155","Sale SALE/POS/2026/08/0123","7863.0000","0.0000","61128.0000"
"1","Walk-in Customer","1130002","2026-08-30","JV-000139","sale_payment","157","Payment received against SALE/POS/2026/08/0123","0.0000","7863.0000","53265.0000"
"1","Walk-in Customer","1130002","2026-08-30","JV-000140","sale","156","Sale SALE/POS/2026/08/0124","8543.0000","0.0000","61808.0000"
"1","Walk-in Customer","1130002","2026-08-30","JV-000141","sale_payment","158","Payment received against SALE/POS/2026/08/0124","0.0000","8543.0000","53265.0000"
"1","Walk-in Customer","1130002","2026-08-30","JV-000142","sale","157","Sale SALE/POS/2026/08/0125","14365.0000","0.0000","67630.0000"
"1","Walk-in Customer","1130002","2026-08-30","JV-000143","sale_payment","159","Payment received against SALE/POS/2026/08/0125","0.0000","14365.0000","53265.0000"
"1","Walk-in Customer","1130002","2026-08-30","JV-000144","sale","158","Sale SALE/POS/2026/08/0126","7608.0000","0.0000","60873.0000"
"1","Walk-in Customer","1130002","2026-08-30","JV-000145","sale_payment","160","Payment received against SALE/POS/2026/08/0126","0.0000","7608.0000","53265.0000"
"1","Walk-in Customer","1130002","2026-08-30","JV-000146","sale","159","Sale SALE/POS/2026/08/0127","7438.0000","0.0000","60703.0000"
"1","Walk-in Customer","1130002","2026-08-30","JV-000147","sale_payment","161","Payment received against SALE/POS/2026/08/0127","0.0000","7438.0000","53265.0000"
"1","Walk-in Customer","1130002","2026-08-30","JV-000148","sale","160","Sale SALE/POS/2026/08/0128","31960.0000","0.0000","85225.0000"
"1","Walk-in Customer","1130002","2026-08-30","JV-000149","sale_payment","162","Payment received against SALE/POS/2026/08/0128","0.0000","31960.0000","53265.0000"
"1","Walk-in Customer","1130002","2026-08-30","JV-000150","sale","161","Sale SALE/POS/2026/08/0129","35635.0000","0.0000","88900.0000"
"1","Walk-in Customer","1130002","2026-08-30","JV-000151","sale_payment","163","Payment received against SALE/POS/2026/08/0129","0.0000","35635.0000","53265.0000"
"1","Walk-in Customer","1130002","2026-08-30","JV-000152","sale","162","Sale SALE/POS/2026/08/0130","7438.0000","0.0000","60703.0000"
"1","Walk-in Customer","1130002","2026-08-30","JV-000153","sale_payment","164","Payment received against SALE/POS/2026/08/0130","0.0000","7438.0000","53265.0000"
"1","Walk-in Customer","1130002","2026-08-30","JV-000154","sale","163","Sale SALE/POS/2026/08/0131","12495.0000","0.0000","65760.0000"
"1","Walk-in Customer","1130002","2026-08-30","JV-000155","sale","164","Sale SALE/POS/2026/08/0132","7863.0000","0.0000","73623.0000"
"1","Walk-in Customer","1130002","2026-08-30","JV-000156","sale_payment","165","Payment received against SALE/POS/2026/08/0132","0.0000","7863.0000","65760.0000"
"1","Walk-in Customer","1130002","2026-08-30","JV-000157","sale","165","Sale SALE/POS/2026/08/0133","8145.0000","0.0000","73905.0000"
"1","Walk-in Customer","1130002","2026-08-30","JV-000158","sale_payment","167","Payment received against SALE/POS/2026/08/0133","0.0000","8145.0000","65760.0000"
"1","Walk-in Customer","1130002","2026-08-30","JV-000159","sale","166","Sale SALE/POS/2026/08/0134","5931.0000","0.0000","71691.0000"
"1","Walk-in Customer","1130002","2026-08-30","JV-000160","sale_payment","168","Payment received against SALE/POS/2026/08/0134","0.0000","5931.0000","65760.0000"
"1","Walk-in Customer","1130002","2026-08-30","JV-000161","sale","167","Sale SALE/POS/2026/08/0135","7150.0000","0.0000","72910.0000"
"1","Walk-in Customer","1130002","2026-08-30","JV-000162","sale_payment","169","Payment received against SALE/POS/2026/08/0135","0.0000","7150.0000","65760.0000"
"1","Walk-in Customer","1130002","2026-08-30","JV-001328","sale_return","145","Sale Return SALE/POS/2026/08/0114","0.0000","8397.0000","57363.0000"
"1","Walk-in Customer","1130002","2026-08-30","JV-001329","sale_return","150","Sale Return SALE/POS/2026/08/0106","0.0000","5675.0000","51688.0000"
"1","Walk-in Customer","1130002","2026-08-30","JV-001373","sale_payment","147","Refund paid against return SALE/POS/2026/08/0114","8397.0000","0.0000","60085.0000"
"1","Walk-in Customer","1130002","2026-08-30","JV-001374","sale_payment","148","Payment received against SALE/POS/2026/08/0115","0.0000","15640.0000","44445.0000"
"1","Walk-in Customer","1130002","2026-08-30","JV-001375","sale_payment","152","Refund paid against return SALE/POS/2026/08/0106","5675.0000","0.0000","50120.0000"
"1","Walk-in Customer","1130002","2026-08-30","JV-001376","sale_payment","166","Payment received against SALE/POS/2026/08/0131","0.0000","12495.0000","37625.0000"
"1","Walk-in Customer","1130002","2026-08-31","JV-000195","sale","195","Sale SALE/POS/2026/08/0150","5950.0000","0.0000","43575.0000"
"1","Walk-in Customer","1130002","2026-08-31","JV-000196","sale_payment","201","Payment received against SALE/POS/2026/08/0150","0.0000","5950.0000","37625.0000"
"1","Walk-in Customer","1130002","2026-08-31","JV-000206","sale","201","Sale SALE/POS/2026/08/0154","11050.0000","0.0000","48675.0000"
"1","Walk-in Customer","1130002","2026-08-31","JV-000207","sale_payment","207","Payment received against SALE/POS/2026/08/0154","0.0000","11050.0000","37625.0000"
"1","Walk-in Customer","1130002","2026-08-31","JV-000210","sale","203","Sale SALE/POS/2026/08/0156","7950.0000","0.0000","45575.0000"
"1","Walk-in Customer","1130002","2026-08-31","JV-000211","sale_payment","209","Payment received against SALE/POS/2026/08/0156","0.0000","7950.0000","37625.0000"
"1","Walk-in Customer","1130002","2026-08-31","JV-000212","sale","204","Sale SALE/POS/2026/08/0157","20200.0000","0.0000","57825.0000"
"1","Walk-in Customer","1130002","2026-08-31","JV-000213","sale_payment","210","Payment received against SALE/POS/2026/08/0157","0.0000","20200.0000","37625.0000"
"1","Walk-in Customer","1130002","2026-08-31","JV-000214","sale","205","Sale SALE/POS/2026/08/0158","9250.0000","0.0000","46875.0000"
"1","Walk-in Customer","1130002","2026-08-31","JV-000215","sale_payment","211","Payment received against SALE/POS/2026/08/0158","0.0000","9250.0000","37625.0000"
"1","Walk-in Customer","1130002","2026-08-31","JV-001330","sale_return","194","Sale Return SALE/POS/2026/08/0112","0.0000","8140.0000","29485.0000"
"1","Walk-in Customer","1130002","2026-09-01","JV-000220","sale_payment","214","Refund paid against return SALE/POS/2026/09/0160","11950.0000","0.0000","41435.0000"
"1","Walk-in Customer","1130002","2026-09-01","JV-000244","sale","224","Sale SALE/POS/2026/09/0169","8750.0000","0.0000","50185.0000"
"1","Walk-in Customer","1130002","2026-09-01","JV-000245","sale_payment","230","Payment received against SALE/POS/2026/09/0169","0.0000","8750.0000","41435.0000"
"1","Walk-in Customer","1130002","2026-09-01","JV-000248","sale","226","Sale SALE/POS/2026/09/0171","7950.0000","0.0000","49385.0000"
"1","Walk-in Customer","1130002","2026-09-01","JV-000249","sale","227","Sale SALE/POS/2026/09/0172","6850.0000","0.0000","56235.0000"
"1","Walk-in Customer","1130002","2026-09-01","JV-000250","sale_payment","232","Payment received against SALE/POS/2026/09/0172","0.0000","6850.0000","49385.0000"
"1","Walk-in Customer","1130002","2026-09-01","JV-000253","sale","229","Sale SALE/POS/2026/09/0174","14850.0000","0.0000","64235.0000"
"1","Walk-in Customer","1130002","2026-09-01","JV-000254","sale_payment","234","Payment received against SALE/POS/2026/09/0174","0.0000","14850.0000","49385.0000"
"1","Walk-in Customer","1130002","2026-09-01","JV-000256","sale","230","Sale SALE/POS/2026/09/0175","11500.0000","0.0000","60885.0000"
"1","Walk-in Customer","1130002","2026-09-01","JV-000257","sale_payment","235","Payment received against SALE/POS/2026/09/0175","0.0000","11500.0000","49385.0000"
"1","Walk-in Customer","1130002","2026-09-01","JV-001377","sale_payment","236","Payment received against SALE/POS/2026/09/0171","0.0000","7950.0000","41435.0000"
"1","Walk-in Customer","1130002","2026-09-02","JV-000259","sale","231","Sale SALE/POS/2026/09/0176","6550.0000","0.0000","47985.0000"
"1","Walk-in Customer","1130002","2026-09-02","JV-000260","sale_payment","237","Payment received against SALE/POS/2026/09/0176","0.0000","6500.0000","41485.0000"
"1","Walk-in Customer","1130002","2026-09-02","JV-000261","sale","232","Sale SALE/POS/2026/09/0177","10500.0000","0.0000","51985.0000"
"1","Walk-in Customer","1130002","2026-09-03","JV-000269","sale","236","Sale SALE/POS/2026/09/0181","13500.0000","0.0000","65485.0000"
"1","Walk-in Customer","1130002","2026-09-03","JV-000270","sale_payment","241","Payment received against SALE/POS/2026/09/0181","0.0000","13500.0000","51985.0000"
"1","Walk-in Customer","1130002","2026-09-04","JV-000271","sale","237","Sale SALE/POS/2026/09/0182","6500.0000","0.0000","58485.0000"
"1","Walk-in Customer","1130002","2026-09-04","JV-000272","sale_payment","242","Payment received against SALE/POS/2026/09/0182","0.0000","6500.0000","51985.0000"
"1","Walk-in Customer","1130002","2026-09-04","JV-000273","sale","238","Sale SALE/POS/2026/09/0183","19013.0000","0.0000","70998.0000"
"1","Walk-in Customer","1130002","2026-09-04","JV-000274","sale_payment","243","Payment received against SALE/POS/2026/09/0183","0.0000","19000.0000","51998.0000"
"1","Walk-in Customer","1130002","2026-09-04","JV-000275","sale","239","Sale SALE/POS/2026/09/0184","6850.0000","0.0000","58848.0000"
"1","Walk-in Customer","1130002","2026-09-04","JV-000276","sale_payment","244","Payment received against SALE/POS/2026/09/0184","0.0000","6850.0000","51998.0000"
"1","Walk-in Customer","1130002","2026-09-04","JV-000277","sale","240","Sale SALE/POS/2026/09/0185","9850.0000","0.0000","61848.0000"
"1","Walk-in Customer","1130002","2026-09-04","JV-000278","sale_payment","245","Payment received against SALE/POS/2026/09/0185","0.0000","9850.0000","51998.0000"
"1","Walk-in Customer","1130002","2026-09-04","JV-000280","sale","241","Sale SALE/POS/2026/09/0186","25212.0000","0.0000","77210.0000"
"1","Walk-in Customer","1130002","2026-09-04","JV-000281","sale_payment","246","Payment received against SALE/POS/2026/09/0186","0.0000","25000.0000","52210.0000"
"1","Walk-in Customer","1130002","2026-09-04","JV-000283","sale","242","Sale SALE/POS/2026/09/0187","10500.0000","0.0000","62710.0000"
"1","Walk-in Customer","1130002","2026-09-04","JV-000284","sale_payment","247","Payment received against SALE/POS/2026/09/0187","0.0000","10500.0000","52210.0000"
"1","Walk-in Customer","1130002","2026-09-04","JV-000285","sale","243","Sale SALE/POS/2026/09/0188","9950.0000","0.0000","62160.0000"
"1","Walk-in Customer","1130002","2026-09-04","JV-000286","sale_payment","248","Payment received against SALE/POS/2026/09/0188","0.0000","9950.0000","52210.0000"
"1","Walk-in Customer","1130002","2026-09-04","JV-000287","sale","244","Sale SALE/POS/2026/09/0189","7425.0000","0.0000","59635.0000"
"1","Walk-in Customer","1130002","2026-09-04","JV-000288","sale_payment","249","Payment received against SALE/POS/2026/09/0189","0.0000","7425.0000","52210.0000"
"1","Walk-in Customer","1130002","2026-09-04","JV-000289","sale","245","Sale SALE/POS/2026/09/0190","14025.0000","0.0000","66235.0000"
"1","Walk-in Customer","1130002","2026-09-04","JV-000290","sale_payment","250","Payment received against SALE/POS/2026/09/0190","0.0000","14000.0000","52235.0000"
"1","Walk-in Customer","1130002","2026-09-04","JV-000295","sale","246","Sale SALE/POS/2026/09/0191","23000.0000","0.0000","75235.0000"
"1","Walk-in Customer","1130002","2026-09-04","JV-000296","sale_payment","251","Payment received against SALE/POS/2026/09/0191","0.0000","23000.0000","52235.0000"
"1","Walk-in Customer","1130002","2026-09-05","JV-000299","sale","247","Sale SALE/POS/2026/09/0192","18651.0000","0.0000","70886.0000"
"1","Walk-in Customer","1130002","2026-09-05","JV-000300","sale_payment","252","Payment received against SALE/POS/2026/09/0192","0.0000","18651.0000","52235.0000"
"1","Walk-in Customer","1130002","2026-09-05","JV-000301","sale","248","Sale SALE/POS/2026/09/0193","10500.0000","0.0000","62735.0000"
"1","Walk-in Customer","1130002","2026-09-05","JV-000302","sale_payment","253","Payment received against SALE/POS/2026/09/0193","0.0000","10500.0000","52235.0000"
"1","Walk-in Customer","1130002","2026-09-05","JV-000303","sale","249","Sale SALE/POS/2026/09/0194","22450.0000","0.0000","74685.0000"
"1","Walk-in Customer","1130002","2026-09-05","JV-000304","sale_payment","254","Payment received against SALE/POS/2026/09/0194","0.0000","22450.0000","52235.0000"
"1","Walk-in Customer","1130002","2026-09-05","JV-000305","sale","250","Sale SALE/POS/2026/09/0195","10000.0000","0.0000","62235.0000"
"1","Walk-in Customer","1130002","2026-09-05","JV-000306","sale_payment","255","Payment received against SALE/POS/2026/09/0195","0.0000","10000.0000","52235.0000"
"1","Walk-in Customer","1130002","2026-09-05","JV-000307","sale","251","Sale SALE/POS/2026/09/0196","7650.0000","0.0000","59885.0000"
"1","Walk-in Customer","1130002","2026-09-05","JV-000308","sale_payment","256","Payment received against SALE/POS/2026/09/0196","0.0000","7650.0000","52235.0000"
"1","Walk-in Customer","1130002","2026-09-05","JV-000309","sale","252","Sale SALE/POS/2026/09/0197","18525.0000","0.0000","70760.0000"
"1","Walk-in Customer","1130002","2026-09-05","JV-000310","sale_payment","257","Payment received against SALE/POS/2026/09/0197","0.0000","18500.0000","52260.0000"
"1","Walk-in Customer","1130002","2026-09-05","JV-000311","sale","253","Sale SALE/POS/2026/09/0198","6850.0000","0.0000","59110.0000"
"1","Walk-in Customer","1130002","2026-09-05","JV-000312","sale_payment","258","Payment received against SALE/POS/2026/09/0198","0.0000","6850.0000","52260.0000"
"1","Walk-in Customer","1130002","2026-09-05","JV-000314","sale","254","Sale SALE/POS/2026/09/0199","11908.0000","0.0000","64168.0000"
"1","Walk-in Customer","1130002","2026-09-05","JV-000315","sale_payment","259","Payment received against SALE/POS/2026/09/0199","0.0000","11900.0000","52268.0000"
"1","Walk-in Customer","1130002","2026-09-05","JV-000316","sale","255","Sale SALE/POS/2026/09/0200","47650.0000","0.0000","99918.0000"
"1","Walk-in Customer","1130002","2026-09-05","JV-000317","sale_payment","260","Payment received against SALE/POS/2026/09/0200","0.0000","47650.0000","52268.0000"
"1","Walk-in Customer","1130002","2026-09-05","JV-000318","sale","256","Sale SALE/POS/2026/09/0201","12050.0000","0.0000","64318.0000"
"1","Walk-in Customer","1130002","2026-09-05","JV-000319","sale_payment","261","Payment received against SALE/POS/2026/09/0201","0.0000","12050.0000","52268.0000"
"1","Walk-in Customer","1130002","2026-09-05","JV-000320","sale","257","Sale SALE/POS/2026/09/0202","17149.0000","0.0000","69417.0000"
"1","Walk-in Customer","1130002","2026-09-05","JV-000321","sale_payment","262","Payment received against SALE/POS/2026/09/0202","0.0000","17149.0000","52268.0000"
"1","Walk-in Customer","1130002","2026-09-05","JV-000322","sale","258","Sale SALE/POS/2026/09/0203","22350.0000","0.0000","74618.0000"
"1","Walk-in Customer","1130002","2026-09-05","JV-000323","sale_payment","263","Payment received against SALE/POS/2026/09/0203","0.0000","22350.0000","52268.0000"
"1","Walk-in Customer","1130002","2026-09-05","JV-000324","sale","259","Sale SALE/POS/2026/09/0204","7950.0000","0.0000","60218.0000"
"1","Walk-in Customer","1130002","2026-09-05","JV-000325","sale_payment","264","Payment received against SALE/POS/2026/09/0204","0.0000","7950.0000","52268.0000"
"1","Walk-in Customer","1130002","2026-09-05","JV-000326","sale","260","Sale SALE/POS/2026/09/0205","13750.0000","0.0000","66018.0000"
"1","Walk-in Customer","1130002","2026-09-05","JV-000327","sale_payment","265","Payment received against SALE/POS/2026/09/0205","0.0000","13750.0000","52268.0000"
"1","Walk-in Customer","1130002","2026-09-05","JV-000328","sale","261","Sale SALE/POS/2026/09/0206","6850.0000","0.0000","59118.0000"
"1","Walk-in Customer","1130002","2026-09-05","JV-000329","sale_payment","266","Payment received against SALE/POS/2026/09/0206","0.0000","6850.0000","52268.0000"
"1","Walk-in Customer","1130002","2026-09-05","JV-000330","sale","262","Sale SALE/POS/2026/09/0207","15850.0000","0.0000","68118.0000"
"1","Walk-in Customer","1130002","2026-09-05","JV-000331","sale_payment","267","Payment received against SALE/POS/2026/09/0207","0.0000","15850.0000","52268.0000"
"1","Walk-in Customer","1130002","2026-09-05","JV-000332","sale","263","Sale SALE/POS/2026/09/0208","28045.0000","0.0000","80313.0000"
"1","Walk-in Customer","1130002","2026-09-05","JV-000333","sale_payment","268","Payment received against SALE/POS/2026/09/0208","0.0000","28000.0000","52313.0000"
"1","Walk-in Customer","1130002","2026-09-05","JV-000334","sale","264","Sale SALE/POS/2026/09/0209","11950.0000","0.0000","64263.0000"
"1","Walk-in Customer","1130002","2026-09-05","JV-000335","sale_payment","269","Payment received against SALE/POS/2026/09/0209","0.0000","11950.0000","52313.0000"
"1","Walk-in Customer","1130002","2026-09-05","JV-000344","sale","265","Sale SALE/POS/2026/09/0210","8955.0000","0.0000","61268.0000"
"1","Walk-in Customer","1130002","2026-09-05","JV-000345","sale_payment","270","Payment received against SALE/POS/2026/09/0210","0.0000","8955.0000","52313.0000"
"1","Walk-in Customer","1130002","2026-09-05","JV-000346","sale","266","Sale SALE/POS/2026/09/0211","15500.0000","0.0000","67813.0000"
"1","Walk-in Customer","1130002","2026-09-05","JV-000347","sale_payment","271","Payment received against SALE/POS/2026/09/0211","0.0000","15500.0000","52313.0000"
"1","Walk-in Customer","1130002","2026-09-05","JV-000349","sale","267","Sale SALE/POS/2026/09/0212","10950.0000","0.0000","63263.0000"
"1","Walk-in Customer","1130002","2026-09-05","JV-000350","sale_payment","272","Payment received against SALE/POS/2026/09/0212","0.0000","10950.0000","52313.0000"
"1","Walk-in Customer","1130002","2026-09-06","JV-000358","sale","268","Sale SALE/POS/2026/09/0213","11900.0000","0.0000","64213.0000"
"1","Walk-in Customer","1130002","2026-09-06","JV-000359","sale_payment","273","Payment received against SALE/POS/2026/09/0213","0.0000","11900.0000","52313.0000"
"1","Walk-in Customer","1130002","2026-09-06","JV-000360","sale","269","Sale SALE/POS/2026/09/0214","14040.0000","0.0000","66353.0000"
"1","Walk-in Customer","1130002","2026-09-06","JV-000361","sale_payment","274","Payment received against SALE/POS/2026/09/0214","0.0000","14000.0000","52353.0000"
"1","Walk-in Customer","1130002","2026-09-06","JV-000363","sale","270","Sale SALE/POS/2026/09/0215","17500.0000","0.0000","69853.0000"
"1","Walk-in Customer","1130002","2026-09-06","JV-000364","sale_payment","275","Payment received against SALE/POS/2026/09/0215","0.0000","17500.0000","52353.0000"
"1","Walk-in Customer","1130002","2026-09-06","JV-000365","sale","271","Sale SALE/POS/2026/09/0216","38450.0000","0.0000","90803.0000"
"1","Walk-in Customer","1130002","2026-09-06","JV-000366","sale_payment","276","Payment received against SALE/POS/2026/09/0216","0.0000","38450.0000","52353.0000"
"1","Walk-in Customer","1130002","2026-09-07","JV-000371","sale","272","Sale SALE/POS/2026/09/0217","21000.0000","0.0000","73353.0000"
"1","Walk-in Customer","1130002","2026-09-07","JV-000372","sale_payment","277","Payment received against SALE/POS/2026/09/0217","0.0000","21000.0000","52353.0000"
"1","Walk-in Customer","1130002","2026-09-07","JV-000375","sale","273","Sale SALE/POS/2026/09/0218","7750.0000","0.0000","60103.0000"
"1","Walk-in Customer","1130002","2026-09-07","JV-000376","sale_payment","278","Payment received against SALE/POS/2026/09/0218","0.0000","7750.0000","52353.0000"
"1","Walk-in Customer","1130002","2026-09-07","JV-000377","sale","274","Sale SALE/POS/2026/09/0219","8950.0000","0.0000","61303.0000"
"1","Walk-in Customer","1130002","2026-09-07","JV-000378","sale_payment","279","Payment received against SALE/POS/2026/09/0219","0.0000","8950.0000","52353.0000"
"1","Walk-in Customer","1130002","2026-09-07","JV-000379","sale","275","Sale SALE/POS/2026/09/0220","27945.0000","0.0000","80298.0000"
"1","Walk-in Customer","1130002","2026-09-07","JV-000380","sale_payment","280","Payment received against SALE/POS/2026/09/0220","0.0000","27945.0000","52353.0000"
"1","Walk-in Customer","1130002","2026-09-07","JV-000381","sale","276","Sale SALE/POS/2026/09/0221","14400.0000","0.0000","66753.0000"
"1","Walk-in Customer","1130002","2026-09-07","JV-000382","sale_payment","281","Payment received against SALE/POS/2026/09/0221","0.0000","14400.0000","52353.0000"
"1","Walk-in Customer","1130002","2026-09-07","JV-000384","sale","277","Sale SALE/POS/2026/09/0222","8150.0000","0.0000","60503.0000"
"1","Walk-in Customer","1130002","2026-09-07","JV-000385","sale_payment","282","Payment received against SALE/POS/2026/09/0222","0.0000","8150.0000","52353.0000"
"1","Walk-in Customer","1130002","2026-09-07","JV-000387","sale","278","Sale SALE/POS/2026/09/0223","6950.0000","0.0000","59303.0000"
"1","Walk-in Customer","1130002","2026-09-07","JV-000388","sale_payment","283","Payment received against SALE/POS/2026/09/0223","0.0000","6950.0000","52353.0000"
"1","Walk-in Customer","1130002","2026-09-07","JV-000390","sale","279","Sale SALE/POS/2026/09/0224","8000.0000","0.0000","60353.0000"
"1","Walk-in Customer","1130002","2026-09-07","JV-000391","sale_payment","284","Payment received against SALE/POS/2026/09/0224","0.0000","8000.0000","52353.0000"
"1","Walk-in Customer","1130002","2026-09-07","JV-000393","sale","280","Sale SALE/POS/2026/09/0225","7650.0000","0.0000","60003.0000"
"1","Walk-in Customer","1130002","2026-09-07","JV-000394","sale_payment","285","Payment received against SALE/POS/2026/09/0225","0.0000","7650.0000","52353.0000"
"1","Walk-in Customer","1130002","2026-09-07","JV-001378","sale_payment","286","Payment received against SALE/POS/2026/08/0095","0.0000","23564.0000","28789.0000"
"1","Walk-in Customer","1130002","2026-09-08","JV-000402","sale","283","Sale SALE/POS/2026/09/0228","5550.0000","0.0000","34339.0000"
"1","Walk-in Customer","1130002","2026-09-08","JV-000403","sale_payment","289","Refund paid against return SALE/POS/2026/09/0228","1050.0000","0.0000","35389.0000"
"1","Walk-in Customer","1130002","2026-09-08","JV-000405","sale_payment","290","Refund paid against return SALE/POS/2026/09/0221","14400.0000","0.0000","49789.0000"
"1","Walk-in Customer","1130002","2026-09-08","JV-000416","sale","290","Sale SALE/POS/2026/09/0234","18850.0000","0.0000","68639.0000"
"1","Walk-in Customer","1130002","2026-09-08","JV-000417","sale_payment","295","Payment received against SALE/POS/2026/09/0234","0.0000","18850.0000","49789.0000"
"1","Walk-in Customer","1130002","2026-09-08","JV-001332","sale_return","284","Sale Return SALE/POS/2026/09/0221","0.0000","14400.0000","35389.0000"
"1","Walk-in Customer","1130002","2026-09-09","JV-000431","sale","296","Sale SALE/POS/2026/09/0240","7650.0000","0.0000","43039.0000"
"1","Walk-in Customer","1130002","2026-09-09","JV-000432","sale_payment","303","Payment received against SALE/POS/2026/09/0240","0.0000","7650.0000","35389.0000"
"1","Walk-in Customer","1130002","2026-09-09","JV-000439","sale","300","Sale SALE/POS/2026/09/0244","7650.0000","0.0000","43039.0000"
"1","Walk-in Customer","1130002","2026-09-09","JV-000440","sale_payment","307","Payment received against SALE/POS/2026/09/0244","0.0000","7650.0000","35389.0000"
"1","Walk-in Customer","1130002","2026-09-09","JV-000442","sale","301","Sale SALE/POS/2026/09/0245","7150.0000","0.0000","42539.0000"
"1","Walk-in Customer","1130002","2026-09-09","JV-000443","sale_payment","308","Payment received against SALE/POS/2026/09/0245","0.0000","7150.0000","35389.0000"
"1","Walk-in Customer","1130002","2026-09-09","JV-000444","sale","302","Sale SALE/POS/2026/09/0246","16500.0000","0.0000","51889.0000"
"1","Walk-in Customer","1130002","2026-09-09","JV-000445","sale_payment","309","Payment received against SALE/POS/2026/09/0246","0.0000","16500.0000","35389.0000"
"1","Walk-in Customer","1130002","2026-09-09","JV-000446","sale","303","Sale SALE/POS/2026/09/0247","18483.0000","0.0000","53872.0000"
"1","Walk-in Customer","1130002","2026-09-09","JV-000447","sale_payment","310","Payment received against SALE/POS/2026/09/0247","0.0000","18480.0000","35392.0000"
"1","Walk-in Customer","1130002","2026-09-09","JV-000448","sale","304","Sale SALE/POS/2026/09/0248","22993.0000","0.0000","58385.0000"
"1","Walk-in Customer","1130002","2026-09-09","JV-000449","sale_payment","311","Payment received against SALE/POS/2026/09/0248","0.0000","22993.0000","35392.0000"
"1","Walk-in Customer","1130002","2026-09-09","JV-000450","sale_payment","312","Refund paid against return SALE/POS/2026/09/0248","7.0000","0.0000","35399.0000"
"1","Walk-in Customer","1130002","2026-09-09","JV-000451","sale","305","Sale SALE/POS/2026/09/0249","11700.0000","0.0000","47099.0000"
"1","Walk-in Customer","1130002","2026-09-09","JV-000452","sale_payment","316","Payment received against SALE/POS/2026/09/0249","0.0000","11700.0000","35399.0000"
"1","Walk-in Customer","1130002","2026-09-10","JV-000460","sale","307","Sale SALE/POS/2026/09/0251","19800.0000","0.0000","55199.0000"
"1","Walk-in Customer","1130002","2026-09-10","JV-000461","sale_payment","318","Payment received against SALE/POS/2026/09/0251","0.0000","19800.0000","35399.0000"
"1","Walk-in Customer","1130002","2026-09-10","JV-000462","sale","308","Sale SALE/POS/2026/09/0252","11500.0000","0.0000","46899.0000"
"1","Walk-in Customer","1130002","2026-09-10","JV-000463","sale_payment","319","Payment received against SALE/POS/2026/09/0252","0.0000","11500.0000","35399.0000"
"1","Walk-in Customer","1130002","2026-09-10","JV-000464","sale","309","Sale SALE/POS/2026/09/0253","7450.0000","0.0000","42849.0000"
"1","Walk-in Customer","1130002","2026-09-10","JV-000465","sale_payment","320","Payment received against SALE/POS/2026/09/0253","0.0000","7450.0000","35399.0000"
"1","Walk-in Customer","1130002","2026-09-10","JV-000466","sale_payment","321","Refund paid against return SALE/POS/2026/09/0225","7650.0000","0.0000","43049.0000"
"1","Walk-in Customer","1130002","2026-09-10","JV-000467","sale","311","Sale SALE/POS/2026/09/0254","28263.0000","0.0000","71312.0000"
"1","Walk-in Customer","1130002","2026-09-10","JV-000468","sale_payment","323","Payment received against SALE/POS/2026/09/0254","0.0000","28263.0000","43049.0000"
"1","Walk-in Customer","1130002","2026-09-10","JV-000469","sale","312","Sale SALE/POS/2026/09/0255","7838.0000","0.0000","50887.0000"
"1","Walk-in Customer","1130002","2026-09-10","JV-000470","sale_payment","324","Payment received against SALE/POS/2026/09/0255","0.0000","7838.0000","43049.0000"
"1","Walk-in Customer","1130002","2026-09-10","JV-000471","sale","313","Sale SALE/POS/2026/09/0256","6603.0000","0.0000","49652.0000"
"1","Walk-in Customer","1130002","2026-09-10","JV-000472","sale_payment","325","Payment received against SALE/POS/2026/09/0256","0.0000","6600.0000","43052.0000"
"1","Walk-in Customer","1130002","2026-09-10","JV-000473","sale","314","Sale SALE/POS/2026/09/0257","14300.0000","0.0000","57352.0000"
"1","Walk-in Customer","1130002","2026-09-10","JV-000474","sale_payment","326","Payment received against SALE/POS/2026/09/0257","0.0000","14300.0000","43052.0000"
"1","Walk-in Customer","1130002","2026-09-10","JV-000485","sale","319","Sale SALE/POS/2026/09/0262","10500.0000","0.0000","53552.0000"
"1","Walk-in Customer","1130002","2026-09-10","JV-000486","sale_payment","331","Payment received against SALE/POS/2026/09/0262","0.0000","10500.0000","43052.0000"
"1","Walk-in Customer","1130002","2026-09-10","JV-000487","sale","320","Sale SALE/POS/2026/09/0263","20140.0000","0.0000","63192.0000"
"1","Walk-in Customer","1130002","2026-09-10","JV-000488","sale_payment","332","Payment received against SALE/POS/2026/09/0263","0.0000","6000.0000","57192.0000"
"1","Walk-in Customer","1130002","2026-09-10","JV-000492","sale","321","Sale SALE/POS/2026/09/0264","15510.0000","0.0000","72702.0000"
"1","Walk-in Customer","1130002","2026-09-10","JV-000493","sale_payment","333","Payment received against SALE/POS/2026/09/0264","0.0000","15500.0000","57202.0000"
"1","Walk-in Customer","1130002","2026-09-10","JV-000494","sale","322","Sale SALE/POS/2026/09/0265","44935.0000","0.0000","102137.0000"
"1","Walk-in Customer","1130002","2026-09-10","JV-000495","sale_payment","334","Payment received against SALE/POS/2026/09/0265","0.0000","35000.0000","67137.0000"
"1","Walk-in Customer","1130002","2026-09-10","JV-000496","sale_payment","335","Payment received against SALE/POS/2026/09/0265","0.0000","9935.0000","57202.0000"
"1","Walk-in Customer","1130002","2026-09-10","JV-000497","sale","323","Sale SALE/POS/2026/09/0266","8350.0000","0.0000","65552.0000"
"1","Walk-in Customer","1130002","2026-09-10","JV-000498","sale_payment","336","Payment received against SALE/POS/2026/09/0266","0.0000","8350.0000","57202.0000"
"1","Walk-in Customer","1130002","2026-09-10","JV-000499","sale_payment","337","Refund paid against return SALE/POS/2026/09/0219","8950.0000","0.0000","66152.0000"
"1","Walk-in Customer","1130002","2026-09-10","JV-001333","sale_return","310","Sale Return SALE/POS/2026/09/0225","0.0000","7650.0000","58502.0000"
"1","Walk-in Customer","1130002","2026-09-10","JV-001334","sale_return","324","Sale Return SALE/POS/2026/09/0219","0.0000","8950.0000","49552.0000"
"1","Walk-in Customer","1130002","2026-09-10","JV-001383","sale_payment","322","Refund paid against return SALE/POS/2026/09/0252","600.0000","0.0000","50152.0000"
"1","Walk-in Customer","1130002","2026-09-11","JV-000503","sale","325","Sale SALE/POS/2026/09/0267","29500.0000","0.0000","79652.0000"
"1","Walk-in Customer","1130002","2026-09-11","JV-000504","sale_payment","338","Payment received against SALE/POS/2026/09/0267","0.0000","29500.0000","50152.0000"
"1","Walk-in Customer","1130002","2026-09-11","JV-000505","sale","326","Sale SALE/POS/2026/09/0268","29500.0000","0.0000","79652.0000"
"1","Walk-in Customer","1130002","2026-09-11","JV-000506","sale_payment","339","Payment received against SALE/POS/2026/09/0268","0.0000","29500.0000","50152.0000"
"1","Walk-in Customer","1130002","2026-09-11","JV-000507","sale_payment","340","Refund paid against return SALE/POS/2026/09/0267","29500.0000","0.0000","79652.0000"
"1","Walk-in Customer","1130002","2026-09-11","JV-000508","sale","328","Sale SALE/POS/2026/09/0269","20000.0000","0.0000","99652.0000"
"1","Walk-in Customer","1130002","2026-09-11","JV-000509","sale_payment","341","Payment received against SALE/POS/2026/09/0269","0.0000","20000.0000","79652.0000"
"1","Walk-in Customer","1130002","2026-09-11","JV-000510","sale","329","Sale SALE/POS/2026/09/0270","6950.0000","0.0000","86602.0000"
"1","Walk-in Customer","1130002","2026-09-11","JV-000511","sale_payment","342","Payment received against SALE/POS/2026/09/0270","0.0000","6950.0000","79652.0000"
"1","Walk-in Customer","1130002","2026-09-11","JV-000512","sale_payment","343","Refund paid against return SALE/POS/2026/09/0200","11350.0000","0.0000","91002.0000"
"1","Walk-in Customer","1130002","2026-09-11","JV-000513","sale","331","Sale SALE/POS/2026/09/0271","22500.0000","0.0000","113502.0000"
"1","Walk-in Customer","1130002","2026-09-11","JV-000514","sale_payment","344","Payment received against SALE/POS/2026/09/0271","0.0000","22500.0000","91002.0000"
"1","Walk-in Customer","1130002","2026-09-11","JV-000516","sale","332","Sale SALE/POS/2026/09/0272","13800.0000","0.0000","104802.0000"
"1","Walk-in Customer","1130002","2026-09-11","JV-000517","sale_payment","345","Payment received against SALE/POS/2026/09/0272","0.0000","13800.0000","91002.0000"
"1","Walk-in Customer","1130002","2026-09-11","JV-000518","sale","333","Sale SALE/POS/2026/09/0273","24250.0000","0.0000","115252.0000"
"1","Walk-in Customer","1130002","2026-09-11","JV-000519","sale_payment","346","Payment received against SALE/POS/2026/09/0273","0.0000","24250.0000","91002.0000"
"1","Walk-in Customer","1130002","2026-09-11","JV-000520","sale","334","Sale SALE/POS/2026/09/0274","9990.0000","0.0000","100992.0000"
"1","Walk-in Customer","1130002","2026-09-11","JV-000521","sale_payment","347","Payment received against SALE/POS/2026/09/0274","0.0000","9990.0000","91002.0000"
"1","Walk-in Customer","1130002","2026-09-11","JV-000522","sale","335","Sale SALE/POS/2026/09/0275","9990.0000","0.0000","100992.0000"
"1","Walk-in Customer","1130002","2026-09-11","JV-000523","sale_payment","348","Payment received against SALE/POS/2026/09/0275","0.0000","9990.0000","91002.0000"
"1","Walk-in Customer","1130002","2026-09-11","JV-000526","sale","337","Sale SALE/POS/2026/09/0277","8055.0000","0.0000","99057.0000"
"1","Walk-in Customer","1130002","2026-09-11","JV-000527","sale_payment","351","Payment received against SALE/POS/2026/09/0277","0.0000","8055.0000","91002.0000"
"1","Walk-in Customer","1130002","2026-09-11","JV-000529","sale","338","Sale SALE/POS/2026/09/0278","8350.0000","0.0000","99352.0000"
"1","Walk-in Customer","1130002","2026-09-11","JV-000530","sale_payment","352","Payment received against SALE/POS/2026/09/0278","0.0000","8350.0000","91002.0000"
"1","Walk-in Customer","1130002","2026-09-11","JV-000537","sale","340","Sale SALE/POS/2026/09/0280","28025.0000","0.0000","119027.0000"
"1","Walk-in Customer","1130002","2026-09-11","JV-000538","sale_payment","354","Payment received against SALE/POS/2026/09/0280","0.0000","28000.0000","91027.0000"
"1","Walk-in Customer","1130002","2026-09-11","JV-000543","sale","341","Sale SALE/POS/2026/09/0281","10050.0000","0.0000","101077.0000"
"1","Walk-in Customer","1130002","2026-09-11","JV-000544","sale_payment","355","Payment received against SALE/POS/2026/09/0281","0.0000","10050.0000","91027.0000"
"1","Walk-in Customer","1130002","2026-09-11","JV-001335","sale_return","327","Sale Return SALE/POS/2026/09/0267","0.0000","29500.0000","61527.0000"
"1","Walk-in Customer","1130002","2026-09-11","JV-001336","sale_return","330","Sale Return SALE/POS/2026/09/0200","0.0000","11350.0000","50177.0000"
"1","Walk-in Customer","1130002","2026-09-12","JV-000547","sale","342","Sale SALE/POS/2026/09/0282","45790.0000","0.0000","95967.0000"
"1","Walk-in Customer","1130002","2026-09-12","JV-000548","sale_payment","356","Payment received against SALE/POS/2026/09/0282","0.0000","45790.0000","50177.0000"
"1","Walk-in Customer","1130002","2026-09-12","JV-000550","sale","343","Sale SALE/POS/2026/09/0283","24730.0000","0.0000","74907.0000"
"1","Walk-in Customer","1130002","2026-09-12","JV-000551","sale_payment","357","Payment received against SALE/POS/2026/09/0283","0.0000","24730.0000","50177.0000"
"1","Walk-in Customer","1130002","2026-09-12","JV-000552","sale","344","Sale SALE/POS/2026/09/0284","22692.9950","0.0000","72869.9950"
"1","Walk-in Customer","1130002","2026-09-12","JV-000553","sale_payment","358","Payment received against SALE/POS/2026/09/0284","0.0000","22693.0000","50176.9950"
"1","Walk-in Customer","1130002","2026-09-12","JV-000554","sale","345","Sale SALE/POS/2026/09/0285","9585.0000","0.0000","59761.9950"
"1","Walk-in Customer","1130002","2026-09-12","JV-000555","sale_payment","359","Payment received against SALE/POS/2026/09/0285","0.0000","9585.0000","50176.9950"
"1","Walk-in Customer","1130002","2026-09-12","JV-000556","sale","346","Sale SALE/POS/2026/09/0286","15770.0000","0.0000","65946.9950"
"1","Walk-in Customer","1130002","2026-09-12","JV-000557","sale_payment","360","Payment received against SALE/POS/2026/09/0286","0.0000","15770.0000","50176.9950"
"1","Walk-in Customer","1130002","2026-09-12","JV-000558","sale","347","Sale SALE/POS/2026/09/0287","7838.0000","0.0000","58014.9950"
"1","Walk-in Customer","1130002","2026-09-12","JV-000559","sale_payment","361","Payment received against SALE/POS/2026/09/0287","0.0000","7838.0000","50176.9950"
"1","Walk-in Customer","1130002","2026-09-12","JV-000562","sale","348","Sale SALE/POS/2026/09/0288","7489.0000","0.0000","57665.9950"
"1","Walk-in Customer","1130002","2026-09-12","JV-000563","sale_payment","362","Payment received against SALE/POS/2026/09/0288","0.0000","7489.0000","50176.9950"
"1","Walk-in Customer","1130002","2026-09-12","JV-000568","sale","350","Sale SALE/POS/2026/09/0290","5843.0000","0.0000","56019.9950"
"1","Walk-in Customer","1130002","2026-09-12","JV-000569","sale_payment","364","Payment received against SALE/POS/2026/09/0290","0.0000","5840.0000","50179.9950"
"1","Walk-in Customer","1130002","2026-09-12","JV-000570","sale","351","Sale SALE/POS/2026/09/0291","7515.0000","0.0000","57694.9950"
"1","Walk-in Customer","1130002","2026-09-12","JV-000571","sale_payment","365","Payment received against SALE/POS/2026/09/0291","0.0000","7515.0000","50179.9950"
"1","Walk-in Customer","1130002","2026-09-12","JV-000572","sale","352","Sale SALE/POS/2026/09/0292","5843.0000","0.0000","56022.9950"
"1","Walk-in Customer","1130002","2026-09-12","JV-000573","sale_payment","366","Payment received against SALE/POS/2026/09/0292","0.0000","5843.0000","50179.9950"
"1","Walk-in Customer","1130002","2026-09-12","JV-000574","sale","353","Sale SALE/POS/2026/09/0293","7268.0000","0.0000","57447.9950"
"1","Walk-in Customer","1130002","2026-09-12","JV-000575","sale_payment","367","Payment received against SALE/POS/2026/09/0293","0.0000","7268.0000","50179.9950"
"1","Walk-in Customer","1130002","2026-09-12","JV-000576","sale","354","Sale SALE/POS/2026/09/0294","6508.0000","0.0000","56687.9950"
"1","Walk-in Customer","1130002","2026-09-12","JV-000577","sale_payment","368","Payment received against SALE/POS/2026/09/0294","0.0000","6508.0000","50179.9950"
"1","Walk-in Customer","1130002","2026-09-12","JV-000578","sale","355","Sale SALE/POS/2026/09/0295","22815.0000","0.0000","72994.9950"
"1","Walk-in Customer","1130002","2026-09-12","JV-000579","sale_payment","369","Payment received against SALE/POS/2026/09/0295","0.0000","22800.0000","50194.9950"
"1","Walk-in Customer","1130002","2026-09-12","JV-000580","sale","356","Sale SALE/POS/2026/09/0296","17190.0000","0.0000","67384.9950"
"1","Walk-in Customer","1130002","2026-09-12","JV-000581","sale_payment","370","Payment received against SALE/POS/2026/09/0296","0.0000","17190.0000","50194.9950"
"1","Walk-in Customer","1130002","2026-09-12","JV-000582","sale","357","Sale SALE/POS/2026/09/0297","14580.0000","0.0000","64774.9950"
"1","Walk-in Customer","1130002","2026-09-12","JV-000583","sale_payment","371","Payment received against SALE/POS/2026/09/0297","0.0000","14580.0000","50194.9950"
"1","Walk-in Customer","1130002","2026-09-12","JV-000584","sale","358","Sale SALE/POS/2026/09/0298","13320.0000","0.0000","63514.9950"
"1","Walk-in Customer","1130002","2026-09-12","JV-000585","sale_payment","372","Payment received against SALE/POS/2026/09/0298","0.0000","13320.0000","50194.9950"
"1","Walk-in Customer","1130002","2026-09-12","JV-000588","sale","359","Sale SALE/POS/2026/09/0299","9000.0000","0.0000","59194.9950"
"1","Walk-in Customer","1130002","2026-09-12","JV-000589","sale_payment","373","Payment received against SALE/POS/2026/09/0299","0.0000","9000.0000","50194.9950"
"1","Walk-in Customer","1130002","2026-09-12","JV-000590","sale","360","Sale SALE/POS/2026/09/0300","6885.0000","0.0000","57079.9950"
"1","Walk-in Customer","1130002","2026-09-12","JV-000591","sale_payment","374","Payment received against SALE/POS/2026/09/0300","0.0000","6885.0000","50194.9950"
"1","Walk-in Customer","1130002","2026-09-12","JV-000593","sale","361","Sale SALE/POS/2026/09/0301","6500.0000","0.0000","56694.9950"
"1","Walk-in Customer","1130002","2026-09-12","JV-000594","sale_payment","375","Payment received against SALE/POS/2026/09/0301","0.0000","6500.0000","50194.9950"
"1","Walk-in Customer","1130002","2026-09-12","JV-000595","sale","362","Sale SALE/POS/2026/09/0302","10165.0000","0.0000","60359.9950"
"1","Walk-in Customer","1130002","2026-09-12","JV-000596","sale_payment","376","Payment received against SALE/POS/2026/09/0302","0.0000","10165.0000","50194.9950"
"1","Walk-in Customer","1130002","2026-09-13","JV-000603","sale","363","Sale SALE/POS/2026/09/0303","6255.0000","0.0000","56449.9950"
"1","Walk-in Customer","1130002","2026-09-13","JV-000604","sale_payment","377","Payment received against SALE/POS/2026/09/0303","0.0000","6255.0000","50194.9950"
"1","Walk-in Customer","1130002","2026-09-13","JV-000605","sale","364","Sale SALE/POS/2026/09/0304","8503.0000","0.0000","58697.9950"
"1","Walk-in Customer","1130002","2026-09-13","JV-000606","sale_payment","378","Payment received against SALE/POS/2026/09/0304","0.0000","8503.0000","50194.9950"
"1","Walk-in Customer","1130002","2026-09-13","JV-000608","sale","365","Sale SALE/POS/2026/09/0305","16293.0000","0.0000","66487.9950"
"1","Walk-in Customer","1130002","2026-09-13","JV-000609","sale_payment","379","Payment received against SALE/POS/2026/09/0305","0.0000","16293.0000","50194.9950"
"1","Walk-in Customer","1130002","2026-09-14","JV-000620","sale","368","Sale SALE/POS/2026/09/0308","8503.0000","0.0000","58697.9950"
"1","Walk-in Customer","1130002","2026-09-14","JV-000621","sale_payment","382","Payment received against SALE/POS/2026/09/0308","0.0000","8503.0000","50194.9950"
"1","Walk-in Customer","1130002","2026-09-14","JV-000625","sale","370","Sale SALE/POS/2026/09/0310","6850.0000","0.0000","57044.9950"
"1","Walk-in Customer","1130002","2026-09-14","JV-000626","sale_payment","384","Payment received against SALE/POS/2026/09/0310","0.0000","6850.0000","50194.9950"
"1","Walk-in Customer","1130002","2026-09-14","JV-000627","sale","371","Sale SALE/POS/2026/09/0311","28025.0000","0.0000","78219.9950"
"1","Walk-in Customer","1130002","2026-09-14","JV-000628","sale_payment","385","Payment received against SALE/POS/2026/09/0311","0.0000","28000.0000","50219.9950"
"1","Walk-in Customer","1130002","2026-09-14","JV-000629","sale","372","Sale SALE/POS/2026/09/0312","6900.0000","0.0000","57119.9950"
"1","Walk-in Customer","1130002","2026-09-14","JV-000630","sale_payment","386","Payment received against SALE/POS/2026/09/0312","0.0000","6900.0000","50219.9950"
"1","Walk-in Customer","1130002","2026-09-14","JV-000633","sale_payment","387","Refund paid against return SALE/POS/2026/09/0305","9000.0000","0.0000","59219.9950"
"1","Walk-in Customer","1130002","2026-09-14","JV-000653","sale_payment","394","Refund paid against return SALE/POS/2026/09/0298","6885.0000","0.0000","66104.9950"
"1","Walk-in Customer","1130002","2026-09-14","JV-001337","sale_return","373","Sale Return SALE/POS/2026/09/0305","0.0000","9500.0000","56604.9950"
"1","Walk-in Customer","1130002","2026-09-14","JV-001338","sale_return","380","Sale Return SALE/POS/2026/09/0298","0.0000","7650.0000","48954.9950"
"1","Walk-in Customer","1130002","2026-09-15","JV-000663","sale","384","Sale SALE/POS/2026/09/0322","41200.0000","0.0000","90154.9950"
"1","Walk-in Customer","1130002","2026-09-15","JV-000664","sale_payment","399","Payment received against SALE/POS/2026/09/0322","0.0000","2000.0000","88154.9950"
"1","Walk-in Customer","1130002","2026-09-15","JV-000665","sale","385","Sale SALE/POS/2026/09/0323","14700.0000","0.0000","102854.9950"
"1","Walk-in Customer","1130002","2026-09-15","JV-000666","sale_payment","401","Payment received against SALE/POS/2026/09/0323","0.0000","14700.0000","88154.9950"
"1","Walk-in Customer","1130002","2026-09-15","JV-000667","sale_payment","402","Refund paid against return SALE/POS/2026/09/0292","5843.0000","0.0000","93997.9950"
"1","Walk-in Customer","1130002","2026-09-15","JV-000671","sale","387","Sale SALE/POS/2026/09/0324","19056.0000","0.0000","113053.9950"
"1","Walk-in Customer","1130002","2026-09-15","JV-000672","sale_payment","403","Payment received against SALE/POS/2026/09/0324","0.0000","19000.0000","94053.9950"
"1","Walk-in Customer","1130002","2026-09-15","JV-000675","sale","388","Sale SALE/POS/2026/09/0325","11700.0000","0.0000","105753.9950"
"1","Walk-in Customer","1130002","2026-09-15","JV-000676","sale_payment","404","Payment received against SALE/POS/2026/09/0325","0.0000","11700.0000","94053.9950"
"1","Walk-in Customer","1130002","2026-09-15","JV-000678","sale","389","Sale SALE/POS/2026/09/0326","14500.0000","0.0000","108553.9950"
"1","Walk-in Customer","1130002","2026-09-15","JV-000679","sale_payment","405","Payment received against SALE/POS/2026/09/0326","0.0000","14500.0000","94053.9950"
"1","Walk-in Customer","1130002","2026-09-15","JV-000680","sale","390","Sale SALE/POS/2026/09/0327","7250.0000","0.0000","101303.9950"
"1","Walk-in Customer","1130002","2026-09-15","JV-000681","sale_payment","406","Payment received against SALE/POS/2026/09/0327","0.0000","7250.0000","94053.9950"
"1","Walk-in Customer","1130002","2026-09-15","JV-000683","sale_payment","407","Payment received against SALE/POS/2026/09/0328","0.0000","7950.0000","86103.9950"
"1","Walk-in Customer","1130002","2026-09-15","JV-000686","sale_payment","408","Payment received against SALE/POS/2026/09/0329","0.0000","10000.0000","76103.9950"
"1","Walk-in Customer","1130002","2026-09-15","JV-001241","sale","391","Sale SALE/POS/2026/09/0328","7900.0000","0.0000","84003.9950"
"1","Walk-in Customer","1130002","2026-09-15","JV-001339","sale_return","386","Sale Return SALE/POS/2026/09/0292","0.0000","6145.0000","77858.9950"
"1","Walk-in Customer","1130002","2026-09-16","JV-000697","sale","395","Sale SALE/POS/2026/09/0332","10750.0000","0.0000","88608.9950"
"1","Walk-in Customer","1130002","2026-09-16","JV-000698","sale_payment","411","Payment received against SALE/POS/2026/09/0332","0.0000","10750.0000","77858.9950"
"1","Walk-in Customer","1130002","2026-09-16","JV-000699","sale","396","Sale SALE/POS/2026/09/0333","10750.0000","0.0000","88608.9950"
"1","Walk-in Customer","1130002","2026-09-16","JV-000700","sale_payment","412","Payment received against SALE/POS/2026/09/0333","0.0000","10750.0000","77858.9950"
"1","Walk-in Customer","1130002","2026-09-16","JV-000715","sale","402","Sale SALE/POS/2026/09/0339","14500.0000","0.0000","92358.9950"
"1","Walk-in Customer","1130002","2026-09-16","JV-000716","sale_payment","419","Payment received against SALE/POS/2026/09/0339","0.0000","14500.0000","77858.9950"
"1","Walk-in Customer","1130002","2026-09-16","JV-000717","sale_payment","420","Refund paid against return SALE/POS/2026/09/0322","2000.0000","0.0000","79858.9950"
"1","Walk-in Customer","1130002","2026-09-16","JV-001340","sale_return","403","Sale Return SALE/POS/2026/09/0322","0.0000","41200.0000","38658.9950"
"1","Walk-in Customer","1130002","2026-09-16","JV-001389","sale_payment","422","Payment received against SALE/POS/2026/09/0263","0.0000","14000.0000","24658.9950"
"1","Walk-in Customer","1130002","2026-09-17","JV-000776","sale_payment","440","Refund paid against return SALE/POS/2026/09/0211","15500.0000","0.0000","40158.9950"
"1","Walk-in Customer","1130002","2026-09-17","JV-000777","sale","423","Sale SALE/POS/2026/09/0358","19028.0000","0.0000","59186.9950"
"1","Walk-in Customer","1130002","2026-09-17","JV-000778","sale_payment","441","Payment received against SALE/POS/2026/09/0358","0.0000","19000.0000","40186.9950"
"1","Walk-in Customer","1130002","2026-09-17","JV-001341","sale_return","422","Sale Return SALE/POS/2026/09/0211","0.0000","15500.0000","24686.9950"
"1","Walk-in Customer","1130002","2026-09-22","JV-000934","sale_payment","493","Refund paid against return SALE/POS/2026/09/0282","31800.0000","0.0000","56486.9950"
"1","Walk-in Customer","1130002","2026-09-22","JV-001346","sale_return","475","Sale Return SALE/POS/2026/09/0282","0.0000","31800.0000","24686.9950"
"1","Walk-in Customer","1130002","2026-09-24","JV-000994","sale","494","Sale SALE/POS/2026/09/0421","18786.0000","0.0000","43472.9950"
"1","Walk-in Customer","1130002","2026-09-24","JV-000995","sale_payment","512","Payment received against SALE/POS/2026/09/0421","0.0000","18786.0000","24686.9950"
"1","Walk-in Customer","1130002","2026-09-25","JV-001027","sale","504","Sale SALE/POS/2026/09/0431","23650.0000","0.0000","48336.9950"
"1","Walk-in Customer","1130002","2026-09-25","JV-001028","sale_payment","522","Payment received against SALE/POS/2026/09/0431","0.0000","23650.0000","24686.9950"
"1","Walk-in Customer","1130002","2026-09-26","JV-001097","sale","535","Sale SALE/POS/2026/09/0461","8390.0000","0.0000","33076.9950"
"1","Walk-in Customer","1130002","2026-09-26","JV-001098","sale_payment","553","Payment received against SALE/POS/2026/09/0461","0.0000","8390.0000","24686.9950"
"1","Walk-in Customer","1130002","2026-09-28","JV-001162","sale","561","Sale SALE/POS/2026/09/0484","19250.0000","0.0000","43936.9950"
"1","Walk-in Customer","1130002","2026-09-28","JV-001163","sale_payment","584","Payment received against SALE/POS/2026/09/0484","0.0000","19250.0000","24686.9950"
"1","Walk-in Customer","1130002","2026-09-30","JV-004428","sale","589","Sale SALE/POS/2026/09/0511","10850.0000","0.0000","35536.9950"
"1","Walk-in Customer","1130002","2026-09-30","JV-004430","sale_payment","612","Payment received against SALE/POS/2026/09/0511","0.0000","10850.0000","24686.9950"
"1","Walk-in Customer","1130002","2026-10-01","JV-004440","sale","590","Sale SALE/POS/2026/10/0512","7300.0000","0.0000","31986.9950"
"1","Walk-in Customer","1130002","2026-10-01","JV-004442","sale_payment","613","Payment received against SALE/POS/2026/10/0512","0.0000","7300.0000","24686.9950"
"1","Walk-in Customer","1130002","2026-10-01","JV-004486","sale","600","Sale SALE/POS/2026/10/0521","7900.0000","0.0000","32586.9950"
"1","Walk-in Customer","1130002","2026-10-01","JV-004488","sale_payment","623","Payment received against SALE/POS/2026/10/0521","0.0000","7900.0000","24686.9950"
"128","Waqar manzoor 12415","1130100","2026-09-21","JV-000898","sale","463","Sale SALE/POS/2026/09/0395","7800.0000","0.0000","7800.0000"
"128","Waqar manzoor 12415","1130100","2026-09-21","JV-000899","sale_payment","481","Payment received against SALE/POS/2026/09/0395","0.0000","7800.0000","0.0000"
"128","Waqar manzoor 12415","1130100","2026-09-26","JV-001093","sale","533","Sale SALE/POS/2026/09/0459","8650.0000","0.0000","8650.0000"
"128","Waqar manzoor 12415","1130100","2026-09-26","JV-001094","sale_payment","551","Payment received against SALE/POS/2026/09/0459","0.0000","850.0000","7800.0000"
"128","Waqar manzoor 12415","1130100","2026-09-26","JV-001095","sale","534","Sale SALE/POS/2026/09/0460","8950.0000","0.0000","16750.0000"
"128","Waqar manzoor 12415","1130100","2026-09-26","JV-001096","sale_payment","552","Payment received against SALE/POS/2026/09/0460","0.0000","8950.0000","7800.0000"
"128","Waqar manzoor 12415","1130100","2026-09-26","JV-001099","sale_payment","554","Refund paid against return SALE/POS/2026/09/0395","7800.0000","0.0000","15600.0000"
"128","Waqar manzoor 12415","1130100","2026-09-26","JV-001351","sale_return","536","Sale Return SALE/POS/2026/09/0395","0.0000","7800.0000","7800.0000"
"128","Waqar manzoor 12415","1130100","2026-09-26","JV-001391","sale_payment","556","Payment received against SALE/POS/2026/09/0459","0.0000","7800.0000","0.0000"
"226","Warda Kanwal","1130195","2026-09-30","JV-004413","sale","586","Sale SALE/POS/2026/09/0508","15000.0000","0.0000","15000.0000"
"226","Warda Kanwal","1130195","2026-09-30","JV-004415","sale_payment","609","Payment received against SALE/POS/2026/09/0508","0.0000","15000.0000","0.0000"
"73","waris","1130173","2026-09-15","JV-001242","sale","392","Sale SALE/POS/2026/09/0329","10495.8000","0.0000","10495.8000"
"75","YASMEEN 54","1130051","2026-09-16","JV-000707","sale","399","Sale SALE/POS/2026/09/0336","32800.0000","0.0000","32800.0000"
"75","YASMEEN 54","1130051","2026-09-16","JV-000708","sale_payment","415","Payment received against SALE/POS/2026/09/0336","0.0000","30000.0000","2800.0000"
"75","YASMEEN 54","1130051","2026-09-16","JV-001388","sale_payment","418","Payment received against SALE/POS/2026/09/0336","0.0000","3000.0000","-200.0000"
"68","younus 1","1130046","2026-09-14","JV-000658","sale","383","Sale SALE/POS/2026/09/0321","11353.0000","0.0000","11353.0000"
"68","younus 1","1130046","2026-09-14","JV-000659","sale_payment","397","Payment received against SALE/POS/2026/09/0321","0.0000","11353.0000","0.0000"
"220","YOUNUS INAYAT","1130189","2026-09-30","JV-004388","sale","579","Sale SALE/POS/2026/09/0501","28300.0000","0.0000","28300.0000"
"220","YOUNUS INAYAT","1130189","2026-09-30","JV-004390","sale_payment","602","Payment received against SALE/POS/2026/09/0501","0.0000","5000.0000","23300.0000"
"220","YOUNUS INAYAT","1130189","2026-10-01","JV-004476","sale_return","598","Sale Return SALE/POS/2026/09/0501","0.0000","28300.0000","-5000.0000"
"220","YOUNUS INAYAT","1130189","2026-10-01","JV-004478","sale_payment","621","Refund paid against return SALE/POS/2026/09/0501","5000.0000","0.0000","0.0000"
"152","zahid 1","1130122","2026-09-24","JV-000996","sale","495","Sale SALE/POS/2026/09/0422","6464.0000","0.0000","6464.0000"
"152","zahid 1","1130122","2026-09-24","JV-000997","sale_payment","513","Payment received against SALE/POS/2026/09/0422","0.0000","6464.0000","0.0000"
"152","zahid 1","1130122","2026-09-24","JV-001000","sale","496","Sale SALE/POS/2026/09/0423","9161.0000","0.0000","9161.0000"
"152","zahid 1","1130122","2026-09-24","JV-001001","sale_payment","514","Payment received against SALE/POS/2026/09/0423","0.0000","9161.0000","0.0000"
"152","zahid 1","1130122","2026-09-24","JV-001004","sale","497","Sale SALE/POS/2026/09/0424","4455.0000","0.0000","4455.0000"
"152","zahid 1","1130122","2026-09-24","JV-001005","sale_payment","515","Payment received against SALE/POS/2026/09/0424","0.0000","4455.0000","0.0000"
"228","zainab ansari","1130197","2026-09-30","JV-004421","sale","588","Sale SALE/POS/2026/09/0510","6850.0000","0.0000","6850.0000"
"228","zainab ansari","1130197","2026-09-30","JV-004423","sale_payment","611","Payment received against SALE/POS/2026/09/0510","0.0000","6850.0000","0.0000"
"232","zakia 11","1130201","2026-10-01","JV-004454","sale","592","Sale SALE/POS/2026/10/0514","8850.0000","0.0000","8850.0000"
"232","zakia 11","1130201","2026-10-01","JV-004456","sale_payment","615","Payment received against SALE/POS/2026/10/0514","0.0000","8850.0000","0.0000"
"232","zakia 11","1130201","2026-10-01","JV-004457","sale","593","Sale SALE/POS/2026/10/0515","7980.0000","0.0000","7980.0000"
"232","zakia 11","1130201","2026-10-01","JV-004459","sale_payment","616","Payment received against SALE/POS/2026/10/0515","0.0000","7980.0000","0.0000"
"64","zara kamran ","1130042","2026-09-14","JV-000646","sale","378","Sale SALE/POS/2026/09/0317","12000.0000","0.0000","12000.0000"
"64","zara kamran ","1130042","2026-09-14","JV-000647","sale_payment","392","Payment received against SALE/POS/2026/09/0317","0.0000","12000.0000","0.0000"
"88","zeeshan 122","1130062","2026-09-17","JV-000748","sale","414","Sale SALE/POS/2026/09/0350","16700.0000","0.0000","16700.0000"
"88","zeeshan 122","1130062","2026-09-17","JV-000749","sale_payment","432","Payment received against SALE/POS/2026/09/0350","0.0000","16700.0000","0.0000"
"104","zeeshan 85","1130076","2026-09-18","JV-000802","sale","430","Sale SALE/POS/2026/09/0365","22700.0000","0.0000","22700.0000"
"104","zeeshan 85","1130076","2026-09-18","JV-000803","sale_payment","448","Payment received against SALE/POS/2026/09/0365","0.0000","22700.0000","0.0000"
"44","ZEESHAN GHORI","1130023","2026-09-08","JV-000413","sale","288","Sale SALE/POS/2026/09/0232","27650.0000","0.0000","27650.0000"
"44","ZEESHAN GHORI","1130023","2026-09-08","JV-000414","sale_payment","294","Payment received against SALE/POS/2026/09/0232","0.0000","27650.0000","0.0000"
"193","ZIA 11","1130161","2026-09-26","JV-001114","sale","544","Sale SALE/POS/2026/09/0469","16500.0000","0.0000","16500.0000"
"193","ZIA 11","1130161","2026-09-26","JV-001115","sale_payment","564","Payment received against SALE/POS/2026/09/0469","0.0000","16500.0000","0.0000"
"193","ZIA 11","1130161","2026-09-28","JV-001139","sale_payment","571","Refund paid against return SALE/POS/2026/09/0469","16500.0000","0.0000","16500.0000"
"193","ZIA 11","1130161","2026-09-28","JV-001140","sale","552","Sale SALE/POS/2026/09/0476","8950.0000","0.0000","25450.0000"
"193","ZIA 11","1130161","2026-09-28","JV-001141","sale_payment","572","Payment received against SALE/POS/2026/09/0476","0.0000","8950.0000","16500.0000"
"193","ZIA 11","1130161","2026-09-28","JV-001352","sale_return","551","Sale Return SALE/POS/2026/09/0469","0.0000","16500.0000","0.0000"
"145","zUNAIRA","1130115","2026-09-23","JV-000957","sale","485","Sale SALE/POS/2026/09/0412","17640.0000","0.0000","17640.0000"
"145","zUNAIRA","1130115","2026-09-23","JV-000958","sale_payment","503","Payment received against SALE/POS/2026/09/0412","0.0000","17500.0000","140.0000"
