"product_id","stock_item_no","product_code","product_name","type","cost","price","current_stock","alert_quantity","category_id","subcategory_id","brand","unit","sale_unit","purchase_unit","supplier_1_id","supplier_1_price","supplier1_part_no","supplier_2_id","supplier_2_price","supplier2_part_no","track_quantity","transactional_account_id"
"20395",NULL," Avisa","Farha Talib Aziz Wedding Festive Raw Silk Hand Embroidered Collection Unstitched  Avisa Emerald Kurta","standard","21800.0000","21800.0000","0.0000","0.0000","3095",NULL,"32","3","3","3","0",NULL,,NULL,NULL,NULL,"1","1120631"
"18080","28","001-L","FZ Luxury Lawn Embroidered Jehona 0001","standard","9200.0000","12650.0000","2.0000","0.0000","24",NULL,"5","3","0","0","0",NULL,,NULL,NULL,NULL,"1","1120798"
"18079","27","001-M","FZ Luxury Lawn Embroidered Jehona 0001","standard","9200.0000","12650.0000","2.0000","0.0000","24",NULL,"5","3","0","0","0",NULL,,NULL,NULL,NULL,"1","1120792"
"18078","26","001-S","FZ Luxury Lawn Embroidered Jehona 0001","standard","9200.0000","12650.0000","1.0000","0.0000","24",NULL,"5","3","0","0","0",NULL,,NULL,NULL,NULL,"1","1120793"
"18077","25","001-U","FZ Luxury Lawn Embroidered Jehona 0001","standard","7500.0000","10950.0000","3.0000","0.0000","24",NULL,"5","3","3","3","0",NULL,,NULL,NULL,NULL,"1","1120788"
"23517",NULL,"11-GULPANRA-U","Hussain Rehar 11-Gulpanra","standard","19500.0000","19500.0000","1.0000","0.0000","3134",NULL,"31","3","3","3","0",NULL,,NULL,NULL,NULL,"1","1120078"
"24692",NULL,"153-B","Bin Ilyas - 153 B - Luxury Lawn Embroidered Unstitched 3 Piece","standard","5000.0000","7150.0000","1.0000","0.0000","3135",NULL,"24","3","3","3","0",NULL,,NULL,NULL,NULL,"1","1120436"
"25052","2","2-A-313","Saira Shakira - NOOR-2-A - Lawn Embroidered 3 Piece Unstitched","standard","0.0000","9250.0000","1.0000","0.0000","3135",NULL,"14","3","0","0","0",NULL,,NULL,NULL,NULL,"1","1120955"
"23622",NULL,"2081-A","Bin Ilyas - Luxury Lawn Embroidered 3 Piece Unstitched - 2081 - A","standard","4750.0000","4750.0000","1.0000","0.0000","1536",NULL,"24","3","3","3","0",NULL,,NULL,NULL,NULL,"1","1120113"
"23936",NULL,"24-107-L","Maria.B Luxury Unstitched Embroidered Chiffon Suit MPC-24-107","standard","7200.0000","10000.0000","2.0000","0.0000","3097",NULL,"3","3","0","0","0",NULL,,NULL,NULL,NULL,"1","1120337"
"23935",NULL,"24-107-M","Maria.B Luxury Unstitched Embroidered Chiffon Suit MPC-24-107","standard","7200.0000","10000.0000","3.0000","0.0000","3097",NULL,"3","3","0","0","0",NULL,,NULL,NULL,NULL,"1","1120336"
"23934",NULL,"24-107-U","Maria.B Luxury Unstitched Embroidered Chiffon Suit MPC-24-107","standard","4600.0000","6999.0000","3.0000","0.0000","3097",NULL,"3","3","3","3","0",NULL,,NULL,NULL,NULL,"1","1120335"
"23919",NULL,"26-103-L","Maria B Luxury Embroidered Chiffon 3Pc Unstitched Suit MPC-26-103-OLIVE GOLD","standard","10800.0000","14500.0000","1.0000","0.0000","3092",NULL,"3","3","0","0","0",NULL,,NULL,NULL,NULL,"1","1120352"
"23920",NULL,"26-103-M","Maria B Luxury Embroidered Chiffon 3Pc Unstitched Suit MPC-26-103-OLIVE GOLD","standard","10800.0000","14500.0000","3.0000","0.0000","3092",NULL,"3","3","0","0","0",NULL,,NULL,NULL,NULL,"1","1120351"
"23921",NULL,"26-103-S","Maria B Luxury Embroidered Chiffon 3Pc Unstitched Suit MPC-26-103-OLIVE GOLD","standard","10800.0000","14500.0000","1.0000","0.0000","3092",NULL,"3","3","0","0","0",NULL,,NULL,NULL,NULL,"1","1120350"
"23918",NULL,"26-105-L","Maria B Luxury Embroidered Chiffon 3Pc Unstitched Suit MPC-26-105-Pistachio Green","standard","11250.0000","16500.0000","1.0000","0.0000","3092",NULL,"3","3","0","0","0",NULL,,NULL,NULL,NULL,"1","1120354"
"23917",NULL,"26-105-M","Maria B Luxury Embroidered Chiffon 3Pc Unstitched Suit MPC-26-105-Pistachio Green","standard","11250.0000","16500.0000","3.0000","0.0000","3092",NULL,"3","3","0","0","0",NULL,,NULL,NULL,NULL,"1","1120353"
"23916",NULL,"26-105-S","Maria B Luxury Embroidered Chiffon 3Pc Unstitched Suit MPC-26-105-Pistachio Green","standard","11250.0000","16500.0000","1.0000","0.0000","3092",NULL,"3","3","0","0","0",NULL,,NULL,NULL,NULL,"1","1120355"
"24900",NULL,"26-106-L","Maria B Luxury Embroidered Chiffon 3Pc Unstitched Suit MPC-26-106-Slate Blue","standard","11000.0000","14600.0000","1.0000","0.0000","3097",NULL,"3","3","0","0","0",NULL,,NULL,NULL,NULL,"1","1120507"
"24429",NULL,"26-106-M","Maria B Luxury Embroidered Chiffon 3Pc Unstitched Suit MPC-26-106-Slate Blue","standard","11000.0000","14600.0000","1.0000","0.0000","3097",NULL,"3","3","0","0","0",NULL,,NULL,NULL,NULL,"1","1120328"
"24901",NULL,"26-106-s","Maria B Luxury Embroidered Chiffon 3Pc Unstitched Suit MPC-26-106-Slate Blue","standard","11000.0000","14600.0000","1.0000","0.0000","3097",NULL,"3","3","0","0","0",NULL,,NULL,NULL,NULL,"1","1120506"
"24141",NULL,"26-106-U","Maria B Luxury Embroidered Chiffon 3Pc Unstitched Suit MPC-26-106-Slate Blue","standard","8000.0000","11500.0000","7.0000","0.0000","3097",NULL,"3","3","3","3","0",NULL,,NULL,NULL,NULL,"1","1120378"
"23413",NULL,"26-107-L","Maria.B Embroidered Luxury Chiffon 3Pc Suit MPC-26-107","standard","11400.0000","14400.0000","0.0000","0.0000","3088",NULL,"3","3","0","0","0",NULL,,NULL,NULL,NULL,"1","1120896"
"23412",NULL,"26-107-M","Maria.B Embroidered Luxury Chiffon 3Pc Suit MPC-26-107","standard","11400.0000","14400.0000","0.0000","0.0000","3088",NULL,"3","3","0","0","0",NULL,,NULL,NULL,NULL,"1","1120897"
"23411",NULL,"26-107-S","Maria.B Embroidered Luxury Chiffon 3Pc Suit MPC-26-107","standard","11400.0000","14400.0000","1.0000","0.0000","3088",NULL,"3","3","0","0","0",NULL,,NULL,NULL,NULL,"1","1120898"
"18096",NULL,"3B-L","Sobia Nazir - 3B - Luxury Lawn Embroidered 3 Piece Unstitched","standard","6650.0000","9450.0000","2.0000","0.0000","1108",NULL,"17","3","0","0","0",NULL,,NULL,NULL,NULL,"1","1120827"
"18095",NULL,"3B-M","Sobia Nazir - 3B - Luxury Lawn Embroidered 3 Piece Unstitched","standard","6650.0000","9450.0000","3.0000","0.0000","1108",NULL,"17","3","0","0","0",NULL,,NULL,NULL,NULL,"1","1120826"
"18094",NULL,"3B-S","Sobia Nazir - 3B - Luxury Lawn Embroidered 3 Piece Unstitched","standard","6650.0000","9450.0000","1.0000","0.0000","1108",NULL,"17","3","0","0","0",NULL,,NULL,NULL,NULL,"1","1120832"
"18093",NULL,"3B-U","Sobia Nazir - 3B - Luxury Lawn Embroidered 3 Piece Unstitched","standard","4950.0000","7750.0000","2.0000","0.0000","1108",NULL,"0","3","3","3","0",NULL,,NULL,NULL,NULL,"1","1120828"
"23827",NULL,"4036","4036 Baroque Lehenga","standard","6350.0000","11700.0000","8.0000","0.0000","3095",NULL,"8","3","3","3","0",NULL,,NULL,NULL,NULL,"1","1120283"
"23910","1","A-212-u","Bin Ilyas Luxury Raw Silk Embroidered Hand Emblishment Collection 212-A","standard","9850.0000","9850.0000","10.0000","0.0000","3086",NULL,"24","3","3","3","0",NULL,,NULL,NULL,NULL,"1","1120889"
"23858",NULL,"A-GARNELLE-U","Azure Luxury Embroidered Chiffon Unstitched 3Pc Suit Garnelle","standard","5650.0000","5650.0000","6.0000","0.0000","1554",NULL,"23","3","0","0","0",NULL,,NULL,NULL,NULL,"1","1120377"
"23871",NULL,"Adrienne-U","Mahnur - Luxury Lawn Embroidered Unstitched 3 Piece - Adrienne","standard","0.0000","7450.0000","3.0000","0.0000","24",NULL,"3","3","3","3","0",NULL,,NULL,NULL,NULL,"1","1120005"
"23874",NULL,"AFZGLD-U","Afrozeh Luxury Formals Velvet Collection 3 Pieces Unstitched MAROON Gold","standard","11350.0000","11350.0000","1.0000","0.0000","1536",NULL,"4","3","3","3","0",NULL,,NULL,NULL,NULL,"1","1120315"
"23582",NULL,"Afzh-ChamCham-U","Afrozeh Luxury Embroidered Lawn Unstitched 3Pc Suit-Cham Cham","standard","9850.0000","9850.0000","3.0000","0.0000","1554",NULL,"4","3","3","3","0",NULL,,NULL,NULL,NULL,"1","1120105"
"23614",NULL,"AG5-01","Charizma Aghaz e Nou Embroidered Lawn Unstitched 3Pc Suit AG5-01","standard","4850.0000","4850.0000","1.0000","0.0000","1536",NULL,"4","3","3","3","0",NULL,,NULL,NULL,NULL,"1","1120107"
"23636",NULL,"AishaImran-White-U","Aisha Imran Luxury Net Embroidered 3Pc Unstitched Suit - White","standard","8950.0000","8950.0000","4.0000","0.0000","3133",NULL,"4","3","3","3","0",NULL,,NULL,NULL,NULL,"1","1120662"
"24526",NULL,"AJ2292","Asim Jofa Mawra Hoccane 2292","standard","4500.0000","6950.0000","2.0000","0.0000","1554",NULL,"4","3","3","3","0",NULL,,NULL,NULL,NULL,"1","1120401"
"24893",NULL,"AJAM-02","Asim Jofa - The Ayeza Edit Makhmal Royal Velvet Collection Unstitched 3 Pc - AJAM-02","standard","10150.0000","10150.0000","2.0000","0.0000","38",NULL,"102","3","3","3","0",NULL,,NULL,NULL,NULL,"1","1120469"
"23885",NULL,"AJCD-22-U","Asim Jofa - Luxury Chiffon Embroidered 3 Piece Unstitched - AJCD-22","standard","5700.0000","5700.0000","1.0000","0.0000","1560",NULL,"4","3","0","0","0",NULL,,NULL,NULL,NULL,"1","1120300"
"23608",NULL,"AJMR-022-U","Asim Jofa Luxury Chiffon Embroidered Unstitched Suit AJMR-022","standard","5600.0000","5600.0000","0.0000","0.0000","1557",NULL,"4","3","3","3","0",NULL,,NULL,NULL,NULL,"1","1120653"
"24507",NULL,"AJR-P","Ajr Couture Pink","standard","3850.0000","5450.0000","1.0000","0.0000","1554",NULL,"4","3","3","3","0",NULL,,NULL,NULL,NULL,"1","1120390"
"24702",NULL,"AJR-S","AJR Couture Luxury Silk Embroidered Unstitched 3 Piece - Celestia","standard","3850.0000","5450.0000","2.0000","0.0000","3134",NULL,"4","3","3","3","0",NULL,,NULL,NULL,NULL,"1","1120431"
"25095","2","ak-02","Akbar Aslam Exclusive Luxury Wedding Festive Unstitched Maxi Hyacinth","standard","0.0000","34500.0000","1.0000","0.0000","3104",NULL,"4","3","0","0","0",NULL,,NULL,NULL,NULL,"1","1120993"
"23594",NULL,"AL-101-U","ANEELAS Luxury Chikankari Embroidered Lawn Unstitched 3PC Suit AL-101","standard","8250.0000","8250.0000","1.0000","0.0000","1536",NULL,"7","3","3","3","0",NULL,,NULL,NULL,NULL,"1","1120119"
"24621",NULL,"ALTHEA","Soraya Lumene Althea","standard","10500.0000","15500.0000","1.0000","0.0000","3127",NULL,"5","3","3","3","0",NULL,,NULL,NULL,NULL,"1","1120451"
"24145","7","Amar-U","Batik Luxury Velvet Embroidered Collection Amar 3Pc - Velvet Luxe","standard","0.0000","6850.0000","3.0000","0.0000","38",NULL,"18","3","3","3","0",NULL,,NULL,NULL,NULL,"1","1120909"
"23867",NULL,"Amaryllis-U","Amaryllis- Luxury Lawn Embroidered 3 Piece Unstitched -","standard","5850.0000","5850.0000","1.0000","0.0000","1536",NULL,"5","3","3","3","0",NULL,,NULL,NULL,NULL,"1","1120262"
"24714",NULL,"AN-12412","Agha Noor Luxury Embroidered Organza Collection ESMA","standard","3000.0000","5350.0000","2.0000","0.0000","3127",NULL,"96","3","3","3","0",NULL,,NULL,NULL,NULL,"1","1120447"
"23843",NULL,"ANAMTA-U","fAIZA SAQLAIN ANAMTA","standard","16800.0000","16800.0000","3.0000","0.0000","3077",NULL,"4","3","3","3","0",NULL,,NULL,NULL,NULL,"1","1120004"
"25106","50","ans-29","Aneela’s Bottle Green Sequence Embroidered Lawn Unstitched 3Pc Suit AN-29","standard","0.0000","6950.0000","2.0000","0.0000","24",NULL,"7","3","3","3","0",NULL,,NULL,NULL,NULL,"1","1121008"
"23901",NULL,"ANS-B-U","Aneelas Velvet Black Like Zinc","standard","8250.0000","8250.0000","10.0000","0.0000","1558",NULL,"7","3","3","3","0",NULL,,NULL,NULL,NULL,"1","1120323"
"25081","12","ANS-G-u","Poshkari Luxury Velvet Embroidered Collection Bottle Green","standard","0.0000","8350.0000","5.0000","0.0000","38",NULL,"7","3","0","0","0",NULL,,NULL,NULL,NULL,"1","1120980"
"24119","6","ANS-MRON-L","Poshkari Luxury Velvet Embroidered Collection Maroon Majesty aneelas","standard","7750.0000","11350.0000","0.0000","0.0000","38",NULL,"7","3","0","0","0",NULL,,NULL,NULL,NULL,"1","1120332"
"24117","4","ANS-MRON-M","Poshkari Luxury Velvet Embroidered Collection Maroon Majesty aneelas","standard","7750.0000","11350.0000","3.0000","0.0000","38",NULL,"7","3","0","0","0",NULL,,NULL,NULL,NULL,"1","1120334"
"24118","5","ANS-MRON-S","Poshkari Luxury Velvet Embroidered Collection Maroon Majesty aneelas","standard","7750.0000","11350.0000","1.0000","0.0000","38",NULL,"7","3","0","0","0",NULL,,NULL,NULL,NULL,"1","1120333"
"23433","1","ANS-MRON-U","Poshkari Luxury Velvet Embroidered Collection Maroon Majesty aneelas","standard","4750.0000","8350.0000","3.0000","0.0000","38",NULL,"7","3","3","3","0",NULL,,NULL,NULL,NULL,"1","1120713"
"19069",NULL,"ANS-MSTRD-L","Aneelas - Luxury Lawn Embroidered 3 Piece Unstitched - Mustard","standard","6500.0000","9250.0000","1.0000","0.0000","2447",NULL,"7","3","0","0","0",NULL,,NULL,NULL,NULL,"1","1120738"
"19068",NULL,"ANS-MSTRD-M","Aneelas - Luxury Lawn Embroidered 3 Piece Unstitched - Mustard","standard","6500.0000","9250.0000","1.0000","0.0000","2447",NULL,"7","3","0","0","0",NULL,,NULL,NULL,NULL,"1","1120753"
"19067",NULL,"ANS-MSTRD-S","Aneelas - Luxury Lawn Embroidered 3 Piece Unstitched - Mustard","standard","6500.0000","9250.0000","1.0000","0.0000","2447",NULL,"7","3","0","0","0",NULL,,NULL,NULL,NULL,"1","1120752"
"19066",NULL,"ANS-MSTRD-U","Aneelas - Luxury Lawn Embroidered 3 Piece Unstitched - Mustard","standard","4800.0000","7550.0000","3.0000","0.0000","2447",NULL,"7","3","3","3","0",NULL,,NULL,NULL,NULL,"1","1120742"
"23904",NULL,"ANS-VEL-U","Aneelas Luxury Velvet Embroidered 3 Piece Unstitched - Zinc","standard","10500.0000","10500.0000","2.0000","0.0000","1536",NULL,"0","3","0","0","0",NULL,,NULL,NULL,NULL,"1","1120320"
"23619",NULL,"ANS-WPR-03-U","Aneelas - WPR-03 - Luxury Lawn Embroidered 3 Piece Unstitched","standard","4650.0000","4650.0000","1.0000","0.0000","1536",NULL,"7","3","3","3","0",NULL,,NULL,NULL,NULL,"1","1120115"
"18063","7","ANS-Z-L","ANEELAS Luxury Embroidered Silk Unstitched 3PC Suit-Zinia","standard","9200.0000","12200.0000","2.0000","0.0000","3134",NULL,"7","3","0","0","0",NULL,,NULL,NULL,NULL,"1","1120851"
"18061","5","ANS-Z-M","ANEELAS Luxury Embroidered Silk Unstitched 3PC Suit-Zinia","standard","9200.0000","12200.0000","3.0000","0.0000","3134",NULL,"7","3","0","0","0",NULL,,NULL,NULL,NULL,"1","1120852"
"18062","6","ANS-Z-S","ANEELAS Luxury Embroidered Silk Unstitched 3PC Suit-Zinia","standard","9200.0000","12200.0000","1.0000","0.0000","3134",NULL,"7","3","0","0","0",NULL,,NULL,NULL,NULL,"1","1120857"
"24783",NULL,"ans-z-u","ANEELAS Luxury Embroidered Silk Unstitched 3PC Suit-Zinia","standard","9200.0000","9200.0000","1.0000","0.0000","3134",NULL,"7","3","3","3","0",NULL,,NULL,NULL,NULL,"1","1120281"
"23859",NULL,"Ans-Zinc","Aneelas Zinc Velvet","standard","8250.0000","8250.0000","8.0000","0.0000","3096",NULL,"7","3","3","3","0",NULL,,NULL,NULL,NULL,"1","1120310"
"25024","1","AR--CW24-D5","CRIMSON STAR DUST FONE","standard","14050.0000","20990.0000","5.0000","0.0000","2876",NULL,"0","3","3","3","0",NULL,,NULL,NULL,NULL,"1","1120943"
"24782",NULL,"AR-06","HUSSAIN REHAR - ARASTI 06","standard","14500.0000","18500.0000","1.0000","0.0000","3118",NULL,"31","3","3","3","0",NULL,,NULL,NULL,NULL,"1","1120454"
"25032","1","AR-713B-U","Bin Ilyas Luxury Lawn Embroidered 3 Piece Unstitched 713-B","standard","0.0000","6650.0000","6.0000","0.0000","3135",NULL,"24","3","0","0","0",NULL,,NULL,NULL,NULL,"1","1120585"
"25033","7","AR-D105-U","Aneelas Luxury Organza Embroidered 3 Piece Unstitched","standard","0.0000","10050.0000","5.0000","0.0000","3127",NULL,"7","3","0","0","0",NULL,,NULL,NULL,NULL,"1","1120587"
"24503",NULL,"AR-EL-03","ELAF LIMELIGHT","standard","12950.0000","17950.0000","0.0000","0.0000","3107",NULL,"19","3","3","3","0",NULL,,NULL,NULL,NULL,"1","1120922"
"24504",NULL,"AR-EL-P","ELAF LIMELIGHT PINK","standard","14350.0000","19850.0000","1.0000","0.0000","3104",NULL,"19","3","3","3","0",NULL,,NULL,NULL,NULL,"1","1120387"
"25025","1","AR-ESH-06","ELAF SKY FALL BLUE","standard","11100.0000","18990.0000","5.0000","0.0000","3079",NULL,"19","3","3","3","0",NULL,,NULL,NULL,NULL,"1","1120944"
"25023","1","AR-ESH-10","ELAF DIANA MINT","standard","14759.0000","21800.0000","5.0000","0.0000","3025",NULL,"0","3","3","3","0",NULL,,NULL,NULL,NULL,"1","1120578"
"24511",NULL,"AR-IRC02","Iznik","standard","11150.0000","16150.0000","2.0000","0.0000","3104",NULL,"10","3","3","3","0",NULL,,NULL,NULL,NULL,"1","1120391"
"24501",NULL,"AR-MB-D4","Maria B Emerald Green Embroidered Velvet & Organza Formal Suit – 2904 Luxury Pakistani Wedding Wear","standard","19100.0000","25100.0000","2.0000","0.0000","2445",NULL,"3","3","3","3","0",NULL,,NULL,NULL,NULL,"1","1120386"
"24509",NULL,"AR-MB-D7","3 Piece Unstitched Embroidered Organza Suit","standard","11800.0000","16800.0000","2.0000","0.0000","3107",NULL,"3","3","3","3","0",NULL,,NULL,NULL,NULL,"1","1120389"
"24496","33","AR-N-TND","Nureh Tie-Dye Luxury Printed Lawn Collection Replica","standard","9800.0000","14300.0000","1.0000","0.0000","24",NULL,"85","3","3","3","0",NULL,,NULL,NULL,NULL,"1","1120384"
"24497",NULL,"AR-NL-67","Nureh Jhoomro Embroidered Organza Unstitched 3Pc Suit NL-67","standard","11400.0000","16400.0000","2.0000","0.0000","3107",NULL,"85","3","3","3","0",NULL,,NULL,NULL,NULL,"1","1120383"
"24498","9","AR-NL-81","Nureh Jhoomro Hand Embellished Organza Unstitched 3Pc Suit NL-81","standard","11150.0000","16150.0000","2.0000","0.0000","35",NULL,"85","3","3","3","0",NULL,,NULL,NULL,NULL,"1","1120382"
"25022","6","AR-QLM02","QALAMKAR  SAGE AURA QLM-02","standard","15250.0000","22300.0000","5.0000","0.0000","3114",NULL,"11","3","3","3","0",NULL,,NULL,NULL,NULL,"1","1120577"
"25028","3","AR-QLMB-L","QALAMKAR ICE BLUE FULLY EMB LUXURY LAWN","standard","6600.0000","10990.0000","3.0000","0.0000","3094",NULL,"11","3","0","0","0",NULL,,NULL,NULL,NULL,"1","1120581"
"25027","2","AR-QLMB-M","QALAMKAR ICE BLUE FULLY EMB LUXURY LAWN","standard","6600.0000","10990.0000","6.0000","0.0000","3094",NULL,"11","3","0","0","0",NULL,,NULL,NULL,NULL,"1","1120580"
"25026","1","AR-QLMB-S","QALAMKAR ICE BLUE FULLY EMB LUXURY LAWN","standard","6600.0000","10990.0000","3.0000","0.0000","3094",NULL,"11","3","3","3","0",NULL,,NULL,NULL,NULL,"1","1120579"
"25029","4","AR-QLMP-L","QALAMKAR PINK FULLY EMB LUXURY LAWN","standard","6600.0000","10990.0000","3.0000","0.0000","3094",NULL,"11","3","0","0","0",NULL,,NULL,NULL,NULL,"1","1120582"
"25031","6","AR-QLMP-M","QALAMKAR PINK FULLY EMB LUXURY LAWN","standard","6600.0000","10990.0000","6.0000","0.0000","3094",NULL,"11","3","0","0","0",NULL,,NULL,NULL,NULL,"1","1120584"
"25030","5","AR-QLMP-S","QALAMKAR PINK FULLY EMB LUXURY LAWN","standard","6600.0000","10990.0000","3.0000","0.0000","3094",NULL,"11","3","0","0","0",NULL,,NULL,NULL,NULL,"1","1120583"
"24499","2","AR-SS-SA","A Swarovski Affair","standard","10250.0000","15250.0000","0.0000","0.0000","31",NULL,"15","3","3","3","0",NULL,,NULL,NULL,NULL,"1","1120921"
"24506","3","AR-ZC25-07","ZAHA - MELTEM (ZC25-07)","standard","9950.0000","14450.0000","2.0000","0.0000","31",NULL,"86","3","3","3","0",NULL,,NULL,NULL,NULL,"1","1120388"
"23466","1","AS-IF-U","Alizay Saad Luxury Raw Silk Embroidered 3 Piece Unstitched - Ivories Festive","standard","5250.0000","8650.0000","7.0000","0.0000","3086",NULL,"22","3","3","3","0",NULL,,NULL,NULL,NULL,"1","1120716"
"24654",NULL,"AZ-EU","Azure - Euphoria - Luxury Chiffon Embroidered 3 Piece Unstitched","standard","0.0000","6950.0000","2.0000","0.0000","3097",NULL,"23","3","3","3","0",NULL,,NULL,NULL,NULL,"1","1120601"
"23811",NULL,"AZE-MAJESTY-L","Azure Luxury Chiffon Embroidered Collection GARNET MAJESTY","standard","6700.0000","9350.0000","1.0000","0.0000","1536",NULL,"23","3","0","0","0",NULL,,NULL,NULL,NULL,"1","1120266"
"23810",NULL,"AZE-MAJESTY-M","Azure Luxury Chiffon Embroidered Collection GARNET MAJESTY","standard","6700.0000","9350.0000","3.0000","0.0000","1536",NULL,"23","3","0","0","0",NULL,,NULL,NULL,NULL,"1","1120271"
"23809",NULL,"AZE-MAJESTY-S","Azure Luxury Chiffon Embroidered Collection GARNET MAJESTY","standard","6700.0000","9350.0000","1.0000","0.0000","1536",NULL,"23","3","0","0","0",NULL,,NULL,NULL,NULL,"1","1120268"
"23549",NULL,"AZE-MAJESTY-U","Azure Luxury Chiffon Embroidered Collection GARNET MAJESTY","standard","3700.0000","6350.0000","5.0000","0.0000","3097",NULL,"23","3","3","3","0",NULL,,NULL,NULL,NULL,"1","1120763"
"23470",NULL,"AZE-RR-U","Azure Luxury Lawn Embroidered Unstitched Collection ROSSO ROYAL","standard","5000.0000","7450.0000","4.0000","0.0000","3135",NULL,"23","3","3","3","0",NULL,,NULL,NULL,NULL,"1","1120027"
"23573",NULL,"AZE-SatinSage-U","Azure Luxury Embroidered Chiffon Unstitched 3Pc Suit Satin Sage","standard","6650.0000","6650.0000","0.0000","0.0000","1558",NULL,"23","3","3","3","0",NULL,,NULL,NULL,NULL,"1","1120618"
"23574",NULL,"AZE-TurlingTulip-U","Azure Luxury Embroidered Chiffon Unstitched 3Pc Suit Twirling Tulip","standard","6950.0000","6950.0000","0.0000","0.0000","1554",NULL,"4","3","3","3","0",NULL,,NULL,NULL,NULL,"1","1120617"
"24176",NULL,"AZR-TEAL","Azure Luxury Chiffon Embroidered 3Pc Unstitched Suit - Majestic Teal","standard","0.0000","6750.0000","4.0000","0.0000","3097",NULL,"23","3","3","3","0",NULL,,NULL,NULL,NULL,"1","1120918"
"23872",NULL,"Azr-VR-U","Azure Embroidered Chiffon Suits Unstitched 3 Piece D-03 VIBRANT RUBY - Luxury Collection","standard","5850.0000","5850.0000","1.0000","0.0000","1559",NULL,"23","3","3","3","0",NULL,,NULL,NULL,NULL,"1","1120314"
"25040","1","AZR-WINE","Azure Luxury Embroidered Lawn 3 Piece Unstitched Suit WINE MIRAGE","standard","0.0000","7450.0000","3.0000","0.0000","3135",NULL,"0","3","0","0","0",NULL,,NULL,NULL,NULL,"1","1120594"
"23599",NULL,"AZU-25","Ensembles By Azure Embroidered Chiffon Suits Unstitched 3 Piece AZU25 Fairy Glow","standard","0.0000","5850.0000","1.0000","0.0000","33",NULL,"23","3","3","3","0",NULL,,NULL,NULL,NULL,"1","1120125"
"24630",NULL,"B-NAISHA","BATIK Naisha Sky Blue","standard","4950.0000","7550.0000","2.0000","0.0000","3135",NULL,"18","3","3","3","0",NULL,,NULL,NULL,NULL,"1","1120417"
"25048","1","BD-2503","MARIA B MBROIDERED LUXURY COLLECTION","standard","0.0000","10900.0000","1.0000","0.0000","37",NULL,"3","3","3","3","0",NULL,,NULL,NULL,NULL,"1","1120605"
"23501",NULL,"BD-2704-U","Maria.B - Luxury Pure Chiffon Embroidered 3 Piece Unstitched - Cobalt Blue BD-2704","standard","19500.0000","22900.0000","2.0000","0.0000","3097",NULL,"3","3","3","3","0",NULL,,NULL,NULL,NULL,"1","1120073"
"20134","1","BD-3005-Ferozi-U","Maria.B Luxury Chiffon Embroidered Unstitched Collection BD-3005 Ferozi","standard","9500.0000","16800.0000","2.0000","0.0000","40",NULL,"3","3","3","3","0",NULL,,NULL,NULL,NULL,"1","1120768"
"23478","4","BD-3005-L","Maria.B Luxury Chiffon Embroidered Unstitched Collection BD-3005 Ferozi","standard","12500.0000","19800.0000","1.0000","0.0000","40",NULL,"3","3","0","0","0",NULL,,NULL,NULL,NULL,"1","1120904"
"23477","3","BD-3005-M","Maria.B Luxury Chiffon Embroidered Unstitched Collection BD-3005 Ferozi","standard","12500.0000","19800.0000","3.0000","0.0000","40",NULL,"3","3","0","0","0",NULL,,NULL,NULL,NULL,"1","1120903"
"23476","2","BD-3005-S","Maria.B Luxury Chiffon Embroidered Unstitched Collection BD-3005 Ferozi","standard","12500.0000","19800.0000","1.0000","0.0000","40",NULL,"3","3","0","0","0",NULL,,NULL,NULL,NULL,"1","1120902"
"23457",NULL,"BD-3006-L","Maria.B Luxury Pure Chiffon Embroidered Unstitched 3 Piece - BD-3005 Baby Pink","standard","12500.0000","19500.0000","2.0000","0.0000","1798",NULL,"3","3","0","0","0",NULL,,NULL,NULL,NULL,"1","1120907"
"23456",NULL,"BD-3006-M","Maria.B Luxury Pure Chiffon Embroidered Unstitched 3 Piece - BD-3005 Baby Pink","standard","12500.0000","19500.0000","2.0000","0.0000","1798",NULL,"3","3","0","0","0",NULL,,NULL,NULL,NULL,"1","1120906"
"23455",NULL,"BD-3006-S","Maria.B Luxury Pure Chiffon Embroidered Unstitched 3 Piece - BD-3005 Baby Pink","standard","12500.0000","19500.0000","1.0000","0.0000","1798",NULL,"3","3","0","0","0",NULL,,NULL,NULL,NULL,"1","1120905"
"23454",NULL,"BD-3006-U","Maria.B Luxury Pure Chiffon Embroidered Unstitched 3 Piece - BD-3005 Baby Pink","standard","9500.0000","16500.0000","1.0000","0.0000","1798",NULL,"3","3","3","3","0",NULL,,NULL,NULL,NULL,"1","1120035"
"23610",NULL,"Berry-Dusk","Azure Luxury Chiffon Embroidered 3 Piece Unstitched - Berry Dusk","standard","5950.0000","5950.0000","1.0000","0.0000","1536",NULL,"23","3","3","3","0",NULL,,NULL,NULL,NULL,"1","1120108"
"23528",NULL,"Beryl-Green","Hussain Rehar - Luxury Raw Silk Embroidered 3 Piece Unstitched - Beryl","standard","18500.0000","18500.0000","1.0000","0.0000","2471",NULL,"31","3","3","3","0",NULL,,NULL,NULL,NULL,"1","1120084"
"25004","47","BF-385-L","LUXURY SILK  MEHROON SEQUANCE NECK","standard","5000.0000","7000.0000","0.0000","0.0000","3116",NULL,"4","3","0","0","0",NULL,,NULL,NULL,NULL,"1","1120556"
"25003","46","BF-385-M","LUXURY SILK  MEHROON SEQUANCE NECK","standard","5000.0000","7000.0000","0.0000","0.0000","3116",NULL,"4","3","0","0","0",NULL,,NULL,NULL,NULL,"1","1120555"
"25002","45","BF-385-S","LUXURY SILK  MEHROON SEQUANCE NECK","standard","5000.0000","7000.0000","0.0000","0.0000","3116",NULL,"4","3","0","0","0",NULL,,NULL,NULL,NULL,"1","1120554"
"25005","48","BF-461-L","LUXURY SILK PLANE EMB","standard","5000.0000","7000.0000","1.0000","0.0000","3116",NULL,"4","3","0","0","0",NULL,,NULL,NULL,NULL,"1","1120557"
"25007","50","BF-461-M","LUXURY SILK PLANE EMB","standard","5000.0000","7000.0000","1.0000","0.0000","3116",NULL,"4","3","0","0","0",NULL,,NULL,NULL,NULL,"1","1120559"
"25006","49","BF-461-S","LUXURY SILK PLANE EMB","standard","5000.0000","7000.0000","1.0000","0.0000","3116",NULL,"4","3","0","0","0",NULL,,NULL,NULL,NULL,"1","1120558"
"25011","54","BF-479IB-L","LUXURY SILK ICE BLUE STIRGHT NECK","standard","5500.0000","7700.0000","1.0000","0.0000","3116",NULL,"4","3","0","0","0",NULL,,NULL,NULL,NULL,"1","1120563"
"25012","55","BF-479IB-M","LUXURY SILK ICE BLUE STIRGHT NECK","standard","5500.0000","7700.0000","1.0000","0.0000","3116",NULL,"4","3","0","0","0",NULL,,NULL,NULL,NULL,"1","1120564"
"25013","56","BF-479IB-S","LUXURY SILK ICE BLUE STIRGHT NECK","standard","5500.0000","7700.0000","1.0000","0.0000","3116",NULL,"4","3","0","0","0",NULL,,NULL,NULL,NULL,"1","1120565"
"25010","53","BF-479P-L","LUXURY SILK  PISTA STIRGHT NECK","standard","5500.0000","7700.0000","1.0000","0.0000","3116",NULL,"4","3","0","0","0",NULL,,NULL,NULL,NULL,"1","1120562"
"25008","51","BF-479P-M","LUXURY SILK  PISTA STIRGHT NECK","standard","5500.0000","7700.0000","1.0000","0.0000","3116",NULL,"4","3","0","0","0",NULL,,NULL,NULL,NULL,"1","1120560"
"25009","52","BF-479P-S","LUXURY SILK  PISTA STIRGHT NECK","standard","5500.0000","7700.0000","1.0000","0.0000","3116",NULL,"4","3","0","0","0",NULL,,NULL,NULL,NULL,"1","1120561"
"25019","62","BF-482GP-L","LUXURY SILK  GREEN PISTA FULLY EMB ALL OVER","standard","6000.0000","8400.0000","1.0000","0.0000","3116",NULL,"4","3","0","0","0",NULL,,NULL,NULL,NULL,"1","1120571"
"25018","61","BF-482GP-M","LUXURY SILK  GREEN PISTA FULLY EMB ALL OVER","standard","6000.0000","8400.0000","1.0000","0.0000","3116",NULL,"4","3","0","0","0",NULL,,NULL,NULL,NULL,"1","1120570"
"25020","63","BF-482GP-S","LUXURY SILK  GREEN PISTA FULLY EMB ALL OVER","standard","6000.0000","8400.0000","0.0000","0.0000","3116",NULL,"4","3","0","0","0",NULL,,NULL,NULL,NULL,"1","1120572"
"25021","64","BF-482GP-XL","LUXURY SILK  GREEN PISTA FULLY EMB ALL OVER","standard","6000.0000","8400.0000","1.0000","0.0000","3116",NULL,"4","3","0","0","0",NULL,,NULL,NULL,NULL,"1","1120573"
"25015","58","BF-482P-L","LUXURY SILK  PISTA FULLY EMB ALL OVER","standard","6000.0000","8400.0000","0.0000","0.0000","3116",NULL,"4","3","0","0","0",NULL,,NULL,NULL,NULL,"1","1120567"
"25014","57","BF-482P-M","LUXURY SILK  PISTA FULLY EMB ALL OVER","standard","6000.0000","8400.0000","1.0000","0.0000","3116",NULL,"4","3","0","0","0",NULL,,NULL,NULL,NULL,"1","1120566"
"25016","59","BF-482P-S","LUXURY SILK  PISTA FULLY EMB ALL OVER","standard","6000.0000","8400.0000","1.0000","0.0000","3116",NULL,"4","3","0","0","0",NULL,,NULL,NULL,NULL,"1","1120568"
"25017","60","BF-482P-XL","LUXURY SILK  PISTA FULLY EMB ALL OVER","standard","6000.0000","8400.0000","1.0000","0.0000","3116",NULL,"4","3","0","0","0",NULL,,NULL,NULL,NULL,"1","1120569"
"23547",NULL,"BI-313-B-U","Bin Ilyas - Luxury Lawn Embroidered 3 Piece Unstitched - 313-B","standard","3950.0000","6950.0000","3.0000","0.0000","1557",NULL,"24","3","3","3","0",NULL,,NULL,NULL,NULL,"1","1120765"
"23548",NULL,"BI-404-A-U","Bin Ilyas Luxury Lawn Embroidered 3 Piece Unstitched - 404-A DilBaro","standard","5150.0000","6850.0000","2.0000","0.0000","1555",NULL,"24","3","3","3","0",NULL,,NULL,NULL,NULL,"1","1120759"
"24011",NULL,"BI-D-607-M","Bin Ilyas Wedding Festive Luxury Raw Silk Collection D-607","standard","10900.0000","14950.0000","2.0000","0.0000","3095",NULL,"24","3","0","0","0",NULL,,NULL,NULL,NULL,"1","1120349"
"23542",NULL,"BI-D-607-U","Bin Ilyas Wedding Festive Luxury Raw Silk Collection D-607","standard","7900.0000","11950.0000","22.0000","0.0000","1555",NULL,"24","3","3","3","0",NULL,,NULL,NULL,NULL,"1","1120756"
"24678","34","BI-KLARA","Bin Ilyas Luxury Lawn Embroidered 3 Piece Unstitched 216 - A KLARA","standard","0.0000","7250.0000","5.0000","0.0000","3135",NULL,"24","3","3","3","0",NULL,,NULL,NULL,NULL,"1","1120931"
"23595",NULL,"BQ-2156-U","Baroque Chikankari Luxury Embroidered Swiss Lawn Unstitched 3Pc Suit BQ-2156","standard","5950.0000","5950.0000","1.0000","0.0000","1536",NULL,"8","3","3","3","0",NULL,,NULL,NULL,NULL,"1","1120128"
"20075",NULL,"BQ24-10-L","Baroque Embroidered Luxury Lawn  3Pc Suit BQU - D10","standard","6850.0000","9150.0000","2.0000","0.0000","2450",NULL,"8","3","0","0","0",NULL,,NULL,NULL,NULL,"1","1120830"
"20074",NULL,"BQ24-10-M","Baroque Embroidered Luxury Lawn  3Pc Suit BQU - D10","standard","6850.0000","9150.0000","3.0000","0.0000","2450",NULL,"8","3","0","0","0",NULL,,NULL,NULL,NULL,"1","1120831"
"20073",NULL,"BQ24-10-S","Baroque Embroidered Luxury Lawn  3Pc Suit BQU - D10","standard","6850.0000","9150.0000","1.0000","0.0000","2450",NULL,"8","3","0","0","0",NULL,,NULL,NULL,NULL,"1","1120834"
"19070",NULL,"BQ24-10-U","Baroque Embroidered Luxury Lawn 3Pc Suit BQU - D10","standard","5150.0000","7450.0000","1.0000","0.0000","2450",NULL,"8","3","3","3","0",NULL,,NULL,NULL,NULL,"1","1120829"
"23557","9","Burgundy-Dusk-01","Abeera Usman Raw Silk Handwork Embroidered 3 Pcs Unstitched Burgundy Dusk","standard","9000.0000","19500.0000","1.0000","0.0000","3086",NULL,"4","3","0","0","0",NULL,,NULL,NULL,NULL,"1","1120080"
"23982",NULL,"CC65-L","Iznik Meraki Luxury Embroidered Dark Green Luxury Unstitched Net Maxi D-07","standard","8000.0000","10950.0000","2.0000","0.0000","3038",NULL,"10","3","0","0","0",NULL,,NULL,NULL,NULL,"1","1120345"
"23983",NULL,"CC65-M","Iznik Meraki Luxury Embroidered Dark Green Luxury Unstitched Net Maxi D-07","standard","8000.0000","10950.0000","3.0000","0.0000","3038",NULL,"10","3","0","0","0",NULL,,NULL,NULL,NULL,"1","1120344"
"23981",NULL,"CC65-S","Iznik Meraki Luxury Embroidered Dark Green Luxury Unstitched Net Maxi D-07","standard","8000.0000","10950.0000","1.0000","0.0000","3038",NULL,"10","3","0","0","0",NULL,,NULL,NULL,NULL,"1","1120346"
"23559",NULL,"CC9782","Coco By Zara Shahjahan Luxury Lawn Embroidered Unstitched 3 Piece Alba D8","standard","4000.0000","6950.0000","1.0000","0.0000","3135",NULL,"112","3","0","0","0",NULL,,NULL,NULL,NULL,"1","1120020"
"25046","1","CH-M-1000","AIK Atelier Luxury Embroidered CHIFFON 3Pc Unstitched","standard","0.0000","11900.0000","1.0000","0.0000","3097",NULL,"39","3","3","3","0",NULL,,NULL,NULL,NULL,"1","1120603"
"23835",NULL,"CH10-07-U","Baroque Net Embroidered CH10-07","standard","7650.0000","7650.0000","0.0000","0.0000","3104",NULL,"8","3","3","3","0",NULL,,NULL,NULL,NULL,"1","1120614"
"25039","1","CH12-D08","3-piece embroidered chiffon formal outfit from Baroque's Chantelle Vol. 14 collection","standard","0.0000","10950.0000","1.0000","0.0000","3097",NULL,"8","3","0","0","0",NULL,,NULL,NULL,NULL,"1","1120593"
"24527",NULL,"CH14-06","Baroque CH14-06 Luxury Chiffon Embroidered 3Pc Unstitched Suit PA-151","standard","8200.0000","11500.0000","1.0000","0.0000","35",NULL,"8","3","3","3","0",NULL,,NULL,NULL,NULL,"1","1120404"
"24512",NULL,"CH14-07","Baroque Chantelle","standard","11200.0000","16200.0000","2.0000","0.0000","3088",NULL,"8","3","3","3","0",NULL,,NULL,NULL,NULL,"1","1120392"
"24494",NULL,"CH14-08","3-piece embroidered chiffon formal outfit from Baroque's Chantelle Vol. 14 collection","standard","11050.0000","16050.0000","2.0000","0.0000","3097",NULL,"8","3","3","3","0",NULL,,NULL,NULL,NULL,"1","1120385"
"24954",NULL,"chr-d1005","Charizma Embroidered Luxury Chiffon Unstitched 3Pc Suit","standard","4200.0000","5850.0000","2.0000","0.0000","3097",NULL,"94","3","0","0","0",NULL,,NULL,NULL,NULL,"1","1120512"
"23518",NULL,"CHRZMA-CA26-02-U","Charizma Luxury Embroidered Chiffon 3Pc Unstitched Suit CA26 - 02","standard","19850.0000","19850.0000","1.0000","0.0000","1558",NULL,"4","3","3","3","0",NULL,,NULL,NULL,NULL,"1","1120037"
"23563",NULL,"CHRZMA-DJ5-08-U","Charizma - Dastan-E-Jashan - Embroidered Chiffon Unstitched 3 Piece DJ5-08","standard","7650.0000","7650.0000","9.0000","2.0000","3097",NULL,"4","3","3","3","10","7650.0000","+923332171414",NULL,NULL,NULL,"1","1120018"
"23571",NULL,"CHRZMA-DJW5-10-U","Charizma Dastan-e-Jashan Luxury Chiffon Unstitched 3Pc Suit DJW5-10","standard","6750.0000","6750.0000","1.0000","0.0000","1536",NULL,"4","3","3","3","0",NULL,,NULL,NULL,NULL,"1","1120028"
"20087",NULL,"Couture-02","Nomi Ansari Luxury Pure Chiffon Unsticthed 3 Piece Couture","standard","18500.0000","22500.0000","1.0000","0.0000","3088",NULL,"4","3","3","3","0",NULL,,NULL,NULL,NULL,"1","1120632"
"23546",NULL,"CRIMSON-CRWP-2A-U","Crimson Luxury Lawn Embroidered Unstitched Suits Marori Tales - CRWP 2A","standard","3950.0000","6450.0000","1.0000","0.0000","1559",NULL,"15","3","0","0","0",NULL,,NULL,NULL,NULL,"1","1120755"
"20376",NULL,"CRWP-2B-U","Crimson Luxury Lawn Embroidered Unstitched Suits Marori Tales - CRWP 2B","standard","3800.0000","6450.0000","3.0000","0.0000","3135",NULL,"15","3","3","3","0",NULL,,NULL,NULL,NULL,"1","1120771"
"812",NULL,"CS-AmberMist-U","Cross Stitch Luxury Embroidered Lawn Stitched 3Pc Suit AMBER MIST","standard","0.0000","9500.0000","1.0000","0.0000","71",NULL,"4","3","0","0","0",NULL,,NULL,NULL,NULL,"1","1120625"
"23605",NULL,"CS-D-6A","Crimson Luxury Lawn Embroidered 3 Piece Unstitched - ONE TRUE LOVE - D-6A","standard","8750.0000","8750.0000","0.0000","0.0000","1536",NULL,"15","3","3","3","0",NULL,,NULL,NULL,NULL,"1","1120652"
"23538",NULL,"CVF-D-01-U","Jazmin Luxury Velvet Unstitched Collection CVF D-01 With Potli","standard","7650.0000","7650.0000","0.0000","0.0000","2152",NULL,"20","3","3","3","0",NULL,,NULL,NULL,NULL,"1","1120626"
"23534",NULL,"CVF-D-02-U","Jazmin Luxury Velvet Embroidered Unstitched 3 Piece - CVF D-02","standard","5300.0000","7750.0000","0.0000","0.0000","59",NULL,"20","3","3","3","0",NULL,,NULL,NULL,NULL,"1","1120627"
"24709",NULL,"CVF-D-08","Jazmin Embroidered Velvet Formal 3 Pieces Unstitched CVF D-08 Nilofer","standard","5400.0000","8650.0000","2.0000","0.0000","3136",NULL,"20","3","3","3","0",NULL,,NULL,NULL,NULL,"1","1120440"
"23536",NULL,"CVF09-U","Jazmin Luxury Velvet Embroidered 3 Piece Unstitched - CVF D-09","standard","8850.0000","8850.0000","1.0000","0.0000","2152",NULL,"20","3","3","3","0",NULL,,NULL,NULL,NULL,"1","1120038"
"24146","8","CVF12-U","Jazmin Chandani Embroidered Velvet Unstitched 3Pc Maxi CVF D-12","standard","0.0000","9800.0000","3.0000","0.0000","3136",NULL,"20","3","3","3","0",NULL,,NULL,NULL,NULL,"1","1120598"
"23572",NULL,"D-04-ORLA","Alizeh Luxury Embroidered Organza Unstitched 3Pc Suit - D-04 Orla","standard","6590.0000","6590.0000","3.0000","0.0000","35",NULL,"4","3","0","0","0",NULL,,NULL,NULL,NULL,"1","1120014"
"23555",NULL,"D-07-CC65-U","Iznik Meraki Luxury Embroidered Dark Green Luxury Unstitched Net Maxi D-07","standard","5000.0000","7950.0000","0.0000","0.0000","3038",NULL,"10","3","3","3","0",NULL,,NULL,NULL,NULL,"1","1120767"
"19061",NULL,"D-09-L","Qalamkar Luxury Chiken Kari Lawn 3 Pieces  FP-09 SELIN","standard","6200.0000","8950.0000","2.0000","0.0000","2450",NULL,"11","3","0","0","0",NULL,,NULL,NULL,NULL,"1","1120777"
"19060",NULL,"D-09-M","Qalamkar Luxury Chiken Kari Lawn 3 Pieces  FP-09 SELIN","standard","6200.0000","8950.0000","2.0000","0.0000","2450",NULL,"11","3","0","0","0",NULL,,NULL,NULL,NULL,"1","1120744"
"19059",NULL,"D-09-S","Qalamkar Luxury Chiken Kari Lawn 3 Pieces  FP-09 SELIN","standard","6200.0000","8950.0000","1.0000","0.0000","2450",NULL,"11","3","0","0","0",NULL,,NULL,NULL,NULL,"1","1120782"
"19058",NULL,"D-09-U","Qalamkar Luxury Chiken Kari Lawn 3 Pieces  FP-09 SELIN","standard","4600.0000","7250.0000","2.0000","0.0000","2450",NULL,"11","3","3","3","0",NULL,,NULL,NULL,NULL,"1","1120778"
"25053","2","d-1088","Baroque 1209 Luxury Chiffon Embroidered 3Pc Unstitched Suit PA-166","standard","0.0000","8950.0000","2.0000","0.0000","3097",NULL,"8","3","0","0","0",NULL,,NULL,NULL,NULL,"1","1120956"
"18071","20","D-13-L","Rang Rasiya Premium Embroidered Lawn Unstitched 3Pc Suit D-13 ALAYA","standard","6600.0000","8950.0000","1.0000","0.0000","24",NULL,"26","3","0","0","0",NULL,,NULL,NULL,NULL,"1","1120864"
"18070","19","D-13-M","Rang Rasiya Premium Embroidered Lawn Unstitched 3Pc Suit D-13 ALAYA","standard","6600.0000","8950.0000","0.0000","0.0000","24",NULL,"26","3","0","0","0",NULL,,NULL,NULL,NULL,"1","1120863"
"18069","18","D-13-S","Rang Rasiya Premium Embroidered Lawn Unstitched 3Pc Suit D-13 ALAYA","standard","6600.0000","8950.0000","1.0000","0.0000","24",NULL,"26","3","0","0","0",NULL,,NULL,NULL,NULL,"1","1120865"
"18068","17","D-13-U","Rang Rasiya Premium Embroidered Lawn Unstitched 3Pc Suit D-13 ALAYA","standard","4900.0000","7250.0000","3.0000","0.0000","24",NULL,"26","3","3","3","0",NULL,,NULL,NULL,NULL,"1","1120853"
"23480","5","D-1591-U","Hussain Rehar Luxury Organza Embroidered Unstitched 3PC Suit Roshanara D-1591","standard","17000.0000","19500.0000","1.0000","0.0000","37",NULL,"4","3","3","3","0",NULL,,NULL,NULL,NULL,"1","1120044"
"23909",NULL,"D-170-u","Sarah Atif Luxury Net Embroidered Unstitched Suit","standard","8600.0000","8600.0000","1.0000","0.0000","3019",NULL,"0","3","3","3","0",NULL,,NULL,NULL,NULL,"1","1120265"
"19045",NULL,"D-2206-L","Saira Shakira Luxury Lawn Embroidered 3 Piece - DAHLIA-B","standard","6500.0000","10550.0000","0.0000","0.0000","2450",NULL,"14","3","0","0","0",NULL,,NULL,NULL,NULL,"1","1120741"
"19044",NULL,"D-2206-M","Saira Shakira Luxury Lawn Embroidered 3 Piece - DAHLIA-B","standard","6500.0000","10550.0000","2.0000","0.0000","2450",NULL,"14","3","0","0","0",NULL,,NULL,NULL,NULL,"1","1120837"
"19043",NULL,"D-2206-S","Saira Shakira Luxury Lawn Embroidered 3 Piece - DAHLIA-B","standard","6500.0000","10550.0000","0.0000","0.0000","2450",NULL,"14","3","0","0","0",NULL,,NULL,NULL,NULL,"1","1120839"
"19042",NULL,"D-2206-U","Saira Shakira Luxury Lawn Embroidered 3 Piece - DAHLIA-B","standard","4800.0000","8850.0000","2.0000","0.0000","2450",NULL,"14","3","3","3","0",NULL,,NULL,NULL,NULL,"1","1120740"
"18124",NULL,"D-2407-L","Maria.B Luxury Lawn Embroidred Collection 3 Pc Unstitched","standard","5900.0000","8850.0000","2.0000","0.0000","2450",NULL,"3","3","0","0","0",NULL,,NULL,NULL,NULL,"1","1120810"
"18123",NULL,"D-2407-M","Maria.B Luxury Lawn Embroidred Collection 3 Pc Unstitched","standard","5900.0000","8850.0000","3.0000","0.0000","2450",NULL,"3","3","0","0","0",NULL,,NULL,NULL,NULL,"1","1120821"
"18122",NULL,"D-2407-S","Maria.B Luxury Lawn Embroidred Collection 3 Pc Unstitched","standard","5900.0000","8850.0000","0.0000","0.0000","2450",NULL,"3","3","0","0","0",NULL,,NULL,NULL,NULL,"1","1120818"
"18121",NULL,"D-2407-U","Maria.B Luxury Lawn Embroidred Collection 3 Pc Unstitched","standard","4200.0000","7150.0000","2.0000","0.0000","2450",NULL,"3","3","3","3","0",NULL,,NULL,NULL,NULL,"1","1120820"
"23868",NULL,"D-2412-A-U","Maria.B Embroidered Luxury Lawn Unstitched 3Pc Suit D - 2412 - A","standard","9500.0000","9500.0000","1.0000","0.0000","1536",NULL,"3","3","0","0","0",NULL,,NULL,NULL,NULL,"1","1120007"
"18104",NULL,"D-2511-A-L","Maria.B - Luxury Lawn Embroidered 3 Piece Unstitched - D-2511-A","standard","6300.0000","8750.0000","1.0000","0.0000","1233",NULL,"3","3","0","0","0",NULL,,NULL,NULL,NULL,"1","1120843"
"18103",NULL,"D-2511-A-M","Maria.B - Luxury Lawn Embroidered 3 Piece Unstitched - D-2511-A","standard","6300.0000","8750.0000","2.0000","0.0000","1233",NULL,"3","3","0","0","0",NULL,,NULL,NULL,NULL,"1","1120808"
"18102",NULL,"D-2511-A-S","Maria.B - Luxury Lawn Embroidered 3 Piece Unstitched - D-2511-A","standard","6300.0000","8750.0000","0.0000","0.0000","1233",NULL,"3","3","0","0","0",NULL,,NULL,NULL,NULL,"1","1120847"
"18101",NULL,"D-2511-A-U","Maria.B - Luxury Lawn Embroidered 3 Piece Unstitched - D-2511-A","standard","4600.0000","7050.0000","3.0000","0.0000","1233",NULL,"3","3","3","3","0",NULL,,NULL,NULL,NULL,"1","1120801"
"23883",NULL,"D-2511-B-U","Maria.B - Luxury Lawn Embroidered 3 Piece Unstitched - D-2511-B","standard","4600.0000","6950.0000","1.0000","0.0000","1558",NULL,"3","3","3","3","0",NULL,,NULL,NULL,NULL,"1","1120299"
"18084",NULL,"D-2605-A-L","Maria.B Luxury Embroidered Jacquard Lawn Unstitched 3Pc Suit D-2605-A","standard","7950.0000","10050.0000","0.0000","0.0000","221",NULL,"3","3","0","0","0",NULL,,NULL,NULL,NULL,"1","1120797"
"18083",NULL,"D-2605-A-M","Maria.B Luxury Embroidered Jacquard Lawn Unstitched 3Pc Suit D-2605-A","standard","7950.0000","10050.0000","1.0000","0.0000","221",NULL,"3","3","0","0","0",NULL,,NULL,NULL,NULL,"1","1120795"
"18082",NULL,"D-2605-A-S","Maria.B Luxury Embroidered Jacquard Lawn Unstitched 3Pc Suit D-2605-A","standard","7950.0000","10050.0000","1.0000","0.0000","221",NULL,"3","3","0","0","0",NULL,,NULL,NULL,NULL,"1","1120786"
"18081",NULL,"D-2605-A-U","Maria.B Luxury Embroidered Jacquard Lawn Unstitched 3Pc Suit D-2605-A","standard","6250.0000","8350.0000","8.0000","0.0000","221",NULL,"3","3","3","3","0",NULL,,NULL,NULL,NULL,"1","1120796"
"18108",NULL,"D-2605-B-L","Maria.B Luxury Embroidered Jacquard Lawn Unstitched 3Pc Suit D-2605-B","standard","7950.0000","10050.0000","1.0000","0.0000","2710",NULL,"3","3","0","0","0",NULL,,NULL,NULL,NULL,"1","1120819"
"18107",NULL,"D-2605-B-M","Maria.B Luxury Embroidered Jacquard Lawn Unstitched 3Pc Suit D-2605-B","standard","7950.0000","10050.0000","0.0000","0.0000","2710",NULL,"3","3","0","0","0",NULL,,NULL,NULL,NULL,"1","1120807"
"18106",NULL,"D-2605-B-S","Maria.B Luxury Embroidered Jacquard Lawn Unstitched 3Pc Suit D-2605-B","standard","7950.0000","10050.0000","0.0000","0.0000","2710",NULL,"3","3","0","0","0",NULL,,NULL,NULL,NULL,"1","1120817"
"18105",NULL,"D-2605-B-U","Maria.B Luxury Embroidered Jacquard Lawn Unstitched 3Pc Suit D-2605-B","standard","6250.0000","8350.0000","1.0000","0.0000","2710",NULL,"3","3","0","0","0",NULL,,NULL,NULL,NULL,"1","1120804"
"24715",NULL,"D-2609-B","Maria.B Luxury Lawn Unstitched Embroidered 3Pc Suit D-2609-B","standard","5000.0000","8350.0000","5.0000","0.0000","3135",NULL,"3","3","3","3","0",NULL,,NULL,NULL,NULL,"1","1120446"
"23551",NULL,"D-2610-A-U","Maria B Luxury Embroidered Lawn Unstitched 3PC Suit D-2610A","standard","0.0000","8950.0000","9.0000","0.0000","3135",NULL,"3","3","3","3","0",NULL,,NULL,NULL,NULL,"1","1120094"
"25097","44","D-2611-B","Maria.B - Luxury Lawn Embroidered 3 Piece Unstitched - D-2611-B","standard","0.0000","7650.0000","1.0000","0.0000","24",NULL,"3","3","3","3","0",NULL,,NULL,NULL,NULL,"1","1120995"
"24703",NULL,"D-2612-B","Maria.B Luxury swiss Lawn Unstitched Embroidered 3Pc Suit D-2612-B","standard","4800.0000","6950.0000","1.0000","0.0000","3135",NULL,"3","3","3","3","0",NULL,,NULL,NULL,NULL,"1","1120430"
"19053",NULL,"D-582-L","Batik Luxury lawn Embroidered Collection Maroon","standard","7600.0000","9400.0000","2.0000","0.0000","2450",NULL,"18","3","0","0","0",NULL,,NULL,NULL,NULL,"1","1120775"
"19052",NULL,"D-582-M","Batik Luxury lawn Embroidered Collection Maroon","standard","7600.0000","9400.0000","2.0000","0.0000","2450",NULL,"18","3","0","0","0",NULL,,NULL,NULL,NULL,"1","1120746"
"19051",NULL,"D-582-S","Batik Luxury lawn Embroidered Collection Maroon","standard","7600.0000","9400.0000","1.0000","0.0000","2450",NULL,"18","3","0","0","0",NULL,,NULL,NULL,NULL,"1","1120748"
"19050",NULL,"D-582-U","Batik Luxury lawn Embroidered Collection Maroon","standard","5900.0000","7700.0000","3.0000","0.0000","2450",NULL,"18","3","3","3","0",NULL,,NULL,NULL,NULL,"1","1120749"
"23986",NULL,"D-607-L","Bin Ilyas Wedding Festive Luxury Raw Silk Collection D-607","standard","10900.0000","14950.0000","2.0000","0.0000","3095",NULL,"24","3","0","0","0",NULL,,NULL,NULL,NULL,"1","1120348"
"23984",NULL,"D-607-S","Bin Ilyas Wedding Festive Luxury Raw Silk Collection D-607","standard","10900.0000","14950.0000","1.0000","0.0000","3095",NULL,"24","3","0","0","0",NULL,,NULL,NULL,NULL,"1","1120347"
"23846",NULL,"D-6921-U","Muse Lambs Crème Embellished Raw Silk Addawork Hand Embellished Wedding Collection-Beige","standard","12250.0000","12250.0000","2.0000","0.0000","3086",NULL,"29","3","3","3","0",NULL,,NULL,NULL,NULL,"1","1120611"
"19057",NULL,"D-8647-L","Saira Shakira Embroidered Luxury Lawn Unstitched 3Pc Suit DILARA-A","standard","6200.0000","9750.0000","2.0000","0.0000","2450",NULL,"14","3","0","0","0",NULL,,NULL,NULL,NULL,"1","1120836"
"19056",NULL,"D-8647-M","Saira Shakira Embroidered Luxury Lawn Unstitched 3Pc Suit DILARA-A","standard","6200.0000","9750.0000","3.0000","0.0000","2450",NULL,"14","3","0","0","0",NULL,,NULL,NULL,NULL,"1","1120743"
"19055",NULL,"D-8647-S","Saira Shakira Embroidered Luxury Lawn Unstitched 3Pc Suit DILARA-A","standard","6200.0000","9750.0000","1.0000","0.0000","2450",NULL,"14","3","0","0","0",NULL,,NULL,NULL,NULL,"1","1120750"
"19054",NULL,"D-8647-U","Saira Shakira Embroidered Luxury Lawn Unstitched 3Pc Suit DILARA-A","standard","4500.0000","8050.0000","3.0000","0.0000","2450",NULL,"14","3","3","3","0",NULL,,NULL,NULL,NULL,"1","1120745"
"23897",NULL,"D4B-U","Crimson Luxury Lawn Embroidered Eid Collection BONJOUR AND BLOOM - D 4B","standard","5850.0000","5850.0000","2.0000","0.0000","3135",NULL,"15","3","3","3","0",NULL,,NULL,NULL,NULL,"1","1120306"
"24524",NULL,"D5-1488-U","Maria.B Wedding Festive Luxury Hand Embroidered Organza Collection MPC 1015 Widad","standard","14500.0000","18900.0000","1.0000","0.0000","1558",NULL,"3","3","3","3","0",NULL,,NULL,NULL,NULL,"1","1120403"
"24691",NULL,"D8B-OL","Crimson - Luxury Swiss Lawn Embroidered 3 Piece Unstitched- OMBRE LOVE - D8B","standard","4100.0000","5750.0000","1.0000","0.0000","3135",NULL,"15","3","3","3","0",NULL,,NULL,NULL,NULL,"1","1120437"
"23838",NULL,"Denisa-U","Faiza Saqlain Denisa","standard","10250.0000","10250.0000","1.0000","0.0000","3135",NULL,"5","3","3","3","0",NULL,,NULL,NULL,NULL,"1","1120298"
"24698",NULL,"DJ5-03","Charizma Dastan-e-Jashan Luxury Chiffon Unstitched 3Pc Suit DJ5-03","standard","4750.0000","8750.0000","1.0000","0.0000","3097",NULL,"94","3","3","3","0",NULL,,NULL,NULL,NULL,"1","1120432"
"25105","49","DL-10","iznik luxury lawn dl-10","standard","0.0000","4450.0000","1.0000","0.0000","24",NULL,"10","3","3","3","0",NULL,,NULL,NULL,NULL,"1","1121006"
"24137",NULL,"DL-1201-L","Maria.B Luxury Velvet 3 Piece Unstitched Embroidered Palachi Suit DL-1201","standard","11500.0000","16250.0000","1.0000","0.0000","3096",NULL,"3","3","0","0","0",NULL,,NULL,NULL,NULL,"1","1120367"
"24136",NULL,"DL-1201-M","Maria.B Luxury Velvet 3 Piece Unstitched Embroidered Palachi Suit DL-1201","standard","11500.0000","16250.0000","3.0000","0.0000","3096",NULL,"3","3","0","0","0",NULL,,NULL,NULL,NULL,"1","1120366"
"24135",NULL,"DL-1201-S","Maria.B Luxury Velvet 3 Piece Unstitched Embroidered Palachi Suit DL-1201","standard","11500.0000","16250.0000","1.0000","0.0000","3096",NULL,"3","3","0","0","0",NULL,,NULL,NULL,NULL,"1","1120365"
"23550",NULL,"DL-1201-U","Maria.B Luxury Velvet 3 Piece Unstitched Embroidered Palachi Suit DL-1201","standard","8500.0000","13250.0000","2.0000","0.0000","1559",NULL,"3","3","3","3","0",NULL,,NULL,NULL,NULL,"1","1120760"
"25045","2","DS-2514B","Maria.B Luxury Lawn Embroidered 3 Piece Unstitched DS-2514-B Eid Collection","standard","0.0000","9850.0000","1.0000","0.0000","3135",NULL,"3","3","0","0","0",NULL,,NULL,NULL,NULL,"1","1120602"
"18128",NULL,"DS-290-L","Sardinia Tales of Petals Luxury Lawn Collection 01 OCEAN WAVES","standard","8700.0000","12400.0000","0.0000","0.0000","2450",NULL,"13","3","0","0","0",NULL,,NULL,NULL,NULL,"1","1120809"
"18127",NULL,"DS-290-M","Sardinia Tales of Petals Luxury Lawn Collection 01 OCEAN WAVES","standard","8700.0000","12400.0000","2.0000","0.0000","2450",NULL,"13","3","0","0","0",NULL,,NULL,NULL,NULL,"1","1120812"
"18126",NULL,"DS-290-S","Sardinia Tales of Petals Luxury Lawn Collection 01 OCEAN WAVES","standard","8700.0000","12400.0000","0.0000","0.0000","2450",NULL,"13","3","0","0","0",NULL,,NULL,NULL,NULL,"1","1120849"
"18125",NULL,"DS-290-U","Sardinia Tales of Petals Luxury Lawn Collection 01 OCEAN WAVES","standard","7000.0000","10700.0000","3.0000","0.0000","2450",NULL,"13","3","3","3","0",NULL,,NULL,NULL,NULL,"1","1120803"
"18076","24","DS-291-L","Sardinia - Luxury Lawn Embroidered 3 Piece Unstitched - SUMMER SAGE","standard","7700.0000","11300.0000","2.0000","0.0000","24",NULL,"13","3","0","0","0",NULL,,NULL,NULL,NULL,"1","1120855"
"18075","23","DS-291-M","Sardinia - Luxury Lawn Embroidered 3 Piece Unstitched - SUMMER SAGE","standard","7700.0000","11300.0000","2.0000","0.0000","24",NULL,"13","3","0","0","0",NULL,,NULL,NULL,NULL,"1","1120854"
"18074","22","DS-291-S","Sardinia - Luxury Lawn Embroidered 3 Piece Unstitched - SUMMER SAGE","standard","7700.0000","11300.0000","1.0000","0.0000","24",NULL,"13","3","0","0","0",NULL,,NULL,NULL,NULL,"1","1120858"
"18073","21","DS-291-U","Sardinia - Luxury Lawn Embroidered 3 Piece Unstitched - SUMMER SAGE","standard","7500.0000","9600.0000","0.0000","0.0000","24",NULL,"13","3","3","3","0",NULL,,NULL,NULL,NULL,"1","1120856"
"18067","16","DS-957-L","Sardinia - Luxury Lawn Embroidered 3 Piece Unstitched - Midnight Bloom","standard","9900.0000","11950.0000","2.0000","0.0000","24",NULL,"13","3","0","0","0",NULL,,NULL,NULL,NULL,"1","1120859"
"18066","15","DS-957-M","Sardinia - Luxury Lawn Embroidered 3 Piece Unstitched - Midnight Bloom","standard","9900.0000","11950.0000","2.0000","0.0000","24",NULL,"13","3","0","0","0",NULL,,NULL,NULL,NULL,"1","1120860"
"18065","14","DS-957-S","Sardinia - Luxury Lawn Embroidered 3 Piece Unstitched - Midnight Bloom","standard","9900.0000","11950.0000","0.0000","0.0000","24",NULL,"13","3","0","0","0",NULL,,NULL,NULL,NULL,"1","1120862"
"18064","13","DS-957-U","Sardinia - Luxury Lawn Embroidered 3 Piece Unstitched - Midnight Bloom","standard","8200.0000","10250.0000","3.0000","0.0000","24",NULL,"13","3","3","3","0",NULL,,NULL,NULL,NULL,"1","1120861"
"18047","4","DW-27-L","Maria.B - Luxury Raw Silk Embroidered 3 Piece Unstitched DW-27","standard","6750.0000","9750.0000","2.0000","0.0000","3086",NULL,"3","3","0","0","0",NULL,,NULL,NULL,NULL,"1","1120868"
"18046","3","DW-27-M","Maria.B - Luxury Raw Silk Embroidered 3 Piece Unstitched DW-27","standard","6750.0000","9750.0000","3.0000","0.0000","3086",NULL,"3","3","0","0","0",NULL,,NULL,NULL,NULL,"1","1120876"
"18045","2","DW-27-S","Maria.B - Luxury Raw Silk Embroidered 3 Piece Unstitched DW-27-S","standard","6750.0000","9750.0000","1.0000","0.0000","3086",NULL,"3","3","0","0","0",NULL,,NULL,NULL,NULL,"1","1120791"
"18044","1","DW-27-U","Maria.B - Luxury Raw Silk Embroidered 3 Piece Unstitched DW-27-S","standard","3750.0000","6150.0000","2.0000","0.0000","3086",NULL,"3","3","3","3","0",NULL,,NULL,NULL,NULL,"1","1120880"
"18035",NULL,"EC-135-L","Hussain Rehar Raw Silk Unstitched Collection LUCENT EC 135 Formal Raw Silk","standard","8900.0000","11950.0000","2.0000","0.0000","3086",NULL,"31","3","0","0","0",NULL,,NULL,NULL,NULL,"1","1120878"
"18034",NULL,"EC-135-M","Hussain Rehar Raw Silk Unstitched Collection LUCENT EC 135 Formal Raw Silk","standard","8900.0000","11950.0000","0.0000","0.0000","3086",NULL,"31","3","0","0","0",NULL,,NULL,NULL,NULL,"1","1120873"
"18033",NULL,"EC-135-S","Hussain Rehar Raw Silk Unstitched Collection LUCENT EC 135 Formal Raw Silk","standard","8900.0000","11950.0000","1.0000","0.0000","3086",NULL,"31","3","3","3","0",NULL,,NULL,NULL,NULL,"1","1120875"
"18036",NULL,"EC-135-U","Hussain Rehar Raw Silk Unstitched Collection LUCENT EC 135 Formal Raw Silk","standard","5900.0000","8950.0000","4.0000","0.0000","3086",NULL,"31","3","0","0","0",NULL,,NULL,NULL,NULL,"1","1120024"
"24518",NULL,"EC2-23-06","ELAN Nazik EC2-23-06","standard","10550.0000","14550.0000","2.0000","0.0000","1536",NULL,"28","3","3","3","0",NULL,,NULL,NULL,NULL,"1","1120398"
"24623",NULL,"ECLAT","Soraya - Luxury Organza Embroidered 3 Piece Unstitched - Éclat","standard","8400.0000","14799.0000","1.0000","0.0000","1554",NULL,"4","3","3","3","0",NULL,,NULL,NULL,NULL,"1","1120406"
"24517",NULL,"EF0987","Elaf Stardon Beyond Beauty","standard","12750.0000","16999.0000","2.0000","0.0000","1554",NULL,"19","3","3","3","0",NULL,,NULL,NULL,NULL,"1","1120397"
"23924","12","EF25-01-L","Maria.B Luxury Raw Silk Embroidered 3 Piece Unstitched EF-25 Virasat","standard","12850.0000","21700.0000","2.0000","0.0000","3086",NULL,"3","3","0","0","0",NULL,,NULL,NULL,NULL,"1","1120330"
"23923","11","EF25-01-M","Maria.B Luxury Raw Silk Embroidered 3 Piece Unstitched EF-25 Virasat","standard","12850.0000","21700.0000","3.0000","0.0000","3086",NULL,"3","3","0","0","0",NULL,,NULL,NULL,NULL,"1","1120329"
"23922","10","EF25-01-S","Maria.B Luxury Raw Silk Embroidered 3 Piece Unstitched EF-25 Virasat","standard","12850.0000","21700.0000","1.0000","0.0000","3086",NULL,"3","3","3","3","0",NULL,,NULL,NULL,NULL,"1","1120331"
"25042","1","EL-08A","Elan Embroidered Lawn Suits Unstitched 3 Piece EL23-08 B Aalia - Summer Collection","standard","0.0000","6700.0000","3.0000","0.0000","3135",NULL,"28","3","0","0","0",NULL,,NULL,NULL,NULL,"1","1120596"
"18088",NULL,"EL-2503-L","Maria.B - EL-25-03 - Luxury Lawn Embroidered 3 Piece Unstitched/Stitched","standard","7500.0000","9350.0000","2.0000","0.0000","2871",NULL,"3","3","0","0","0",NULL,,NULL,NULL,NULL,"1","1120790"
"18087",NULL,"EL-2503-M","Maria.B - EL-25-03 - Luxury Lawn Embroidered 3 Piece Unstitched/Stitched","standard","7500.0000","9350.0000","3.0000","0.0000","2871",NULL,"3","3","0","0","0",NULL,,NULL,NULL,NULL,"1","1120789"
"18086",NULL,"EL-2503-S","Maria.B - EL-25-03 - Luxury Lawn Embroidered 3 Piece Unstitched/Stitched","standard","7500.0000","9350.0000","0.0000","0.0000","2871",NULL,"3","3","0","0","0",NULL,,NULL,NULL,NULL,"1","1120800"
"18085",NULL,"EL-2503-U","Maria.B - EL-25-03 - Luxury Lawn Embroidered 3 Piece Unstitched/Stitched","standard","5150.0000","7650.0000","2.0000","0.0000","2871",NULL,"3","3","0","0","0",NULL,,NULL,NULL,NULL,"1","1120787"
"23569",NULL,"EL-26-11-D-11-U","Maria B Luxury Embroidered Lawn 3Pc Unstitched Suit EL-26-11","standard","8650.0000","8650.0000","1.0000","0.0000","2508",NULL,"3","3","3","3","0",NULL,,NULL,NULL,NULL,"1","1120029"
"25050","1","EL-2612","Maria B Luxury Embroidered Lawn 3Pc Unstitched Suit EL-26-12","standard","0.0000","7450.0000","2.0000","0.0000","3135",NULL,"3","3","0","0","0",NULL,,NULL,NULL,NULL,"1","1120607"
"23814",NULL,"ELAF-ELM-05-L","Elaf Premium Embroidered Luxury Lawn Unstitched 3Pc Suit ELM-05 RAMSHA","standard","7100.0000","10650.0000","2.0000","0.0000","1555",NULL,"19","3","0","0","0",NULL,,NULL,NULL,NULL,"1","1120270"
"23813",NULL,"ELAF-ELM-05-M","Elaf Premium Embroidered Luxury Lawn Unstitched 3Pc Suit ELM-05 RAMSHA","standard","7100.0000","10650.0000","1.0000","0.0000","1555",NULL,"19","3","0","0","0",NULL,,NULL,NULL,NULL,"1","1120269"
"23812",NULL,"ELAF-ELM-05-S","Elaf Premium Embroidered Luxury Lawn Unstitched 3Pc Suit ELM-05 RAMSHA","standard","7100.0000","10650.0000","0.0000","0.0000","1555",NULL,"19","3","0","0","0",NULL,,NULL,NULL,NULL,"1","1120710"
"23541",NULL,"ELAF-ELM-05-U","Elaf Premium Embroidered Luxury Lawn Unstitched 3Pc Suit ELM-05 RAMSHA","standard","5400.0000","8950.0000","2.0000","0.0000","1555",NULL,"19","3","3","3","0",NULL,,NULL,NULL,NULL,"1","1120764"
"23602",NULL,"ELAF-ELY-1B-U","Elaf Luxury Embroidered Lawn 3Pc Unstitched Suit ELY-1B SERENITY","standard","9650.0000","9650.0000","1.0000","0.0000","1555",NULL,"19","3","3","3","0",NULL,,NULL,NULL,NULL,"1","1120127"
"23560",NULL,"Elaf-MorningDrizzle-U","Elaf - Luxury Lawn Embroidered 3 Piece Unstitched - MORNING DRIZZLE","standard","8650.0000","8650.0000","1.0000","0.0000","3135",NULL,"19","3","3","3","0",NULL,,NULL,NULL,NULL,"1","1120025"
"23583",NULL,"Elia-D-3-B","Republic WomensWear Reine Luxury Embroidered Lawn Unstitched 3Pc Suit D-3B Elia","standard","8350.0000","8350.0000","2.0000","0.0000","3135",NULL,"84","3","3","3","0",NULL,,NULL,NULL,NULL,"1","1120099"
"18119",NULL,"ELM-03-B-M","Elaf Embroidered Lawn Suit Unstitched 3 Pc ELM- 03 B Samaa","standard","6600.0000","9550.0000","3.0000","0.0000","2450",NULL,"19","3","0","0","0",NULL,,NULL,NULL,NULL,"1","1120815"
"18118",NULL,"ELM-03-B-S","Elaf Embroidered Lawn Suit Unstitched 3 Pc ELM- 03 B Samaa","standard","6600.0000","9550.0000","1.0000","0.0000","2450",NULL,"19","3","0","0","0",NULL,,NULL,NULL,NULL,"1","1120848"
"18117",NULL,"ELM-03-B-U","Elaf Embroidered Lawn Suit Unstitched 3 Pc ELM- 03 B Samaa","standard","4900.0000","7850.0000","2.0000","0.0000","2450",NULL,"19","3","0","0","0",NULL,,NULL,NULL,NULL,"1","1120814"
"23446",NULL,"ELM-03A-U","Elaf Embroidered Lawn Suit Unstitched 3 Pc ELM- 03 A BAHAR - Summer Collection","standard","4900.0000","7850.0000","2.0000","0.0000","1786",NULL,"19","3","0","0","0",NULL,,NULL,NULL,NULL,"1","1120721"
"18120",NULL,"ELM-03B-L","Elaf Embroidered Lawn Suit Unstitched 3 Pc ELM- 03 B Samaa","standard","6600.0000","9550.0000","2.0000","0.0000","2450",NULL,"19","3","0","0","0",NULL,,NULL,NULL,NULL,"1","1120813"
"18116",NULL,"ELM-11-L","Elaf Embroidered Lawn Suit Unstitched 3 Pc ELM-11 Kohinoor","standard","7300.0000","9950.0000","0.0000","0.0000","1233",NULL,"19","3","0","0","0",NULL,,NULL,NULL,NULL,"1","1120802"
"18115",NULL,"ELM-11-M","Elaf Embroidered Lawn Suit Unstitched 3 Pc ELM-11 Kohinoor -","standard","7300.0000","9950.0000","1.0000","0.0000","1233",NULL,"19","3","0","0","0",NULL,,NULL,NULL,NULL,"1","1120805"
"18114",NULL,"ELM-11-S","Elaf Embroidered Lawn Suit Unstitched 3 Pc ELM-11 Kohinoor","standard","7300.0000","9950.0000","1.0000","0.0000","1233",NULL,"19","3","0","0","0",NULL,,NULL,NULL,NULL,"1","1120850"
"18113",NULL,"ELM-11-U","Elaf Embroidered Lawn Suit Unstitched 3 Pc ELM-11 Kohinoor -","standard","5600.0000","8250.0000","3.0000","0.0000","1233",NULL,"19","3","3","3","0",NULL,,NULL,NULL,NULL,"1","1120806"
"25044","1","ELM-12","ELAF SHAHANA LUXURY LAWN","standard","0.0000","8400.0000","1.0000","0.0000","3135",NULL,"19","3","3","3","0",NULL,,NULL,NULL,NULL,"1","1120600"
"23440",NULL,"ELY-2B-L","Elaf - Luxury Lawn Embroidered 3 Piece Unstitched - Midnight Blossom","standard","7300.0000","9050.0000","2.0000","0.0000","1264",NULL,"19","3","0","0","0",NULL,,NULL,NULL,NULL,"1","1120724"
"23438",NULL,"ELY-2B-M","Elaf - Luxury Lawn Embroidered 3 Piece Unstitched - Midnight Blossom","standard","7300.0000","9050.0000","3.0000","0.0000","1264",NULL,"19","3","0","0","0",NULL,,NULL,NULL,NULL,"1","1120723"
"23439",NULL,"ELY-2B-S","Elaf - Luxury Lawn Embroidered 3 Piece Unstitched - Midnight Blossom","standard","7300.0000","9050.0000","0.0000","0.0000","1264",NULL,"19","3","0","0","0",NULL,,NULL,NULL,NULL,"1","1120726"
"23437",NULL,"ELY-2B-U","Elaf - Luxury Lawn Embroidered 3 Piece Unstitched - Midnight Blossom","standard","5600.0000","7350.0000","3.0000","0.0000","1264",NULL,"19","3","3","3","0",NULL,,NULL,NULL,NULL,"1","1120712"
"25102","46","ELY-3B","Elaf Luxury Lawn Unstitched Embroidered 3Pc Suit ELY-3B PARADISE","standard","0.0000","9650.0000","1.0000","0.0000","24",NULL,"19","3","3","3","0",NULL,,NULL,NULL,NULL,"1","1121000"
"18039","11","ENC-OW-01-L","Ethnc Luxury Raw Silk HAnd Made Collection Ethnc - Off White - ENC-OW-01","standard","9250.0000","11050.0000","0.0000","0.0000","3086",NULL,"12","3","0","0","0",NULL,,NULL,NULL,NULL,"1","1120728"
"18038","10","ENC-OW-01-M","Ethnc Luxury Raw Silk HAnd Made Collection Ethnc - Off White - ENC-OW-01","standard","9250.0000","11050.0000","1.0000","0.0000","3086",NULL,"12","3","0","0","0",NULL,,NULL,NULL,NULL,"1","1120729"
"18040","12","ENC-OW-01-S","Ethnc Luxury Raw Silk HAnd Made Collection Ethnc - Off White - ENC-OW-01","standard","9250.0000","12050.0000","0.0000","0.0000","3086",NULL,"12","3","0","0","0",NULL,,NULL,NULL,NULL,"1","1120727"
"18037","9","ENC-OW-01-U","Ethnc Luxury Raw Silk HAnd Made Collection Ethnc - Off White - ENC-OW-01","standard","6250.0000","8950.0000","0.0000","0.0000","3086",NULL,"12","3","3","3","0",NULL,,NULL,NULL,NULL,"1","1120730"
"23513",NULL,"ERUMKHAN-MM--U","Erum Khan Luxurious Net Embroidered Unstitched 3 Piece Moonlit Majesty","standard","24250.0000","24250.0000","0.0000","0.0000","1555",NULL,"4","3","3","3","0",NULL,,NULL,NULL,NULL,"1","1120640"
"23887",NULL,"ES139-U","Azure Ensembles Embroidered Chiffon Unstitched 3Pc Suit ES 139 Rosebud","standard","6350.0000","6350.0000","1.0000","0.0000","1556",NULL,"23","3","3","3","0",NULL,,NULL,NULL,NULL,"1","1120291"
"23612",NULL,"ESA-3B","Elaf - Luxury Lawn Embroidered 3 Piece Unstitched - ESA-3B","standard","4150.0000","4150.0000","1.0000","0.0000","1536",NULL,"19","3","3","3","0",NULL,,NULL,NULL,NULL,"1","1120111"
"23640",NULL,"Eshal","Rang Rasiya - Eshal - Luxury Lawn Embroidered 3 Piece Unstitched","standard","7150.0000","7150.0000","1.0000","0.0000","1536",NULL,"26","3","3","3","0",NULL,,NULL,NULL,NULL,"1","1120132"
"23577",NULL,"ETHNC-E4393-U","Ethnc Luxury Silk Embroidered 3Pc Unstitched Suit E4393 / 103 / 703","standard","4950.0000","4950.0000","1.0000","0.0000","1536",NULL,"4","3","3","3","0",NULL,,NULL,NULL,NULL,"1","1120017"
"23616",NULL,"EUNSS25-05","Esmel Nouveau Chapitre Unstitched 3Pc Lawn Suit EUNSS25-05 Amarin","standard","8450.0000","8450.0000","1.0000","0.0000","1536",NULL,"4","3","3","3","0",NULL,,NULL,NULL,NULL,"1","1120109"
"24479",NULL,"EURU","Hussain Rehar Luxury Organza Handmade Embroidered Unstitched EURU","standard","14500.0000","18500.0000","0.0000","0.0000","3127",NULL,"4","3","3","3","0",NULL,,NULL,NULL,NULL,"1","1120412"
"23496",NULL,"EX-142-U","Maria.B Luxury Embroidered EX-142","standard","25000.0000","29500.0000","1.0000","0.0000","1559",NULL,"3","3","3","3","0",NULL,,NULL,NULL,NULL,"1","1120058"
"23539",NULL,"FARIDAHASSAN-PT-U","Farida Hassan - Plum Tribal - Luxury Velvet Embroidered 3 Piece Unstitched","standard","12550.0000","12550.0000","1.0000","0.0000","1559",NULL,"4","3","3","3","0",NULL,,NULL,NULL,NULL,"1","1120011"
"23472",NULL,"FK-02-U","Qalamkar Luxury Lawn Embroidered 3 Piece Unstitched FK-02 Isabella","standard","4650.0000","7400.0000","9.0000","0.0000","3135",NULL,"11","3","3","3","0",NULL,,NULL,NULL,NULL,"1","1120715"
"23627",NULL,"FLORAL-FUCHSIA","Sardinia - Luxury Lawn Embroidered Unstitched 3 Piece - FLORAL FUCHSIA","standard","7000.0000","9950.0000","1.0000","0.0000","1536",NULL,"13","3","3","3","0",NULL,,NULL,NULL,NULL,"1","1120139"
"23826",NULL,"FLORAL-FUCHSIA-L","Sardinia - Luxury Lawn Embroidered Unstitched 3 Piece - FLORAL FUCHSIA","standard","8700.0000","11650.0000","1.0000","0.0000","1536",NULL,"13","3","0","0","0",NULL,,NULL,NULL,NULL,"1","1120278"
"23825",NULL,"FLORAL-FUCHSIA-M","Sardinia - Luxury Lawn Embroidered Unstitched 3 Piece - FLORAL FUCHSIA","standard","8700.0000","11650.0000","3.0000","0.0000","1536",NULL,"13","3","0","0","0",NULL,,NULL,NULL,NULL,"1","1120279"
"23824",NULL,"FLORAL-FUCHSIA-S","Sardinia - Luxury Lawn Embroidered Unstitched 3 Piece - FLORAL FUCHSIA","standard","8700.0000","11650.0000","1.0000","0.0000","1536",NULL,"13","3","0","0","0",NULL,,NULL,NULL,NULL,"1","1120276"
"23603",NULL,"Floral-Serenity","Crimson - Floral Serenity - Lawn Embroidered 3 Piece Unstitched","standard","9250.0000","9250.0000","1.0000","0.0000","1536",NULL,"15","3","3","3","0",NULL,,NULL,NULL,NULL,"1","1120655"
"24677",NULL,"FP-04","Qalamkar - Saahil Kinaare - Lawn Chikankari Unstitched 3Pcs - FP-04 Firuze","standard","0.0000","7150.0000","2.0000","0.0000","3107",NULL,"11","3","3","3","0",NULL,,NULL,NULL,NULL,"1","1120930"
"23912",NULL,"FP-07","Sahil Kinare by Qalamkar - Lawn Embroidered Unstitched 3 Piece - Aisha","standard","0.0000","6800.0000","3.0000","0.0000","24",NULL,"19","3","3","3","0",NULL,,NULL,NULL,NULL,"1","1120313"
"23424",NULL,"FP-16-L","Qalamkar Luxury Lawn Embroidered Unstitched 3 Piece Sahil Kinare -FP-16-Kira new","standard","6750.0000","10350.0000","1.0000","0.0000","1233",NULL,"11","3","0","0","0",NULL,,NULL,NULL,NULL,"1","1120707"
"23423",NULL,"FP-16-M","Qalamkar Luxury Lawn Embroidered Unstitched 3 Piece Sahil Kinare -FP-16-Kira new","standard","6750.0000","10350.0000","2.0000","0.0000","1233",NULL,"11","3","0","0","0",NULL,,NULL,NULL,NULL,"1","1120708"
"23422",NULL,"FP-16-S","Qalamkar Luxury Lawn Embroidered Unstitched 3 Piece Sahil Kinare -FP-16-Kira new","standard","6750.0000","10350.0000","1.0000","0.0000","1233",NULL,"11","3","0","0","0",NULL,,NULL,NULL,NULL,"1","1120709"
"23421",NULL,"FP-16-U","Qalamkar Luxury Lawn Embroidered Unstitched 3 Piece Sahil Kinare -FP-16-Kira new","standard","5050.0000","8650.0000","2.0000","0.0000","3135",NULL,"11","3","3","3","0",NULL,,NULL,NULL,NULL,"1","1120714"
"24784","26","FR-AC-46","KANWAL MALIK - RAW SILK","standard","15000.0000","21500.0000","1.0000","0.0000","3086",NULL,"100","3","3","3","0",NULL,,NULL,NULL,NULL,"1","1120455"
"23523",NULL,"FS-ARUSA-U","Faiza Saqlain Wedding Festive Luxury Raw Silk Collection ARUSA-05","standard","30000.0000","30000.0000","1.0000","0.0000","3086",NULL,"5","3","3","3","0",NULL,,NULL,NULL,NULL,"1","1120074"
"24165",NULL,"FS-ASF-U","Faiza Saqlain Luxury Chiffon Embroidered 3Pc Unstitched Suit - Asfoureh - PA 0087","standard","0.0000","10500.0000","1.0000","0.0000","3097",NULL,"5","3","3","3","0",NULL,,NULL,NULL,NULL,"1","1120913"
"23584",NULL,"FS-ASJA-U","AYA Embroidered Luxury Lawn Unstitched 3Pc Suit - ASJA","standard","9850.0000","9850.0000","6.0000","0.0000","3135",NULL,"4","3","3","3","0",NULL,,NULL,NULL,NULL,"1","1120100"
"23482",NULL,"FS-AYANA-U","Faiza Saqlain Ayana","standard","23500.0000","29500.0000","0.0000","0.0000","1798",NULL,"5","3","3","3","0",NULL,,NULL,NULL,NULL,"1","1120047"
"23556",NULL,"FS-PA0099-U","Pehnawa Luxury Embroidered Chiffon UnStitched / Stitched 3PC Collection Cassia PA 0099","standard","5500.0000","9250.0000","1.0000","0.0000","1554",NULL,"5","3","3","3","0",NULL,,NULL,NULL,NULL,"1","1120770"
"23493","1","FS-ROSABELLE-U","Rosabelle- Luxury Silk Embroidered 3 Piece Unstitched","standard","22500.0000","26600.0000","1.0000","0.0000","3134",NULL,"5","3","3","3","0",NULL,,NULL,NULL,NULL,"1","1120053"
"23899",NULL,"FSN-L-U","Farida Hassan - Luxury Lawn Embroidered 3 Piece Unstitched - Lilac","standard","5450.0000","5450.0000","4.0000","0.0000","3135",NULL,"4","3","3","3","0",NULL,,NULL,NULL,NULL,"1","1120307"
"25055","1","FTA-G-U","Farha Talib Aziz Wedding Festive Raw Silk Hand Embroidered Collection Unstitched Avisa Emerald Kurta","standard","0.0000","21800.0000","1.0000","0.0000","3095",NULL,"32","3","3","3","0",NULL,,NULL,NULL,NULL,"1","1120958"
"23900",NULL,"FTA2-U","Farha Talib Aziz - Luxury Raw Silk 3 Piece Unstitched Bita Magenta Kurta","standard","18600.0000","18600.0000","2.0000","0.0000","1554",NULL,"32","3","3","3","0",NULL,,NULL,NULL,NULL,"1","1120264"
"21025",NULL,"FZ-Aytan-U","Aytan Luxury Net Embroidered Unstitched 3PC Suit","standard","0.0000","10550.0000","4.0000","0.0000","3104",NULL,"5","3","3","3","0",NULL,,NULL,NULL,NULL,"1","1120083"
"20669",NULL,"FZ-MAH","Faiza Saqlain Wedding Couture Net Embroidered Unstitched Collection MAH","standard","24500.0000","28500.0000","1.0000","0.0000","2499",NULL,"5","3","3","3","0",NULL,,NULL,NULL,NULL,"1","1120061"
"23576",NULL,"GULAAL-Gl-04-U","Gulaal Luxury Chiffon Embroidered Unstitched 3 Pc Suit Roheen GL 04 ROHEEN","standard","7750.0000","7750.0000","1.0000","0.0000","1559",NULL,"4","3","3","3","0",NULL,,NULL,NULL,NULL,"1","1120016"
"24636",NULL,"GULINAR","Faiza Saqlain Gulinar","standard","10500.0000","15500.0000","0.0000","0.0000","3134",NULL,"5","3","3","3","0",NULL,,NULL,NULL,NULL,"1","1120408"
"24637",NULL,"HENNAY","Mirha Imran HENNAY","standard","22500.0000","29500.0000","1.0000","0.0000","3104",NULL,"4","3","0","0","0",NULL,,NULL,NULL,NULL,"1","1120407"
"24629",NULL,"HM-BR","Huma Mistry Butter Radiance PA-0012","standard","10250.0000","13500.0000","1.0000","0.0000","3134",NULL,"4","3","0","0","0",NULL,,NULL,NULL,NULL,"1","1120416"
"24628",NULL,"HR-69","Haris Shakeel HR-69 Aisha Afridi","standard","6800.0000","10650.0000","0.0000","0.0000","3097",NULL,"25","3","3","3","0",NULL,,NULL,NULL,NULL,"1","1120415"
"24896",NULL,"HR-69-M","Haris Shakeel HR-69 Aisha Afridi","standard","6800.0000","13650.0000","1.0000","0.0000","3097",NULL,"25","3","0","0","0",NULL,,NULL,NULL,NULL,"1","1120470"
"24633",NULL,"HR-712","Haris Shakeel AATISHI RED NEW","standard","20500.0000","27500.0000","0.0000","0.0000","3097",NULL,"25","3","3","3","0",NULL,,NULL,NULL,NULL,"1","1120410"
"23586",NULL,"HR-ANJAS-U","Hussain Rehar Luxury Embroidered Lawn 3Pc Unstitched Suit-Anjas","standard","9350.0000","9350.0000","1.0000","0.0000","1536",NULL,"31","3","3","3","0",NULL,,NULL,NULL,NULL,"1","1120098"
"23630",NULL,"HR-BLOOM-U","Hussain Rehar Luxury Lawn Embroidered Unstitched Suit BLOOM","standard","6850.0000","6850.0000","2.0000","0.0000","3135",NULL,"31","3","3","3","0",NULL,,NULL,NULL,NULL,"1","1120609"
"24523","10","HR-D-8-U","Haris Shakeel Wedding Edition Luxury Maysoori Collection D-8","standard","0.0000","21900.0000","1.0000","0.0000","37",NULL,"25","3","3","3","0",NULL,,NULL,NULL,NULL,"1","1120926"
"23525",NULL,"HR-DORON-U","Hussain Rehar - Luxury Raw Silk Embroidered 3 Piece Unstitched - Doron","standard","19600.0000","19600.0000","1.0000","0.0000","1559",NULL,"31","3","3","3","0",NULL,,NULL,NULL,NULL,"1","1120082"
"23580",NULL,"HR-GULNAAR-U","Hussain Rehar Gulnar Luxury Embroidered","standard","19500.0000","19500.0000","1.0000","0.0000","1558",NULL,"31","3","3","3","0",NULL,,NULL,NULL,NULL,"1","1120090"
"23566",NULL,"HR-GULPOSH-U","Hussain Rehar Luxury Lawn Embroidered Suit GULPOSH","standard","8950.0000","8950.0000","1.0000","0.0000","1560",NULL,"31","3","3","3","0",NULL,,NULL,NULL,NULL,"1","1120030"
"20386",NULL,"HR-LAAL","Hussain Rehar Wedding Festive Luxury Raw Silk Hand Made Collection LAAL","standard","28500.0000","32000.0000","1.0000","0.0000","3090",NULL,"31","3","3","3","0",NULL,,NULL,NULL,NULL,"1","1120054"
"23492",NULL,"HR-MORNI-U","Hussain Rehar Luxury Raw Silk Embroidered 3Pc Unstitched Suit Morni","standard","16000.0000","19500.0000","2.0000","0.0000","3086",NULL,"31","3","3","3","0",NULL,,NULL,NULL,NULL,"1","1120055"
"25049","8","HR-PKP","Hussain Rehar Parday ke Peechay Organza Hand Emblishment Maxi Unstitched ASTRA","standard","0.0000","18900.0000","2.0000","0.0000","35",NULL,"31","3","0","0","0",NULL,,NULL,NULL,NULL,"1","1120606"
"23486",NULL,"HR-RAKS-U","Hussain Rehar Luxury Raw Silk Embroidered 3Pc Unstitched Suit Raks","standard","23000.0000","29500.0000","1.0000","0.0000","1798",NULL,"31","3","3","3","0",NULL,,NULL,NULL,NULL,"1","1120630"
"23514",NULL,"HR-SAWARA-U","Hussain Rehar Luxury Net Embroidered 3 Pc Unstitched Suit - Sawara","standard","34500.0000","34500.0000","3.0000","0.0000","3133",NULL,"31","3","3","3","0",NULL,,NULL,NULL,NULL,"1","1120075"
"23488",NULL,"HR-SAXE-U","Hussain Rehar Festive Collection Unstitched 3 Pieces Raw Silk SAXE","standard","13000.0000","15950.0000","1.0000","0.0000","1798",NULL,"31","3","3","3","0",NULL,,NULL,NULL,NULL,"1","1120062"
"23524",NULL,"HR-VERVE-U","Hussain Rehar Luxury Organza Embroidered 3Pc Unstitched Suit Verve","standard","19750.0000","19750.0000","2.0000","0.0000","1559",NULL,"31","3","3","3","0",NULL,,NULL,NULL,NULL,"1","1120088"
"23604",NULL,"HR-Virelle-U","Hussain Rehar Luxury Raw Silk Embroidered Unstitched 3 Piece - Virelle","standard","7350.0000","7350.0000","0.0000","0.0000","3086",NULL,"31","3","3","3","0",NULL,,NULL,NULL,NULL,"1","1120120"
"23506",NULL,"HR-ZEBUNISSA-U","Hussain Rehar Luxury Organza Embroidered Unstitched 3PC Suit-Zebunisa","standard","12200.0000","15200.0000","1.0000","0.0000","1554",NULL,"31","3","3","3","0",NULL,,NULL,NULL,NULL,"1","1120065"
"24785",NULL,"HS-15","HARIS SHAKEEL - MYSSORY","standard","18500.0000","23500.0000","1.0000","0.0000","3112",NULL,"25","3","3","3","0",NULL,,NULL,NULL,NULL,"1","1120456"
"24525",NULL,"HS-786","Haris Shakeel - Sumbul Iqbal - Luxury Myssory Embroidered 3 Piece Unstitched","standard","15500.0000","21900.0000","1.0000","0.0000","1536",NULL,"25","3","3","3","0",NULL,,NULL,NULL,NULL,"1","1120402"
"23462",NULL,"HS-AROHA-U","Haris Shakeel Luxury Formals Hand Embellished Addawork Wedding Collection-Tobbaco & Purple","standard","8500.0000","14700.0000","5.0000","0.0000","3101",NULL,"25","3","3","3","0",NULL,,NULL,NULL,NULL,"1","1120042"
"24334","24","HS-D-654","Haris Shakeel Luxury Raw Silk Hand Emblishment Collection Mehru","standard","0.0000","23800.0000","2.0000","0.0000","3086",NULL,"25","3","3","3","0",NULL,,NULL,NULL,NULL,"1","1120920"
"24140","9","HS-D-8-M","Haris Shakeel Wedding Edition Luxury Maysoori Collection D-8","standard","0.0000","25900.0000","1.0000","0.0000","37",NULL,"25","3","3","3","0",NULL,,NULL,NULL,NULL,"1","1120908"
"24622","11","HS-D-8-U","Haris Shakeel Wedding Edition Luxury Maysoori Collection D-8","standard","0.0000","21900.0000","3.0000","0.0000","37",NULL,"25","3","0","0","0",NULL,,NULL,NULL,NULL,"1","1120935"
"24682","12","HS-D65353","Haris Shakeel Pink Duppatta Mesuri Hand Embellished","standard","7500.0000","9350.0000","1.0000","0.0000","37",NULL,"25","3","3","3","0",NULL,,NULL,NULL,NULL,"1","1120420"
"23508",NULL,"HS-DILRUBA-U","Haris Shakeel Pure Raw Silk Hand Embellished & Embroidered Suit DILRUBA","standard","22200.0000","25700.0000","1.0000","0.0000","1554",NULL,"25","3","3","3","0",NULL,,NULL,NULL,NULL,"1","1120070"
"23491",NULL,"HS-FREEHA-HS35-U","Haris Shakeel Luxury Myssory Embroidered 3Pc Unstitched - Freeha","standard","23500.0000","27500.0000","1.0000","0.0000","1141",NULL,"25","3","3","3","0",NULL,,NULL,NULL,NULL,"1","1120059"
"23483",NULL,"HS-ISHQ-U","Haris Shakeel Luxury Raw Silk Embroidered 3 PC Unstitched ISHQ-HS","standard","30000.0000","36500.0000","1.0000","0.0000","1786",NULL,"25","3","3","3","0",NULL,,NULL,NULL,NULL,"1","1120050"
"23989","8","HS-J0507-L","Haris Shakeel Mesuri Hand Embellished & Embroidered Maxi - J0507","standard","11500.0000","18050.0000","2.0000","0.0000","37",NULL,"25","3","0","0","0",NULL,,NULL,NULL,NULL,"1","1120341"
"23988","7","HS-J0507-M","Haris Shakeel Mesuri Hand Embellished & Embroidered Maxi - J0507","standard","11500.0000","18050.0000","3.0000","0.0000","37",NULL,"25","3","0","0","0",NULL,,NULL,NULL,NULL,"1","1120342"
"23987","6","HS-J0507-S","Haris Shakeel Mesuri Hand Embellished & Embroidered Maxi - J0507","standard","11500.0000","18050.0000","1.0000","0.0000","37",NULL,"25","3","0","0","0",NULL,,NULL,NULL,NULL,"1","1120343"
"23552",NULL,"HS-J0507-U","Haris Shakeel Mesuri Hand Embellished & Embroidered Maxi - J0507","standard","8500.0000","14050.0000","2.0000","0.0000","1558",NULL,"25","3","3","3","0",NULL,,NULL,NULL,NULL,"1","1120757"
"23479",NULL,"HS-ZAINAB-U","Haris Shakeel Luxury Raw Silk Unstitched 3 Piece Zainab","standard","21000.0000","24500.0000","1.0000","0.0000","1798",NULL,"25","3","3","3","0",NULL,,NULL,NULL,NULL,"1","1120045"
"20096","6","Hyacinth-02","Akbar Aslam Luxury Net Embroidered Hand Work Collection Hyacinth","standard","29600.0000","29600.0000","0.0000","0.0000","35",NULL,"0","3","3","3","0",NULL,,NULL,NULL,NULL,"1","1120639"
"23585",NULL,"Ice-Serenity-U","Azure Luxury Embroidered Chiffon 3Pc Unstitched Suit-Ice Serenity","standard","6350.0000","6350.0000","2.0000","0.0000","3097",NULL,"23","3","3","3","0",NULL,,NULL,NULL,NULL,"1","1120101"
"24505",NULL,"ICELIS","KHAKAA Luxury Raw Silk Hand Embllishment Collection 03 ICELIS","standard","9500.0000","12900.0000","0.0000","0.0000","1554",NULL,"4","3","3","3","0",NULL,,NULL,NULL,NULL,"1","1120923"
"25063","3","IFRAH","Naqshi Luxury Velvet Unstitched Velvet Collection IFRAH 9000 Micro Velvet","standard","0.0000","10500.0000","1.0000","0.0000","3093",NULL,"4","3","3","3","0",NULL,,NULL,NULL,NULL,"1","1121005"
"23896",NULL,"IM-ROHI-U","Imrozia Luxury Embroidered Lawn Unstitched 3Pc Suit ROHI","standard","6900.0000","6900.0000","0.0000","0.0000","1554",NULL,"4","3","3","3","0",NULL,,NULL,NULL,NULL,"1","1120882"
"23632",NULL,"IMZA-LG-U","Imrozia Luxury Embroidered Lawn Unstitched 3Pc Suit-Lavender Grace","standard","6900.0000","6900.0000","1.0000","0.0000","1536",NULL,"4","3","0","0","0",NULL,,NULL,NULL,NULL,"1","1120137"
"23626",NULL,"IMZA-Rohi-U","Imrozia Luxury Embroidered Lawn Unstitched 3Pc Suit ROHI","standard","6900.0000","6900.0000","0.0000","0.0000","1557",NULL,"4","3","3","3","0",NULL,,NULL,NULL,NULL,"1","1120657"
"23633",NULL,"Intezar","Jade X Hania Amir - Luxury Lawn Embroidered 3 Piece Unstitched - Intezar","standard","6650.0000","6650.0000","0.0000","0.0000","1536",NULL,"4","3","3","3","0",NULL,,NULL,NULL,NULL,"1","1120134"
"23911",NULL,"irisblue-u","Mahnur - Luxury Lawn Embroidered 3 Piece Unstitched - Iris","standard","7150.0000","7150.0000","1.0000","0.0000","3011",NULL,"4","3","3","3","0",NULL,,NULL,NULL,NULL,"1","1120312"
"24679",NULL,"ISC-06","Iznik HEAVY ISC-06","standard","5600.0000","9999.0000","3.0000","0.0000","3101",NULL,"10","3","3","3","0",NULL,,NULL,NULL,NULL,"1","1120419"
"23428",NULL,"IV-57-L","Iznik - Luxury Velvet Embroidered 3 Piece Unstitched - IV-57","standard","7500.0000","10850.0000","2.0000","0.0000","1782",NULL,"10","3","0","0","0",NULL,,NULL,NULL,NULL,"1","1120899"
"23427",NULL,"IV-57-M","Iznik - Luxury Velvet Embroidered 3 Piece Unstitched - IV-57","standard","7500.0000","10850.0000","3.0000","0.0000","1782",NULL,"10","3","0","0","0",NULL,,NULL,NULL,NULL,"1","1120900"
"23426",NULL,"IV-57-S","Iznik - Luxury Velvet Embroidered 3 Piece Unstitched - IV-57","standard","7500.0000","10850.0000","2.0000","0.0000","1782",NULL,"10","3","0","0","0",NULL,,NULL,NULL,NULL,"1","1120901"
"23425",NULL,"IV-57-U","Iznik - Luxury Velvet Embroidered 3 Piece Unstitched - IV-57","standard","4500.0000","7850.0000","3.0000","0.0000","1782",NULL,"10","3","3","3","0",NULL,,NULL,NULL,NULL,"1","1120772"
"24515","10","IVARA","Qalamkar Ivara ELIRAH FORMALS","standard","14250.0000","19800.0000","2.0000","0.0000","3127",NULL,"11","3","3","3","0",NULL,,NULL,NULL,NULL,"1","1120396"
"23869",NULL,"IZK-DL-10","Iznik Luxury Lawn Embroidered Unstitched Collection DL -10","standard","4650.0000","4650.0000","1.0000","0.0000","1536",NULL,"3","3","3","3","0",NULL,,NULL,NULL,NULL,"1","1120006"
"23537",NULL,"IZNIK-IV-51-U","Iznik Luxury 9000 Micro Velvet Embroidered Suits Unstitched IV-51","standard","11250.0000","11250.0000","2.0000","0.0000","1554",NULL,"10","3","3","3","0",NULL,,NULL,NULL,NULL,"1","1120041"
"23914",NULL,"J1547-U","Bin Ilyas Luxury Lawn Chikankari Luxury Embroidered 3 Piece Suit - J1547","standard","6750.0000","6750.0000","1.0000","0.0000","1233",NULL,"24","3","3","3","0",NULL,,NULL,NULL,NULL,"1","1120308"
"23930",NULL,"JD-02-L","Jazmin Luxury Velvet Embroidered Unstitched 3 Piece - CVF D-02","standard","8000.0000","10850.0000","2.0000","0.0000","59",NULL,"20","3","0","0","0",NULL,,NULL,NULL,NULL,"1","1120338"
"23929",NULL,"JD-02-M","Jazmin Luxury Velvet Embroidered Unstitched 3 Piece - CVF D-02","standard","8000.0000","10750.0000","3.0000","0.0000","59",NULL,"20","3","0","0","0",NULL,,NULL,NULL,NULL,"1","1120340"
"23928",NULL,"JD-02-S","Jazmin Luxury Velvet Embroidered Unstitched 3 Piece - CVF D-02","standard","8000.0000","10750.0000","1.0000","0.0000","59",NULL,"20","3","0","0","0",NULL,,NULL,NULL,NULL,"1","1120339"
"25088","42","JZ272-L","GULAL RED luxury lawn pruple","standard","0.0000","10600.0000","1.0000","0.0000","24",NULL,"4","3","0","0","0",NULL,,NULL,NULL,NULL,"1","1120986"
"25087","41","JZ272-M","GULAL RED luxury lawn pruple","standard","0.0000","10600.0000","1.0000","0.0000","24",NULL,"4","3","0","0","0",NULL,,NULL,NULL,NULL,"1","1120987"
"25086","40","JZ272-s","GULAL RED luxury lawn pruple","standard","0.0000","10600.0000","1.0000","0.0000","24",NULL,"4","3","0","0","0",NULL,,NULL,NULL,NULL,"1","1120988"
"25089","43","JZ272-XL","GULAL RED luxury lawn pruple","standard","0.0000","10600.0000","1.0000","0.0000","24",NULL,"4","3","0","0","0",NULL,,NULL,NULL,NULL,"1","1120985"
"25084","38","JZ315-L","zara shahjahan luxury lawn pruple","standard","0.0000","9650.0000","1.0000","0.0000","24",NULL,"4","3","0","0","0",NULL,,NULL,NULL,NULL,"1","1120983"
"25083","37","JZ315-M","zara shahjahan luxury lawn pruple","standard","0.0000","9650.0000","1.0000","0.0000","24",NULL,"4","3","0","0","0",NULL,,NULL,NULL,NULL,"1","1120982"
"25082","36","JZ315-s","zara shahjahan luxury lawn pruple","standard","0.0000","9650.0000","1.0000","0.0000","24",NULL,"4","3","3","3","0",NULL,,NULL,NULL,NULL,"1","1120981"
"25085","39","JZ315-XL","zara shahjahan luxury lawn pruple","standard","0.0000","9650.0000","1.0000","0.0000","24",NULL,"4","3","0","0","0",NULL,,NULL,NULL,NULL,"1","1120984"
"23562",NULL,"JZMN-UR-7056-U","Jazmin Luxury Raw Silk Embroidered Unstitched 3 Piece - UR - 7056","standard","3400.0000","6050.0000","1.0000","0.0000","1559",NULL,"20","3","3","3","0",NULL,,NULL,NULL,NULL,"1","1120023"
"23535",NULL,"JZMN-VF-2032-U","Jazmine Luxury Embroidered Unstitched Velvet Formal VF-2032","standard","7650.0000","7650.0000","1.0000","0.0000","1536",NULL,"20","3","3","3","0",NULL,,NULL,NULL,NULL,"1","1120033"
"23567",NULL,"Kaida-Amani-U","Kaida Tie N Die Luxury Silk Embroidered 3Pc Unstitched Suit Amani","standard","5950.0000","5950.0000","0.0000","0.0000","1536",NULL,"4","3","3","3","0",NULL,,NULL,NULL,NULL,"1","1120620"
"23497",NULL,"KM-DINA-U","Kanwal Malik Nysa Wedding Festive Luxury Embroidered Lava Silk Silk DINA","standard","10800.0000","16800.0000","1.0000","0.0000","1556",NULL,"4","3","0","0","0",NULL,,NULL,NULL,NULL,"1","1120060"
"24625",NULL,"LAMIJA","Faiza Saqlain Lamija","standard","8100.0000","9850.0000","3.0000","0.0000","3135",NULL,"5","3","3","3","0",NULL,,NULL,NULL,NULL,"1","1120411"
"23609",NULL,"Lavish-BlushPetal-U","Lavish Premium - Luxury Chiffon Embroidered 3 Piece Unstitched - Blush Petal","standard","8650.0000","8650.0000","0.0000","0.0000","1554",NULL,"4","3","3","3","0",NULL,,NULL,NULL,NULL,"1","1120656"
"25065","5","LILOURA","AFROZEH LILOURA LUXURY LAWN","standard","0.0000","4450.0000","1.0000","0.0000","24",NULL,"21","3","0","0","0",NULL,,NULL,NULL,NULL,"1","1121007"
"24699","16","LS-NOURAL","Lulusar Luxury Silk Embroidered 4 Pieces Net With Silk Inner Noural Dress","standard","4450.0000","6850.0000","4.0000","0.0000","3134",NULL,"78","3","3","3","0",NULL,,NULL,NULL,NULL,"1","1120428"
"23894",NULL,"LSR-NT-U","Lulusar - Namil Top","standard","6550.0000","6550.0000","3.0000","0.0000","3086",NULL,"78","3","3","3","0",NULL,,NULL,NULL,NULL,"1","1120287"
"24710",NULL,"M82739","Mahnur Luxury Embroidered Unstitched Lawn Collection Eirene","standard","5000.0000","7350.0000","1.0000","0.0000","3135",NULL,"93","3","3","3","0",NULL,,NULL,NULL,NULL,"1","1120443"
"25057","2","mahar-11","faiza saqlain mahar luxury net collection","standard","0.0000","28950.0000","2.0000","0.0000","3133",NULL,"5","3","3","3","0",NULL,,NULL,NULL,NULL,"1","1120960"
"23631",NULL,"Mahi","Maha Wajahat Net Embroidered Luxury Wedding Festive Unstitched Collection Mahi","standard","10550.0000","10550.0000","1.0000","0.0000","3101",NULL,"4","3","3","3","0",NULL,,NULL,NULL,NULL,"1","1120130"
"23624",NULL,"Mahnur-Dahlia-U","Mahnur Dahlia - Luxury Lawn Embroidered 3 Piece Unstitched","standard","6950.0000","6950.0000","3.0000","0.0000","3135",NULL,"93","3","3","3","0",NULL,,NULL,NULL,NULL,"1","1120136"
"24696",NULL,"MB-1051","Maria.B Luxury Pure Chiffon Embroidered 3 Piece Unstitched - BDS-3001","standard","12000.0000","17700.0000","2.0000","0.0000","3097",NULL,"3","3","3","3","0",NULL,,NULL,NULL,NULL,"1","1120426"
"23568",NULL,"MB-12-A-U","Maria.B Luxury swiss Lawn Chikenkari Unstitched Embroidered 3Pc Suit 12-A","standard","8200.0000","8200.0000","1.0000","0.0000","1560",NULL,"3","3","3","3","0",NULL,,NULL,NULL,NULL,"1","1120031"
"23540",NULL,"MB-BLUE-PALACHI-U","Maria.B Luxury Embroidered Velvet Collection Unstitched With Velvet Shawl","standard","7500.0000","14700.0000","12.0000","0.0000","1536",NULL,"3","3","3","3","0",NULL,,NULL,NULL,NULL,"1","1120040"
"24697",NULL,"MB-BP","Maria B Luxury Lawn Embroidered Unstitched 3PC Suit Butterfly Pink","standard","4800.0000","6650.0000","1.0000","0.0000","3135",NULL,"3","3","3","3","0",NULL,,NULL,NULL,NULL,"1","1120433"
"23820",NULL,"MB-D-2409-A-L","Maria.B Luxury Lawn Embroidered 3 Piece Unstitched D-2409-A","standard","7950.0000","10650.0000","1.0000","0.0000","1554",NULL,"3","3","0","0","0",NULL,,NULL,NULL,NULL,"1","1120277"
"23819",NULL,"MB-D-2409-A-M","Maria.B Luxury Lawn Embroidered 3 Piece Unstitched D-2409-A","standard","7950.0000","10650.0000","1.0000","0.0000","1554",NULL,"3","3","0","0","0",NULL,,NULL,NULL,NULL,"1","1120280"
"23818",NULL,"MB-D-2409-A-S","Maria.B Luxury Lawn Embroidered 3 Piece Unstitched D-2409-A","standard","7950.0000","10650.0000","0.0000","0.0000","1554",NULL,"3","3","3","3","0",NULL,,NULL,NULL,NULL,"1","1120725"
"23629",NULL,"MB-D-2412-A-U","Maria.B Embroidered Luxury Lawn Unstitched 3Pc Suit D - 2412 - A","standard","9500.0000","9500.0000","1.0000","0.0000","1536",NULL,"3","3","3","3","0",NULL,,NULL,NULL,NULL,"1","1120131"
"23561",NULL,"MB-D-2605-A-U","Maria.B Luxury Embroidered Jacquard Lawn Unstitched 3Pc Suit D-2605-A","standard","6250.0000","8350.0000","0.0000","0.0000","1536",NULL,"4","3","3","3","0",NULL,,NULL,NULL,NULL,"1","1120621"
"23564",NULL,"MB-EL-26-08-U","Maria B Luxury Embroidered Lawn 3Pc Unstitched Suit-EL-26-08","standard","8350.0000","8350.0000","3.0000","0.0000","1557",NULL,"3","3","3","3","0",NULL,,NULL,NULL,NULL,"1","1120021"
"23543",NULL,"MB-GREEN-U","Maria.B Luxury Raw Silk Embroidered 3 Piece Unstitched Green","standard","3750.0000","6150.0000","6.0000","0.0000","1556",NULL,"3","3","3","3","0",NULL,,NULL,NULL,NULL,"1","1120758"
"23905",NULL,"MB-ICE-U","Maria.B Luxury Embroidered Net Unstitched 3 Pc Collection MC-041","standard","10500.0000","10500.0000","4.0000","0.0000","3104",NULL,"0","3","3","3","0",NULL,,NULL,NULL,NULL,"1","1120321"
"23554",NULL,"MB-MPC-26-105","Maria B Luxury Embroidered Chiffon 3Pc Unstitched Suit MPC-26-105-Pistachio Green","standard","8250.0000","13500.0000","2.0000","0.0000","1536",NULL,"3","3","3","3","0",NULL,,NULL,NULL,NULL,"1","1120769"
"23621",NULL,"MB-MPT-2901-A-U","Maria.B - Luxury Lawn Embroidered 3 Piece Unstitched - MPT-2901-A","standard","5150.0000","5150.0000","1.0000","0.0000","1557",NULL,"3","3","3","3","0",NULL,,NULL,NULL,NULL,"1","1120648"
"23495",NULL,"MB-SERELIA-U","Maria B Luxury Embroidered Organza Unstitched 3Pc Suit Serelia","standard","20000.0000","24500.0000","1.0000","0.0000","1536",NULL,"3","3","3","3","0",NULL,,NULL,NULL,NULL,"1","1120056"
"23521",NULL,"MB-SF-PF25-06-U","Maria.B Luxury Bamber Raw Silk 3 Pc Unstitched Collection SF-PF25-06","standard","19800.0000","19800.0000","0.0000","0.0000","3086",NULL,"3","3","3","3","0",NULL,,NULL,NULL,NULL,"1","1120039"
"23639",NULL,"MBEL-25-03-U","Maria.B - EL-25-03 - Luxury Lawn Embroidered 3 Piece Unstitched","standard","7650.0000","7650.0000","1.0000","0.0000","1554",NULL,"3","3","3","3","0",NULL,,NULL,NULL,NULL,"1","1120133"
"23857",NULL,"MBP-10B-L","Maria B Mprints Lawn","standard","5950.0000","5950.0000","1.0000","0.0000","1556",NULL,"3","3","0","0","0",NULL,,NULL,NULL,NULL,"1","1120260"
"23856",NULL,"MBP-10B-M","Maria B Mprints Lawn","standard","5950.0000","5950.0000","1.0000","0.0000","1556",NULL,"3","3","0","0","0",NULL,,NULL,NULL,NULL,"1","1120259"
"23855",NULL,"MBP-10B-XL","Maria B Mprints Lawn","standard","5950.0000","5950.0000","0.0000","0.0000","1556",NULL,"3","3","0","0","0",NULL,,NULL,NULL,NULL,"1","1120258"
"23830",NULL,"MBP-5A-L","Maria B Mprints Lawn","standard","5350.0000","5350.0000","1.0000","0.0000","1556",NULL,"3","3","0","0","0",NULL,,NULL,NULL,NULL,"1","1120286"
"23829",NULL,"MBP-5A-M","Maria B Mprints Lawn","standard","5350.0000","5350.0000","1.0000","0.0000","1556",NULL,"3","3","0","0","0",NULL,,NULL,NULL,NULL,"1","1120285"
"23828",NULL,"MBP-5A-XL","Maria B Mprints Lawn","standard","2000.0000","5350.0000","1.0000","0.0000","1556",NULL,"3","3","3","3","0",NULL,,NULL,NULL,NULL,"1","1120284"
"23852",NULL,"MBP-5B-L","Maria B Mprints Lawn","standard","5350.0000","5350.0000","1.0000","0.0000","1556",NULL,"3","3","0","0","0",NULL,,NULL,NULL,NULL,"1","1120257"
"23851",NULL,"MBP-5B-M","Maria B Mprints Lawn","standard","5350.0000","5350.0000","1.0000","0.0000","1556",NULL,"3","3","0","0","0",NULL,,NULL,NULL,NULL,"1","1120256"
"23850",NULL,"MBP-5B-S","Maria B Mprints Lawn","standard","5350.0000","5350.0000","1.0000","0.0000","1556",NULL,"3","3","0","0","0",NULL,,NULL,NULL,NULL,"1","1120255"
"23849",NULL,"MBP-5B-XL","Maria B Mprints Lawn","standard","5350.0000","5350.0000","1.0000","0.0000","1556",NULL,"3","3","0","0","0",NULL,,NULL,NULL,NULL,"1","1120254"
"25096","4","mbp-8a-s","maria b m print white with black dots","standard","0.0000","5450.0000","0.0000","0.0000","3093",NULL,"3","3","3","3","0",NULL,,NULL,NULL,NULL,"1","1120994"
"23485",NULL,"MBST-ARSH-U","Maria Basit Malik Luxury Tussle Silk Embroidered 3Pc Unstitched Suit Arsh","standard","15000.0000","18750.0000","1.0000","0.0000","3134",NULL,"3","3","3","3","0",NULL,,NULL,NULL,NULL,"1","1120051"
"24634",NULL,"MC-06","Maria.B Couture Seliora MC-06","standard","12000.0000","17500.0000","0.0000","0.0000","3101",NULL,"3","3","3","3","0",NULL,,NULL,NULL,NULL,"1","1120409"
"23889",NULL,"MCS-25-101","Maria.B Luxury Chiffon Embroidered 3 Pc Unstitched Collection MCS-25-101","standard","8350.0000","8350.0000","1.0000","0.0000","1555",NULL,"3","3","3","3","0",NULL,,NULL,NULL,NULL,"1","1120302"
"23834",NULL,"MCS-26-108","Maria.B MPC-26-108","standard","10950.0000","10950.0000","4.0000","0.0000","3097",NULL,"3","3","3","3","0",NULL,,NULL,NULL,NULL,"1","1120297"
"24653",NULL,"MCS-26-108-L","Maria.B MPC-26-108","standard","10950.0000","13950.0000","1.0000","0.0000","3097",NULL,"3","3","0","0","0",NULL,,NULL,NULL,NULL,"1","1120425"
"24652",NULL,"MCS-26-108-M","Maria.B MPC-26-108","standard","10950.0000","13950.0000","0.0000","0.0000","3097",NULL,"3","3","0","0","0",NULL,,NULL,NULL,NULL,"1","1120424"
"24651",NULL,"MCS-26-108-S","Maria.B MPC-26-108","standard","10950.0000","13950.0000","1.0000","0.0000","3097",NULL,"3","3","0","0","0",NULL,,NULL,NULL,NULL,"1","1120423"
"24164",NULL,"MIRABELLE-U","Mushq Luxury Net Embroidered Hand Emblishment Collection Mirabelle","standard","0.0000","24500.0000","0.0000","0.0000","3104",NULL,"27","3","3","3","0",NULL,,NULL,NULL,NULL,"1","1120914"
"25036","19","MK-305","Emaan Adeel Makhmal Unstitched Luxury Velvet 3Pc Embroidered Suit MK-305 Green","standard","0.0000","6850.0000","1.0000","0.0000","3136",NULL,"4","3","0","0","0",NULL,,NULL,NULL,NULL,"1","1120590"
"24780","25","MK-ZH-NSB","Mina Kashif - Raw Silk Embroidered 3 Piece Unstitched - Zah e Naseeb","standard","8000.0000","10950.0000","4.0000","0.0000","3086",NULL,"99","3","3","3","0",NULL,,NULL,NULL,NULL,"1","1120453"
"23836",NULL,"MK-ZN-U","Zahe Naseeb - Mina Kashif","standard","10950.0000","10950.0000","4.0000","0.0000","3086",NULL,"3","3","3","3","0",NULL,,NULL,NULL,NULL,"1","1120294"
"24695",NULL,"MM-024","Mahnur MM-024","standard","5500.0000","7150.0000","0.0000","0.0000","3093",NULL,"4","3","0","0","0",NULL,,NULL,NULL,NULL,"1","1120434"
"24166",NULL,"MNR-NZN-U","MOHSIN NAVEED RANJHA BRIDALS NAZNEEN RAW SILK MAXI Unstitched","standard","0.0000","22450.0000","2.0000","0.0000","3086",NULL,"87","3","0","0","0",NULL,,NULL,NULL,NULL,"1","1120912"
"23499",NULL,"MNR-ZARLISH-LEHAR-U","Zarlish Makhfi by Mohsin Naveed Ranjha Unstitched Embroidered Organza Suits 3 Piece Lehar - Festive Collection","standard","16800.0000","19800.0000","1.0000","0.0000","1559",NULL,"4","3","3","3","0",NULL,,NULL,NULL,NULL,"1","1120043"
"24681",NULL,"MPC-23-104","Maria.B Premium Embroidered MPC-23-104","standard","0.0000","12800.0000","5.0000","0.0000","3097",NULL,"3","3","3","3","0",NULL,,NULL,NULL,NULL,"1","1120422"
"23441",NULL,"MPC-25-101-U","Maria.B Lawn MPC-25-101","standard","5200.0000","8350.0000","3.0000","0.0000","3097",NULL,"3","3","3","3","0",NULL,,NULL,NULL,NULL,"1","1120717"
"24443",NULL,"MPC-25-102-U","Maria.B Luxury Pure Chiffon Embroidered Unstitched Collection MCS-25-102","standard","10800.0000","14800.0000","2.0000","0.0000","3097",NULL,"3","3","3","3","0",NULL,,NULL,NULL,NULL,"1","1120393"
"18055",NULL,"MPC-26-102-L","Maria B Luxury Pure Chiffon Embroidered Unstitched 3PC Suit MPC-26-102-Muted Mocha Brown","standard","10400.0000","14400.0000","2.0000","0.0000","3097",NULL,"3","3","0","0","0",NULL,,NULL,NULL,NULL,"1","1120870"
"18053",NULL,"MPC-26-102-M","Maria B Luxury Pure Chiffon Embroidered Unstitched 3PC Suit MPC-26-102-Muted Mocha Brown","standard","10400.0000","14400.0000","3.0000","0.0000","3097",NULL,"3","3","0","0","0",NULL,,NULL,NULL,NULL,"1","1120871"
"18054",NULL,"MPC-26-102-S","Maria B Luxury Pure Chiffon Embroidered Unstitched 3PC Suit MPC-26-102-Muted Mocha Brown","standard","10400.0000","14400.0000","1.0000","0.0000","3097",NULL,"3","3","0","0","0",NULL,,NULL,NULL,NULL,"1","1120872"
"18052",NULL,"MPC-26-102-U","Maria B Luxury Pure Chiffon Embroidered Unstitched 3PC Suit MPC-26-102-Muted Mocha Brown","standard","7500.0000","9500.0000","2.0000","0.0000","3097",NULL,"3","3","3","3","0",NULL,,NULL,NULL,NULL,"1","1120869"
"23878",NULL,"MPC-26-103","Maria B Luxury Embroidered Chiffon 3Pc Unstitched Suit MPC-26-103-OLIVE GOLD","standard","11500.0000","11500.0000","1.0000","0.0000","1536",NULL,"3","3","3","3","0",NULL,,NULL,NULL,NULL,"1","1120317"
"25037","1","MPC-26-104","Maria B Luxury Embroidered Chiffon 3Pc Unstitched Suit MPC-26-104-Peach Pink","standard","11350.0000","11500.0000","0.0000","0.0000","3088",NULL,"3","3","0","0","0",NULL,,NULL,NULL,NULL,"1",NULL
"18042",NULL,"MPC-26-104-L","Maria B Luxury Embroidered Chiffon 3Pc Unstitched Suit MPC-26-104-Peach Pink","standard","11350.0000","14500.0000","2.0000","0.0000","3088",NULL,"3","3","0","0","0",NULL,,NULL,NULL,NULL,"1","1120731"
"18043",NULL,"MPC-26-104-M","Maria B Luxury Embroidered Chiffon 3Pc Unstitched Suit MPC-26-104-Peach Pink","standard","11350.0000","14500.0000","3.0000","0.0000","3088",NULL,"3","3","0","0","0",NULL,,NULL,NULL,NULL,"1","1120733"
"18041",NULL,"MPC-26-104-S","Maria B Luxury Embroidered Chiffon 3Pc Unstitched Suit MPC-26-104-Peach Pink","standard","11350.0000","14500.0000","0.0000","0.0000","3088",NULL,"3","3","3","3","0",NULL,,NULL,NULL,NULL,"1","1120732"
"23410",NULL,"MPC-26-107-U","Maria.B Embroidered Luxury Chiffon 3Pc Suit MPC-26-107","standard","8400.0000","10250.0000","6.0000","0.0000","3088",NULL,"3","3","3","3","0",NULL,,NULL,NULL,NULL,"1","1120785"
"23617",NULL,"MPT-2809-B","Maria.B - Luxury Lawn Embroidered 3 Piece Unstitched - MPT-2809-B","standard","4650.0000","4650.0000","1.0000","0.0000","1536",NULL,"3","3","3","3","0",NULL,,NULL,NULL,NULL,"1","1120112"
"25061","3","MPT-3008-B","Maria.B MPrints Embroidered Lawn Unstitched 3Pc Suit MPT-3008-B","standard","0.0000","4550.0000","1.0000","0.0000","1225",NULL,"3","3","3","3","0",NULL,,NULL,NULL,NULL,"1","1121003"
"24172",NULL,"MRON-AL-23-U","Mushq Maroon Formal AL-23 Unstitched 3 Pieces With Hand Work","standard","0.0000","8150.0000","4.0000","0.0000","3101",NULL,"27","3","3","3","0",NULL,,NULL,NULL,NULL,"1","1120915"
"24685",NULL,"MS-04","Parishay Monaco - Luxury Lawn Embroidered 3 Piece Unstitched - MS - 04","standard","5000.0000","7150.0000","1.0000","0.0000","3135",NULL,"16","3","3","3","0",NULL,,NULL,NULL,NULL,"1","1120439"
"24902",NULL,"MS-05","Parishay - MS-05 - Luxury Lawn Embroidered 3 Piece Unstitched","standard","5000.0000","7150.0000","3.0000","0.0000","3135",NULL,"16","3","3","3","0",NULL,,NULL,NULL,NULL,"1","1120429"
"23516",NULL,"MUSHQ-GEET-U","Mushq - Luxury Net Embroidered 3 Piece Unstitched - GEET","standard","24500.0000","24500.0000","1.0000","0.0000","1557",NULL,"27","3","3","3","0",NULL,,NULL,NULL,NULL,"1","1120076"
"23623",NULL,"MUSHQ-LilyVeil-U","Mushq Luxury Lawn Embroidered Unstitched 3PC Suit Lily Veil","standard","5950.0000","5950.0000","1.0000","0.0000","1557",NULL,"27","3","3","3","0",NULL,,NULL,NULL,NULL,"1","1120118"
"23853",NULL,"MYRA-U","Kanwal Malik - Luxury Silk Embroidered 3 Piece Unstitched - Myra","standard","11600.0000","11600.0000","3.0000","0.0000","3134",NULL,"100","3","3","3","0",NULL,,NULL,NULL,NULL,"1","1120009"
"25076","11","N11","LELAN DUPATTA CHUNNRI NO11","standard","0.0000","3920.0000","8.0000","0.0000","3132",NULL,"4","3","0","0","0",NULL,,NULL,NULL,NULL,"1","1120974"
"23527",NULL,"NA-MN-U","Nomi Ansari Luxury Raw Silk Embroidered Unstitched 3PC Suit-Maryum Nawaz","standard","29500.0000","29500.0000","1.0000","0.0000","3086",NULL,"113","3","3","3","0",NULL,,NULL,NULL,NULL,"1","1120086"
"24513",NULL,"NAGMA","Hussain Rehar Nagma","standard","11350.0000","15350.0000","2.0000","0.0000","1536",NULL,"31","3","3","3","0",NULL,,NULL,NULL,NULL,"1","1120394"
"23893",NULL,"NE-228","Nureh Luxury Embroidered Lawn Unstitched 3PC Suit Emelfie NE-228","standard","5750.0000","5750.0000","2.0000","0.0000","3135",NULL,"85","3","3","3","0",NULL,,NULL,NULL,NULL,"1","1120304"
"18100",NULL,"NEL-26602-L","Zaib - Luxury Lawn Embroidered 3 Piece Unstitched - NEL-26602","standard","6050.0000","8050.0000","2.0000","0.0000","1108",NULL,"9","3","0","0","0",NULL,,NULL,NULL,NULL,"1","1120822"
"18099",NULL,"NEL-26602-M","Zaib - Luxury Lawn Embroidered 3 Piece Unstitched - NEL-26602","standard","6050.0000","8050.0000","3.0000","0.0000","1108",NULL,"9","3","0","0","0",NULL,,NULL,NULL,NULL,"1","1120823"
"18098",NULL,"NEL-26602-S","Zaib - Luxury Lawn Embroidered 3 Piece Unstitched - NEL-26602","standard","6050.0000","8050.0000","0.0000","0.0000","1108",NULL,"9","3","0","0","0",NULL,,NULL,NULL,NULL,"1","1120824"
"18097",NULL,"NEL-26602-U","Zaib - Luxury Lawn Embroidered 3 Piece Unstitched - NEL-26602","standard","4350.0000","6350.0000","1.0000","0.0000","1108",NULL,"9","3","3","3","0",NULL,,NULL,NULL,NULL,"1","1120825"
"24626",NULL,"NJ-U","Hussain Rehar Luxury Raw Silk Embroidered 3 Pc Unstitched Suit - Noor Jehan","standard","15000.0000","18500.0000","1.0000","0.0000","3086",NULL,"31","3","3","3","0",NULL,,NULL,NULL,NULL,"1","1120413"
"25066","1","NO1","BLOCK PRINT 3PC CHUNRI NO1","standard","0.0000","7700.0000","2.0000","0.0000","3132",NULL,"4","3","0","0","0",NULL,,NULL,NULL,NULL,"1","1120964"
"25075","10","NO10","RAW SILK  CHUNRI N10","standard","0.0000","8400.0000","3.0000","0.0000","3132",NULL,"4","3","0","0","0",NULL,,NULL,NULL,NULL,"1","1120973"
"25077","12","NO12","COTTON EMB SILK BLOCK PRINT CHUNRI N12","standard","0.0000","8400.0000","4.0000","0.0000","3132",NULL,"4","3","0","0","0",NULL,,NULL,NULL,NULL,"1","1120975"
"25067","2","NO2","BLOCK PRINT 2PC CHUNRI NO2","standard","0.0000","6850.0000","2.0000","0.0000","3132",NULL,"4","3","0","0","0",NULL,,NULL,NULL,NULL,"1","1120965"
"25068","3","NO3","BLOCK PRINT CHIFFON CHUNRI NO3","standard","0.0000","10500.0000","2.0000","0.0000","3132",NULL,"4","3","0","0","0",NULL,,NULL,NULL,NULL,"1","1120966"
"25069","4","NO4","CHIFFON EMB CHUNRI NO4","standard","0.0000","8400.0000","1.0000","0.0000","3132",NULL,"4","3","0","0","0",NULL,,NULL,NULL,NULL,"1","1120967"
"25070","5","NO5","SILK BLOCK PRINT CHUNRI NO5","standard","0.0000","8400.0000","2.0000","0.0000","3132",NULL,"4","3","0","0","0",NULL,,NULL,NULL,NULL,"1","1120968"
"25071","6","NO6","NAMAK PARA PRINT CHUNRI NO6","standard","0.0000","10500.0000","1.0000","0.0000","3132",NULL,"4","3","0","0","0",NULL,,NULL,NULL,NULL,"1","1120969"
"25072","7","NO7","COTTON SILK CHUNRI NO7","standard","0.0000","7700.0000","1.0000","0.0000","3132",NULL,"4","3","0","0","0",NULL,,NULL,NULL,NULL,"1","1120970"
"25073","8","NO8","MULTI 2PC CHUNRI NO8","standard","0.0000","7700.0000","6.0000","0.0000","3132",NULL,"4","3","0","0","0",NULL,,NULL,NULL,NULL,"1","1120971"
"25074","9","NO9","BLOCK PRINT GOLDEN ZARI CHUNRI NO9","standard","0.0000","7700.0000","2.0000","0.0000","3132",NULL,"4","3","0","0","0",NULL,,NULL,NULL,NULL,"1","1120972"
"23494","7","Nour-Neue","Zuria Dor Organza Embroidered Unstitched 3PC Suit-Nour Neue","standard","25000.0000","29500.0000","1.0000","0.0000","35",NULL,"4","3","0","0","0",NULL,,NULL,NULL,NULL,"1","1120064"
"23615",NULL,"NS-DEEVA-U","Nilofer Shahid Luxury Embroidered Lawn 3Pc Unstitched Suit Dynamic deeva","standard","7950.0000","7950.0000","1.0000","0.0000","1536",NULL,"4","3","3","3","0",NULL,,NULL,NULL,NULL,"1","1120110"
"23618",NULL,"Nureh-Jugni-U","Nureh Luxury Lawn Embroidered 3 Pc Unstitched Collection JUGNI","standard","4999.0000","4999.0000","2.0000","0.0000","1557",NULL,"4","3","3","3","0",NULL,,NULL,NULL,NULL,"1","1120008"
"24656",NULL,"NYRA5436","GULAAL - NAYAARA","standard","0.0000","8850.0000","1.0000","0.0000","3101",NULL,"92","3","3","3","0",NULL,,NULL,NULL,NULL,"1","1120932"
"24627",NULL,"NZ-U","Noor e Zareen Pink","standard","16000.0000","19500.0000","1.0000","0.0000","1554",NULL,"4","3","3","3","0",NULL,,NULL,NULL,NULL,"1","1120414"
"24829",NULL,"P-d315","Hussain Rehar Saahil Formal Collection Unstitch","standard","6850.0000","17900.0000","2.0000","0.0000","3101",NULL,"31","3","3","3","0",NULL,,NULL,NULL,NULL,"1","1120466"
"23890",NULL,"P-Floral","Poshkari Luxury Lawn Embroidered Unstitched 3PC Suit","standard","4450.0000","4450.0000","2.0000","0.0000","3135",NULL,"36","3","3","3","0",NULL,,NULL,NULL,NULL,"1","1120289"
"24830",NULL,"p-lc-1907","Iznik Lawn Embroidered & Printed 3 Pc Unstitched Suit UE-544 Formals","standard","2800.0000","3950.0000","0.0000","0.0000","3135",NULL,"10","3","0","0","0",NULL,,NULL,NULL,NULL,"1","1120467"
"23891",NULL,"P-SG-U","Poshkari Luxury Velvet Embroidered Collection Maroon Majesty (aneelas ) sea green","standard","11350.0000","11350.0000","1.0000","0.0000","1536",NULL,"7","3","3","3","0",NULL,,NULL,NULL,NULL,"1","1120303"
"24821",NULL,"P-UF-758","Baroque Luxury Embroidered Velvet Suits 3 Pcs Unstitched UF-758","standard","4750.0000","9450.0000","2.0000","0.0000","3136",NULL,"8","3","0","0","0",NULL,,NULL,NULL,NULL,"1","1120462"
"628","1","PA - 102-U","Bisma Noor Luxury Embroidered Raw Silk 3Pc Unstitched Suit - IRAM WAQAS - PA - 102","standard","22500.0000","22500.0000","1.0000","0.0000","43",NULL,"0","3","3","3","0",NULL,,NULL,NULL,NULL,"1","1120702"
"24262",NULL,"PA 0054","Iznik Luxury Embroidered Chiffon 3Pc Unstitched Suit UE - 620","standard","0.0000","0.0000","0.0000","0.0000","3092",NULL,"35","3","3","3",NULL,NULL,NULL,NULL,NULL,NULL,"1","1120977"
"738",NULL,"PA 0079 U","Muse Luxury Organza Embroidered 3Pc Unstitched Sari Ayesha Shahveer","standard","11450.0000","11450.0000","1.0000","0.0000","63",NULL,"29","3","3","3","0",NULL,,NULL,NULL,NULL,"1","1120643"
"24329",NULL,"PA 0082","Soraya Luxury Organza Embroidered Unstitched 3PC Suit - SEHR","standard","7450.0000","7450.0000","1.0000","0.0000","3114",NULL,"52","3","3","3",NULL,NULL,NULL,NULL,NULL,NULL,"1","1120461"
"24368",NULL,"PA 0093","Poshkari Luxury Silk Embroidered 3Pc Unstitched Suit  PA 0093","standard","0.0000","0.0000","0.0000","0.0000","3116",NULL,"40","3","3","3",NULL,NULL,NULL,NULL,NULL,NULL,"1",NULL
"24144","22","PA-0001","Haris Shakeel Luxury Raw Silk Embroidered 3Pc Unstitched","standard","0.0000","24500.0000","2.0000","0.0000","3086",NULL,"25","3","0","0","0",NULL,,NULL,NULL,NULL,"1","1120910"
"488","1","PA-0003-L","Pehnawa Luxury Embroidered 3 Pieces Stitched Collection PA 0003-L","standard","8650.0000","8650.0000","1.0000","1.0000","24",NULL,"0","3","3","3","0",NULL,,NULL,NULL,NULL,"1","1120692"
"490","2","PA-0003-S","Pehnawa Luxury Lawn Embroidered 3 Pc Stitched Suit PA 0003-S","standard","8650.0000","8650.0000","0.0000","1.0000","24",NULL,"0","3","3","3","0",NULL,,NULL,NULL,NULL,"1","1120696"
"1129",NULL,"PA-0005-U","Huma Mistry Luxury Tussle Silk Embroidered Unstitched 3PC Suit -Fuchsia Flame PA-0005-U","standard","11550.0000","13550.0000","1.0000","0.0000","125",NULL,"0","3","3","3","0",NULL,,NULL,NULL,NULL,"1","1120638"
"495","3","PA-0007-L","Pehnawa Luxury Lawn Embroidered 3 Pc Stitched Suit PA 0007-L","standard","0.0000","10950.0000","0.0000","1.0000","24",NULL,"0","3","3","3","0",NULL,,NULL,NULL,NULL,"1","1120697"
"496","4","PA-0007-M","Pehnawa Luxury Lawn Embroidered 3 Pc Stitched Suit PA 0007-M","standard","0.0000","10950.0000","0.0000","1.0000","24",NULL,"0","3","3","3","0",NULL,,NULL,NULL,NULL,"1","1120690"
"498","5","PA-0007-XL","Pehnawa Luxury Lawn Embroidered 3 Pc Stitched Suit PA 0007-XL","standard","0.0000","10950.0000","1.0000","1.0000","24",NULL,"0","3","3","3","0",NULL,,NULL,NULL,NULL,"1","1120693"
"1117",NULL,"PA-0008-U","Ethnc Luxury Raw Silk Embroidered Unstitched 3PC Suit-Kaftan PA 0008","standard","7950.0000","7950.0000","0.0000","0.0000","3134",NULL,"12","3","3","3","0",NULL,,NULL,NULL,NULL,"1","1120619"
"500","6","PA-0009-L","Pehnawa Luxury Lawn Embroidered Stitched 3PC Suit - PA 0009-L","standard","6950.0000","6950.0000","1.0000","1.0000","24",NULL,"0","3","3","3","0",NULL,,NULL,NULL,NULL,"1","1120695"
"501","7","PA-0009-M","Pehnawa Luxury Lawn Embroidered Stitched 3PC Suit - PA 0009-M","standard","6950.0000","6950.0000","2.0000","1.0000","24",NULL,"0","3","3","3","0",NULL,,NULL,NULL,NULL,"1","1120694"
"504","1","PA-0011","Azure Luxury Embroidered Chiffon Unstitched 3Pc Suit Satin Sage","standard","0.0000","6650.0000","3.0000","1.0000","3097",NULL,"0","3","3","3","0",NULL,,NULL,NULL,NULL,"1","1120608"
"1088",NULL,"PA-0013-U","Shazia Kiyani Luxury Tussle Silk Embroidered 3 Pc Unstitched Suit - Samar","standard","19500.0000","22500.0000","1.0000","0.0000","119",NULL,"4","3","3","3","0",NULL,,NULL,NULL,NULL,"1","1120629"
"1074",NULL,"PA-0016-U","Hussain Rehar Luxury Raw Silk Embroidered 3 Pc Unstitched Suit - Noor Jehan PA-0016-U","standard","16000.0000","18500.0000","1.0000","0.0000","115",NULL,"4","3","3","3","0",NULL,,NULL,NULL,NULL,"1","1120635"
"511","1","PA-0018","Zaib Luxury Raw Silk Embroidered 3 Pc Unstitched Suit NPA3 - 25436-PA-0018","standard","6550.0000","6550.0000","3.0000","1.0000","3086",NULL,"9","3","3","3","0",NULL,,NULL,NULL,NULL,"1","1120615"
"514","8","PA-0021-U","Qalamkar Luxury Lawn Embroidered 3PC Unstitched QFL - 09 VESTA","standard","6950.0000","6950.0000","1.0000","1.0000","24",NULL,"11","3","3","3","0",NULL,,NULL,NULL,NULL,"1","1120885"
"518","2","PA-0025","Soraya Luxury Raw Silk Embroidered 3 Pc Unstitched Suit - Myrren","standard","22500.0000","22500.0000","1.0000","1.0000","29",NULL,"0","3","3","3","0",NULL,,NULL,NULL,NULL,"1","1120891"
"521","3","PA-0028","Hussain Rehar Luxury Raw Silk Embroidered 3Pc Unstitched Suit - Mist","standard","6950.0000","6950.0000","2.0000","1.0000","29",NULL,"0","3","3","3","0",NULL,,NULL,NULL,NULL,"1","1120886"
"524","4","PA-0031","Kaida Tie N Die Luxury Silk Embroidered 3Pc Unstitched Suit Amani PA-0031","standard","5950.0000","5950.0000","1.0000","1.0000","29",NULL,"4","3","3","3","0",NULL,,NULL,NULL,NULL,"1","1120650"
"525","5","PA-0032-U","Ethnc Luxury Silk Embroidered 3Pc Unstitched Suit Nainpreet PA-0032","standard","7950.0000","7950.0000","12.0000","1.0000","3134",NULL,"12","3","3","3","10",NULL,,NULL,NULL,NULL,"1","1120616"
"984",NULL,"PA-0033-U","Maria B Luxury Chiffon Embroidered 3Pc Unstitched Suit SF - EF26 - 09 - Black PA-0033","standard","6950.0000","6950.0000","1.0000","0.0000","98",NULL,"3","3","0","0","0",NULL,,NULL,NULL,NULL,"1","1120019"
"23511",NULL,"PA-0035","Pehnawa Luxury Raw Silk Embroidered 3Pc Unstitched Suit Azure Dynasty","standard","22500.0000","22500.0000","0.0000","0.0000","1536",NULL,"23","3","3","3","0",NULL,,NULL,NULL,NULL,"1","1120641"
"24741",NULL,"PA-0038","Hussain Rehar Luxury Lawn Embroidered 3Pc Unstitched Suit Sari","standard","0.0000","6750.0000","1.0000","0.0000","3135",NULL,"31","3","3","3","0",NULL,,NULL,NULL,NULL,"1","1120613"
"532","1","PA-0039","Imrozia Luxury Organza Embroidered 3Pc Unstitched Suit Zevar","standard","17650.0000","17650.0000","1.0000","1.0000","35",NULL,"0","3","3","3","0",NULL,,NULL,NULL,NULL,"1","1120703"
"535","2","PA-0042","Crimson Luxury Organza Embroidered 3Pc Unstitched Suit Mehndi Galore","standard","13500.0000","13500.0000","2.0000","1.0000","35",NULL,"0","3","3","3","0",NULL,,NULL,NULL,NULL,"1","1120654"
"536","6","PA-0043","Poshkari Luxury Raw Silk Embroidered 3Pc Unstitched Suit PA 0043","standard","7450.0000","7450.0000","1.0000","1.0000","29",NULL,"4","3","3","3","0",NULL,,NULL,NULL,NULL,"1","1120661"
"23593",NULL,"PA-0045","Zara Shahjahan Zehra PA-0045","standard","6950.0000","6950.0000","0.0000","0.0000","1536",NULL,"4","3","0","0","0",NULL,,NULL,NULL,NULL,"1","1120645"
"25090","30","PA-0046-U","Poshkari Luxury Raw Silk Embroidered 3Pc Unstitched Suit - Avela","standard","0.0000","19500.0000","2.0000","0.0000","3086",NULL,"4","3","0","0","0",NULL,,NULL,NULL,NULL,"1","1120989"
"25080","29","pa-0047","Aneelas Luxury Raw Silk Embroidered 3Pc Unstitched PA 0047","standard","0.0000","9500.0000","2.0000","0.0000","3086",NULL,"7","3","3","3","0",NULL,,NULL,NULL,NULL,"1","1120979"
"545","1","PA-0049-U","Republic Womenswear Luxury Net Embroidered 3Pc Unstitched Suit E - 52 PA-0049-U","standard","2600.0000","29500.0000","0.0000","1.0000","3104",NULL,"4","3","3","3","0",NULL,,NULL,NULL,NULL,"1","1120066"
"546","9","PA-0050-U","Zaib Luxury Lawn Embroidered 3Pc Unstitched Suit NPA3 - PA-0050","standard","6950.0000","6950.0000","1.0000","1.0000","24",NULL,"9","3","3","3","0",NULL,,NULL,NULL,NULL,"1","1120646"
"18155",NULL,"PA-0052-U","Zara Shahjahan Luxury Embroidered Lawn Unstitched 3Pc Suit PA - 0052","standard","0.0000","4950.0000","1.0000","0.0000","3099",NULL,"56","3","3","3",NULL,NULL,NULL,NULL,NULL,NULL,"1","1120663"
"24246",NULL,"PA-0053","Maria B Luxury Embroidered Lawn 3Pc Unstitched Suit MPT - 3009 - B","standard","0.0000","5350.0000","2.0000","0.0000","3135",NULL,"3","3","3","3","0",NULL,,NULL,NULL,NULL,"1","1120612"
"553","10","PA-0056","Maria B Luxury Embroidered Lawn 3Pc Unstitched Suit MPT - 3010 - B PA-0056","standard","5350.0000","5350.0000","1.0000","1.0000","24",NULL,"3","3","3","3","0",NULL,,NULL,NULL,NULL,"1","1120658"
"554","11","PA-0057","Maria B Luxury Embroidered Lawn 3Pc Unstitched Suit MPT - 3003 - A PA-0057","standard","5950.0000","5950.0000","1.0000","1.0000","24",NULL,"3","3","3","3","0",NULL,,NULL,NULL,NULL,"1","1120622"
"555","12","PA-0058-U","Maria B Luxury Embroidered Lawn 3Pc Unstitched Suit MPT - 3004 - A - PA-0058","standard","5850.0000","5850.0000","5.0000","1.0000","3135",NULL,"3","3","3","3","0",NULL,,NULL,NULL,NULL,"1","1120660"
"24892",NULL,"PA-0061","Jazmin Luxury Embroidered Chiffon 3Pc Unstitched Suit UC - 3126","standard","7450.0000","7450.0000","1.0000","0.0000","3097",NULL,"20","3","3","3","0",NULL,,NULL,NULL,NULL,"1","1120468"
"23653",NULL,"PA-0065-L","Cross Stitch Luxury Embroidered Lawn Stitched 3Pc Suit AMBER MIST - PA-0065-L","standard","9500.0000","9500.0000","0.0000","0.0000","1559",NULL,"4","3","0","0","0",NULL,,NULL,NULL,NULL,"1","1120231"
"23652",NULL,"PA-0065-M","Cross Stitch Luxury Embroidered Lawn Stitched 3Pc Suit AMBER MIST - PA-0065-M","standard","9500.0000","9500.0000","0.0000","0.0000","1559",NULL,"4","3","0","0","0",NULL,,NULL,NULL,NULL,"1","1120691"
"23651",NULL,"PA-0065-S","Cross Stitch Luxury Embroidered Lawn 3Pc Suit AMBER MIST - PA-0065-S","standard","9500.0000","9500.0000","1.0000","0.0000","1559",NULL,"4","3","0","0","0",NULL,,NULL,NULL,NULL,"1","1120230"
"23648","30","PA-0066-M","Zara Shahjahan Luxury Embroidered Lawn 3Pc Unstitched/Stitched Suit RAQSAA PA-0066-M","standard","8950.0000","8950.0000","0.0000","1.0000","24",NULL,"0","3","0","0","0",NULL,,NULL,NULL,NULL,"1","1120698"
"23647","29","PA-0066-S","Zara Shahjahan Luxury Embroidered Lawn 3Pc Unstitched/SUtitched Suit RAQSAA PA-0066-S","standard","8950.0000","8950.0000","0.0000","1.0000","24",NULL,"0","3","0","0","0",NULL,,NULL,NULL,NULL,"1","1120689"
"23650","32","PA-0066-XL","Zara Shahjahan Luxury Embroidered Lawn 3Pc Unstitched/Stitched Suit RAQSAA PA-0066-XL","standard","8950.0000","8950.0000","1.0000","1.0000","24",NULL,"0","3","0","0","0",NULL,,NULL,NULL,NULL,"1","1120232"
"771",NULL,"PA-0073-U","Saad Bin Shahzad Luxury Net Embroidered 3Pc Unstitched Suit Rina","standard","26000.0000","32500.0000","0.0000","0.0000","68",NULL,"4","3","3","3","0",NULL,,NULL,NULL,NULL,"1","1120634"
"753",NULL,"PA-0076","Ethnc Luxury Silk Embroidered 3Pc Unstitched Suit PA 0076","standard","8450.0000","8450.0000","4.0000","0.0000","3134",NULL,"12","3","3","3","0",NULL,,NULL,NULL,NULL,"1","1120624"
"590","3","PA-0078","Maria B Luxury Organza Embroidered 3Pc Unstitched Suit Pinar","standard","10500.0000","10500.0000","0.0000","1.0000","35",NULL,"0","3","3","3","0",NULL,,NULL,NULL,NULL,"1","1120888"
"593","7","PA-0081-U","Poshkari Luxury Silk Embroidered 3Pc Unstitched Suit Aab-e-Haya","standard","7650.0000","7650.0000","1.0000","1.0000","29",NULL,"7","3","3","3","0",NULL,,NULL,NULL,NULL,"1","1120884"
"594","4","PA-0082","Soraya Luxury Organza Embroidered Unstitched 3PC Suit - SEHR","standard","7450.0000","7450.0000","1.0000","1.0000","3127",NULL,"109","3","3","3","0",NULL,,NULL,NULL,NULL,"1","1120911"
"596","8","PA-0084","Jazmin Luxury Raw Silk Embroidered 3Pc Unstitched UR - 7032","standard","0.0000","8950.0000","3.0000","1.0000","3086",NULL,"0","3","3","3","0",NULL,,NULL,NULL,NULL,"1","1120887"
"23522",NULL,"PA-0087-U","Faiza Saqlain Luxury Chiffon Embroidered 3Pc Unstitched Suit - Asfoureh - PA 0087-U","standard","0.0000","10500.0000","0.0000","0.0000","2499",NULL,"5","3","3","3","0",NULL,,NULL,NULL,NULL,"1","1120644"
"604","2","PA-0088","Laj by Lajwanti Luxury Chiffon Embroidered 3Pc Unstitched Suit Gulnaz","standard","0.0000","11850.0000","1.0000","1.0000","3097",NULL,"4","3","3","3","0",NULL,,NULL,NULL,NULL,"1","1120917"
"24722",NULL,"PA-0091-L","Iznik Meraki Luxury Embroidered Dark Green Luxury Unstitched / Stitched Net Maxi D-07 - PA - 0091 - Stitched / L","standard","8200.0000","11550.0000","2.0000","0.0000","3101",NULL,"4","3","3","3","0",NULL,,NULL,NULL,NULL,"1","1120510"
"24721",NULL,"PA-0091-M","Iznik Meraki Luxury Embroidered Dark Green Luxury Unstitched / Stitched Net Maxi D-07 - PA - 0091 - Stitched / M","standard","8200.0000","11550.0000","3.0000","0.0000","3101",NULL,"4","3","3","3","0",NULL,,NULL,NULL,NULL,"1","1120509"
"24720",NULL,"PA-0091-S","Iznik Meraki Luxury Embroidered Dark Green Luxury Unstitched / Stitched Net Maxi D-07 - PA - 0091 - Stitched / S","standard","8200.0000","11550.0000","1.0000","0.0000","3101",NULL,"4","3","3","3","0",NULL,,NULL,NULL,NULL,"1","1120508"
"643","1","PA-0096-U","Mohsin Naveed Ranjha Luxury Net Embroidered Unstitched 3Pc Suit - Zamrud PA-0096-U","standard","16500.0000","19500.0000","1.0000","0.0000","47",NULL,"4","3","3","3","0",NULL,,NULL,NULL,NULL,"1","1120636"
"24754",NULL,"PA-0097","Sitara Luxury Chiffon Embroidered 3Pc Unstitched Sari PA 0097","standard","5750.0000","6750.0000","0.0000","0.0000","3097",NULL,"4","3","3","3","0",NULL,,NULL,NULL,NULL,"1","1120452"
"23656",NULL,"PA-0098-L","Pehnawa Luxury Embroidered Lawn Stitched 3PC Suit PA-0098-L","standard","10600.0000","10600.0000","1.0000","0.0000","1557",NULL,"4","3","0","0","0",NULL,,NULL,NULL,NULL,"1","1120235"
"23655",NULL,"PA-0098-M","Pehnawa Luxury Embroidered Lawn Stitched 3PC Suit PA-0098-M","standard","10600.0000","10600.0000","1.0000","0.0000","1557",NULL,"4","3","3","3","0",NULL,,NULL,NULL,NULL,"1","1120239"
"23657",NULL,"PA-0098-XL","Pehnawa Luxury Embroidered Lawn Stitched 3PC Suit PA-0098-XL","standard","10600.0000","10600.0000","1.0000","0.0000","1557",NULL,"4","3","0","0","0",NULL,,NULL,NULL,NULL,"1","1120242"
"24133",NULL,"PA-0099-L","Pehnawa Luxury Embroidered Chiffon UnStitched / Stitched 3PC Collection Cassia PA 0099","standard","8500.0000","13250.0000","2.0000","0.0000","3088",NULL,"5","3","0","0","0",NULL,,NULL,NULL,NULL,"1","1120364"
"24132",NULL,"PA-0099-M","Pehnawa Luxury Embroidered Chiffon UnStitched / Stitched 3PC Collection Cassia PA 0099","standard","8500.0000","13250.0000","2.0000","0.0000","3088",NULL,"5","3","0","0","0",NULL,,NULL,NULL,NULL,"1","1120363"
"24131",NULL,"PA-0099-S","Pehnawa Luxury Embroidered Chiffon UnStitched / Stitched 3PC Collection Cassia PA 0099","standard","8500.0000","13250.0000","1.0000","0.0000","3088",NULL,"5","3","3","3","0",NULL,,NULL,NULL,NULL,"1","1120362"
"23641",NULL,"PA-100-L","Maria B Luxury Embroidered Lawn 3Pc Unstitched /  Stitched Suit - PA-100","standard","10500.0000","10500.0000","0.0000","0.0000","1536",NULL,"3","3","3","3","0",NULL,,NULL,NULL,NULL,"1","1120699"
"23642",NULL,"PA-100-M","Maria B Luxury Embroidered Lawn 3Pc Unstitched /  Stitched Suit - PA-100","standard","10500.0000","10500.0000","0.0000","0.0000","1536",NULL,"3","3","0","0","0",NULL,,NULL,NULL,NULL,"1","1120688"
"25093","14","PA-101-u","Maria B Luxury Embroidered Myssory 3Pc Unstitched Suit - Mayrozeh - PA - 101","standard","0.0000","24500.0000","2.0000","0.0000","37",NULL,"3","3","0","0","0",NULL,,NULL,NULL,NULL,"1","1120991"
"23861",NULL,"PA-103-U","Zona Shaham Luxury Embroidered Raw Silk 3Pc Unstitched Suit PA - 103","standard","8750.0000","8750.0000","4.0000","0.0000","3086",NULL,"4","3","3","3","0",NULL,,NULL,NULL,NULL,"1","1120311"
"23884",NULL,"PA-105","Afrozeh Luxury Organza Embroidered 3Pc Unstitched Suit Yale - PA - 105","standard","9850.0000","9850.0000","4.0000","0.0000","1554",NULL,"21","3","3","3","0",NULL,,NULL,NULL,NULL,"1","1120002"
"25098","8","pa-107","Azure Luxury Chiffon Embroidered 3Pc Unstitched Suit - Black Pearl - PA - 107","standard","0.0000","6950.0000","1.0000","0.0000","33",NULL,"23","3","3","3","0",NULL,,NULL,NULL,NULL,"1","1120996"
"18138","5","PA-112","Imrozia Luxury Embroidered Organza 3Pc Unstitched Suit Sukoon PA-112","standard","8450.0000","8450.0000","3.0000","0.0000","3114",NULL,"48","3","3","3","0",NULL,,NULL,NULL,NULL,"1","1120890"
"24716",NULL,"PA-113","Maria B Luxury Embroidered Organza 3Pc Unstitched Suit EA26-11-Off White PA-113","standard","6500.0000","8950.0000","2.0000","0.0000","3127",NULL,"3","3","3","3","0",NULL,,NULL,NULL,NULL,"1","1120445"
"23530",NULL,"PA-114","AIK Atelier Luxury Embroidered Organza 3Pc Unstitched Suit AIKWED - A2504 PA-114","standard","9650.0000","9650.0000","2.0000","0.0000","3127",NULL,"48","3","3","3","0",NULL,,NULL,NULL,NULL,"1","1120085"
"23908","2","PA-115-M","Maria B Luxury Embroidered Chiffon 3Pc Unstitched / Stitched Suit MPC - 26 - 106 - Slate Blue PA-115 - Stitched / M","standard","1450.0000","16500.0000","1.0000","0.0000","3108",NULL,"52","3","3","3","0",NULL,,NULL,NULL,NULL,"1","1120324"
"18149","1","PA-115-U","Maria B Luxury Embroidered Chiffon 3Pc Unstitched / Stitched Suit MPC - 26 - 106 - Slate Blue PA-115 - Unstitched / Unstitched","standard","0.0000","0.0000","0.0000","0.0000","3108",NULL,"52","3","3","3","0",NULL,,NULL,NULL,NULL,"1",NULL
"24321","15","PA-122-U","Poshkari Luxury Silk Embroidered 3Pc Unstitched Suit Ethnc PA-122","standard","6050.0000","8950.0000","1.0000","0.0000","3134",NULL,"36","3","3","3","0",NULL,,NULL,NULL,NULL,"1","1120380"
"23643",NULL,"PA-123-L","Poshkari Luxury Embroidered Raw Silk 3Pc Stitched Suit PA-123 - Stitched / L","standard","16500.0000","16500.0000","2.0000","0.0000","3086",NULL,"74","3","3","3","0",NULL,,NULL,NULL,NULL,"1","1120228"
"23645",NULL,"PA-123-M","Poshkari Luxury Embroidered Raw Silk 3Pc Stitched Suit PA-123 - Stitched / M","standard","16500.0000","16500.0000","1.0000","0.0000","3086",NULL,"74","3","3","3","0",NULL,,NULL,NULL,NULL,"1","1120229"
"23646",NULL,"PA-123-XL","Poshkari Luxury Embroidered Raw Silk 3Pc Stitched Suit PA-123 - Stitched / XL","standard","16500.0000","16500.0000","4.0000","0.0000","3086",NULL,"74","3","3","3","0",NULL,,NULL,NULL,NULL,"1","1120227"
"23906","7","PA-124-U","Haris Shakeel Luxury Chiffon Embroidered 3Pc Unstitched PA-124","standard","6950.0000","6950.0000","6.0000","0.0000","33",NULL,"25","3","3","3","0",NULL,,NULL,NULL,NULL,"1","1120325"
"24472",NULL,"PA-125","Iznik Luxury Chiffon Embroidered 3Pc Unstitched PA-125","standard","3800.0000","5750.0000","2.0000","0.0000","3097",NULL,"10","3","3","3","0",NULL,,NULL,NULL,NULL,"1","1120441"
"24419",NULL,"PA-126","Zainab Shamsi Studio Luxury Raw Silk Embroidered 3Pc Unstitched The Ayla Set PA-126","standard","0.0000","0.0000","0.0000","0.0000","3086",NULL,"35","3","3","3","0",NULL,,NULL,NULL,NULL,"1",NULL
"23907","13","PA-126-U","Zainab Shamsi Studio Luxury Raw Silk Embroidered 3Pc Unstitched The Ayla Set PA-126","standard","6950.0000","6950.0000","6.0000","0.0000","3086",NULL,"108","3","3","3","0",NULL,,NULL,NULL,NULL,"1","1120326"
"24317",NULL,"PA-128","Iznik UE-620-B Luxury Embroidered Chiffon 3Pc Unstitched Suit PA-128","standard","6850.0000","6850.0000","1.0000","0.0000","3097",NULL,"10","3","3","3","0",NULL,,NULL,NULL,NULL,"1","1120442"
"24322","23","pa-129-u","Lulusar Orelia Long Luxury Raw Silk Embroidered 3Pc Unstitched PA-129","standard","3250.0000","4950.0000","1.0000","0.0000","3086",NULL,"78","3","3","3","0",NULL,,NULL,NULL,NULL,"1","1120381"
"25094","65","pa-130","Haseen's Paimana Luxury Raw Silk Embroidered 3Pc Unstitched PA-130","standard","0.0000","19950.0000","0.0000","0.0000","3116",NULL,"4","3","0","0","0",NULL,,NULL,NULL,NULL,"1","1120992"
"25058","1","pa-131","Maria B 11R1-Maroon Luxury Net Embroidered 3Pc Unstitched Sari PA-131","standard","0.0000","8950.0000","2.0000","0.0000","3125",NULL,"3","3","3","3","0",NULL,,NULL,NULL,NULL,"1","1120961"
"25060","2","PA-132","Maria B 26V1-09-Danira Luxury Chiffon Embroidered 3Pc Unstitched Sari PA-132","standard","0.0000","11500.0000","1.0000","0.0000","3125",NULL,"3","3","0","0","0",NULL,,NULL,NULL,NULL,"1","1120963"
"24325",NULL,"PA-135-U","Poshkari Ethnc Luxury Silk Embroidered 3Pc Unstitched PA-135","standard","5900.0000","7650.0000","5.0000","0.0000","3134",NULL,"36","3","3","3","0",NULL,,NULL,NULL,NULL,"1","1120379"
"24383",NULL,"PA-136","Poshkari Luxury Sheesha Silk Embroidered Unstitched 3PC Suit PA-136","standard","7800.0000","9250.0000","3.0000","0.0000","3109",NULL,"36","3","3","3","0",NULL,,NULL,NULL,NULL,"1","1120427"
"24271",NULL,"PA-137","Baroque BQU-Ch13-08 Luxury Pure Chiffon Embroidered 3 Piece Unstitched PA-137","standard","0.0000","14500.0000","4.0000","0.0000","3097",NULL,"8","3","3","3","0",NULL,,NULL,NULL,NULL,"1","1120464"
"24708",NULL,"PA-139","Asim Jofa Luxury Chiffon Embroidered Unstitched Suit PA-139","standard","0.0000","0.0000","0.0000","0.0000","3092",NULL,"42","3","3","3",NULL,NULL,NULL,NULL,NULL,NULL,"1",NULL
"24399",NULL,"PA-140","Saira Shakira - Azure Luxury Silk Embroidered Unstitched 3PC Suit PA-140","standard","0.0000","9250.0000","1.0000","0.0000","3134",NULL,"23","3","3","3","0",NULL,,NULL,NULL,NULL,"1","1120940"
"24704",NULL,"PA-148-U","Maria.B D-03 Palaichi Shawl Winter Luxury Embroidered Velvet 3Pc Unstitched / Stitched Suit PA-148 - Unstitched / Unstitched","standard","13800.0000","13800.0000","4.0000","0.0000","3136",NULL,"3","3","3","3","0",NULL,,NULL,NULL,NULL,"1","1120457"
"24728",NULL,"PA-149","Haris Shakeel (black )Aisha afridi Luxury Chiffon Embroidered 3Pc Unstitched PA-149","standard","0.0000","10650.0000","1.0000","0.0000","3097",NULL,"25","3","3","3","0",NULL,,NULL,NULL,NULL,"1","1120936"
"25056","9","PA-150","Crimson JHALAK Luxury Organza Embroidered 3Pc Unstitched Suit PA-150","standard","0.0000","11500.0000","2.0000","0.0000","3127",NULL,"15","3","3","3","0",NULL,,NULL,NULL,NULL,"1","1120959"
"25100","9","Pa-155","Élegance Aziya Luxury Chiffon Embroidered 3Pc Unstitched Suit P-155A","standard","0.0000","8950.0000","1.0000","0.0000","33",NULL,"115","3","3","3","0",NULL,,NULL,NULL,NULL,"1","1120998"
"24775",NULL,"PA-156","Maria B Luxury Lava Silk Embroidered 3Pc Unstitched Suit PA-156","standard","0.0000","9850.0000","2.0000","0.0000","3120",NULL,"62","3","3","3",NULL,NULL,NULL,NULL,NULL,NULL,"1","1120939"
"24779",NULL,"PA-158","Maria.B Couture Ivory Gold MC-047 Luxury Chiffon Embroidered 3Pc Unstitched Suit Fully Hand Work PA-158","standard","23500.0000","23500.0000","3.0000","0.0000","3097",NULL,"3","3","3","3","0",NULL,,NULL,NULL,NULL,"1","1120460"
"24822","11","PA-160","Fozia Khalid Arzoon Vasl-e-Yaar Luxury Organza Embroidered 3Pc Unstitched Suit PA-160","standard","15500.0000","19500.0000","1.0000","0.0000","3127",NULL,"57","3","3","3","0",NULL,,NULL,NULL,NULL,"1","1120465"
"24825",NULL,"PA-162-U","Maria B MPC-26-104-Peach Pink Luxury Embroidered Chiffon 3Pc Unstitched / Stitched Suit PA-162 - Unstitched / Unstitched","standard","0.0000","0.0000","1.0000","0.0000","3097",NULL,"3","3","3","3","0",NULL,,NULL,NULL,NULL,"1","1120591"
"24833","28","PA-164","ETHNC Luxury Raw Silk Embroidered 3Pc Unstitched Suit PA-164","standard","0.0000","5950.0000","3.0000","0.0000","3086",NULL,"33","3","3","3",NULL,NULL,NULL,NULL,NULL,NULL,"1","1120941"
"25054","1","pa-165","Haris shakeel Luxury Sheesha Silk Embroidered 3Pc Unstitched Suit PA-165","standard","0.0000","10850.0000","3.0000","0.0000","3124",NULL,"0","3","0","0","0",NULL,,NULL,NULL,NULL,"1","1120957"
"25059","1","pa-172","Maria B MPC-26-202-Ombre Blossom Luxury Embroidered Pure Chiffon 3Pc Unstitched Suit PA-172","standard","0.0000","14500.0000","2.0000","0.0000","3088",NULL,"3","3","3","3","0",NULL,,NULL,NULL,NULL,"1","1120962"
"25078","2","PA-173","Suffuse IRIS Couture - Medea Luxury Net Embroidered 3Pc Unstitched Suit PA-173","standard","0.0000","28300.0000","1.0000","0.0000","3079",NULL,"4","3","0","0","0",NULL,,NULL,NULL,NULL,"1","1120976"
"25091","1","pa-175","Maria B Elaria Luxury Net Embroidered 3Pc Unstitched Suit PA-175(4 yards trouser fabirc )","standard","0.0000","29500.0000","1.0000","0.0000","3104",NULL,"3","3","0","0","0",NULL,,NULL,NULL,NULL,"1","1120990"
"24797",NULL,"PA-B15","Republic Womenswear Fairoz Demi – Couture – B15 – Bridal Collection","standard","23000.0000","32700.0000","2.0000","0.0000","3101",NULL,"84","3","3","3","0",NULL,,NULL,NULL,NULL,"1","1120459"
"24693",NULL,"PA0024","Zeeshan Danish Luxury Net Embroidered Unstitched 2PC Suit Rehma Zaman","standard","18750.0000","18750.0000","1.0000","0.0000","3104",NULL,"44","3","3","3",NULL,NULL,NULL,NULL,NULL,NULL,"1","1120463"
"915","1","PA0046","Poshkari Luxury Raw Silk Embroidered 3Pc Unstitched Suit - Avela","standard","16500.0000","19500.0000","0.0000","0.0000","85",NULL,"4","3","3","3","0",NULL,,NULL,NULL,NULL,"1","1120633"
"23927",NULL,"PALACHI-B-L","Maria.B Luxury Embroidered Velvet Collection Unstitched With Velvet Shawl","standard","10500.0000","17700.0000","2.0000","0.0000","3096",NULL,"3","3","0","0","0",NULL,,NULL,NULL,NULL,"1","1120359"
"23926",NULL,"PALACHI-B-M","Maria.B Luxury Embroidered Velvet Collection Unstitched With Velvet Shawl","standard","10500.0000","17700.0000","3.0000","0.0000","3096",NULL,"3","3","0","0","0",NULL,,NULL,NULL,NULL,"1","1120360"
"23925",NULL,"PALACHI-B-S","Maria.B Luxury Embroidered Velvet Collection Unstitched With Velvet Shawl","standard","10500.0000","17700.0000","1.0000","0.0000","3096",NULL,"3","3","0","0","0",NULL,,NULL,NULL,NULL,"1","1120361"
"23587",NULL,"PDB2431","Pakeeza Dark Blue Luxury Embroidered Lawn 3Pc Unstitched Suit","standard","6700.0000","6700.0000","2.0000","0.0000","3135",NULL,"4","3","3","3","0",NULL,,NULL,NULL,NULL,"1","1120103"
"25101","45","PEh-6a","Sobia Nazir - Luxury Lawn Embroidered Unstitched 3 Piece - 6A","standard","0.0000","9050.0000","1.0000","0.0000","24",NULL,"17","3","3","3","0",NULL,,NULL,NULL,NULL,"1","1120999"
"23507",NULL,"PHNWA-MAHRA-U","Pehnawa Luxury Net Embroidered 3Pc Unstitched Suit - Mahra","standard","26000.0000","29500.0000","0.0000","0.0000","1554",NULL,"4","3","3","3","0",NULL,,NULL,NULL,NULL,"1","1120637"
"23832",NULL,"Pinar-U","Maria B Luxury Organza Embroidered 3Pc Unstitched Suit Pinar","standard","10500.0000","10500.0000","6.0000","0.0000","3127",NULL,"3","3","3","3","0",NULL,,NULL,NULL,NULL,"1","1120295"
"24952",NULL,"PJz-001","Jazmine Luxury Formel Velvet Collection-Qalb 3 Pc Unstitched","standard","5500.0000","8950.0000","2.0000","0.0000","3121",NULL,"4","3","0","0","0",NULL,,NULL,NULL,NULL,"1","1120514"
"24856",NULL,"PK-001-L","kaftan neckline green stiched","standard","5800.0000","8500.0000","0.0000","0.0000","3124",NULL,"4","3","3","3","0",NULL,,NULL,NULL,NULL,"1","1120475"
"24858",NULL,"PK-001-M","kaftan neckline green stiched","standard","5800.0000","8500.0000","0.0000","0.0000","3124",NULL,"4","3","0","0","0",NULL,,NULL,NULL,NULL,"1","1120937"
"24857",NULL,"PK-001-xL","kaftan neckline green stiched","standard","5800.0000","8500.0000","1.0000","0.0000","3124",NULL,"4","3","0","0","0",NULL,,NULL,NULL,NULL,"1","1120476"
"24883",NULL,"PK-0010-L","kaftan 2tone sea green stiched","standard","4700.0000","6950.0000","0.0000","0.0000","3124",NULL,"4","3","0","0","0",NULL,,NULL,NULL,NULL,"1","1120501"
"24884",NULL,"PK-0010-M","kaftan 2tone sea green stiched","standard","4700.0000","6950.0000","0.0000","0.0000","3124",NULL,"4","3","0","0","0",NULL,,NULL,NULL,NULL,"1","1120500"
"24886",NULL,"PK-0011-L","kaftan 2tone Mehroon stiched","standard","4700.0000","6950.0000","1.0000","0.0000","3124",NULL,"4","3","0","0","0",NULL,,NULL,NULL,NULL,"1","1120503"
"24885",NULL,"PK-0011-M","kaftan 2tone Mehroon stiched","standard","4700.0000","6950.0000","0.0000","0.0000","3124",NULL,"4","3","0","0","0",NULL,,NULL,NULL,NULL,"1","1120502"
"24887",NULL,"PK-0012-L","kaftan 2tone white stiched","standard","4700.0000","6950.0000","1.0000","0.0000","3124",NULL,"4","3","0","0","0",NULL,,NULL,NULL,NULL,"1","1120505"
"24889",NULL,"PK-0012-M","kaftan 2tone white stiched","standard","4700.0000","6950.0000","1.0000","0.0000","3124",NULL,"4","3","0","0","0",NULL,,NULL,NULL,NULL,"1","1120504"
"24860",NULL,"PK-002-L","kaftan neckline zinc stiched","standard","5800.0000","8500.0000","1.0000","0.0000","3124",NULL,"4","3","0","0","0",NULL,,NULL,NULL,NULL,"1","1120478"
"24859",NULL,"PK-002-M","kaftan neckline zinc stiched","standard","5800.0000","8500.0000","1.0000","0.0000","3124",NULL,"4","3","0","0","0",NULL,,NULL,NULL,NULL,"1","1120477"
"24861",NULL,"PK-002-xL","kaftan neckline zinc stiched","standard","5800.0000","8500.0000","1.0000","0.0000","3124",NULL,"4","3","0","0","0",NULL,,NULL,NULL,NULL,"1","1120479"
"24863",NULL,"PK-003-L","kaftan neckline grey stiched","standard","5800.0000","8500.0000","1.0000","0.0000","3124",NULL,"4","3","0","0","0",NULL,,NULL,NULL,NULL,"1","1120481"
"24864",NULL,"PK-003-M","kaftan neckline grey stiched","standard","5800.0000","8500.0000","1.0000","0.0000","3124",NULL,"4","3","0","0","0",NULL,,NULL,NULL,NULL,"1","1120480"
"24862",NULL,"PK-003-xL","kaftan neckline grey stiched","standard","5800.0000","8500.0000","1.0000","0.0000","3124",NULL,"4","3","0","0","0",NULL,,NULL,NULL,NULL,"1","1120482"
"24866",NULL,"PK-004-L","kaftan neckline BLACK stiched","standard","5800.0000","8500.0000","1.0000","0.0000","3124",NULL,"4","3","0","0","0",NULL,,NULL,NULL,NULL,"1","1120484"
"24865",NULL,"PK-004-M","kaftan neckline BLACK stiched","standard","5800.0000","8500.0000","1.0000","0.0000","3124",NULL,"4","3","0","0","0",NULL,,NULL,NULL,NULL,"1","1120483"
"24867",NULL,"PK-004-XL","kaftan neckline BLACK stiched","standard","5800.0000","8500.0000","1.0000","0.0000","3124",NULL,"4","3","0","0","0",NULL,,NULL,NULL,NULL,"1","1120485"
"24869",NULL,"PK-005-L","kaftan neckline MEHROON stiched","standard","5800.0000","8500.0000","0.0000","0.0000","3124",NULL,"4","3","0","0","0",NULL,,NULL,NULL,NULL,"1","1120486"
"24870",NULL,"PK-005-M","kaftan neckline MEHROON stiched","standard","5800.0000","8500.0000","0.0000","0.0000","3124",NULL,"4","3","0","0","0",NULL,,NULL,NULL,NULL,"1","1120938"
"24868",NULL,"PK-005-XL","kaftan neckline MEHROON stiched","standard","5800.0000","8500.0000","0.0000","0.0000","3124",NULL,"4","3","0","0","0",NULL,,NULL,NULL,NULL,"1","1120487"
"24873",NULL,"PK-006-L","kaftan FLOWER blue stiched","standard","6400.0000","8950.0000","1.0000","0.0000","3124",NULL,"4","3","0","0","0",NULL,,NULL,NULL,NULL,"1","1120489"
"24871",NULL,"PK-006-M","kaftan FLOWER blue stiched","standard","6400.0000","8950.0000","1.0000","0.0000","3124",NULL,"4","3","0","0","0",NULL,,NULL,NULL,NULL,"1","1120488"
"24872",NULL,"PK-006-XL","kaftan FLOWER blue stiched","standard","6400.0000","8950.0000","1.0000","0.0000","3124",NULL,"4","3","0","0","0",NULL,,NULL,NULL,NULL,"1","1120490"
"24874",NULL,"PK-007-L","kaftan FLOWER lemon stiched","standard","6400.0000","8950.0000","1.0000","0.0000","3124",NULL,"4","3","0","0","0",NULL,,NULL,NULL,NULL,"1","1120492"
"24875",NULL,"PK-007-M","kaftan FLOWER lemon stiched","standard","6400.0000","8950.0000","1.0000","0.0000","3124",NULL,"4","3","0","0","0",NULL,,NULL,NULL,NULL,"1","1120491"
"24876",NULL,"PK-007-xL","kaftan FLOWER lemon stiched","standard","6400.0000","8950.0000","1.0000","0.0000","3124",NULL,"4","3","0","0","0",NULL,,NULL,NULL,NULL,"1","1120493"
"24878",NULL,"PK-008-L","kaftan FLOWER mehroon stiched","standard","6400.0000","8950.0000","1.0000","0.0000","3124",NULL,"4","3","0","0","0",NULL,,NULL,NULL,NULL,"1","1120495"
"24879",NULL,"PK-008-M","kaftan FLOWER mehroon stiched","standard","6400.0000","8950.0000","1.0000","0.0000","3124",NULL,"4","3","0","0","0",NULL,,NULL,NULL,NULL,"1","1120494"
"24877",NULL,"PK-008-xL","kaftan FLOWER mehroon stiched","standard","6400.0000","8950.0000","1.0000","0.0000","3124",NULL,"4","3","0","0","0",NULL,,NULL,NULL,NULL,"1","1120496"
"24881",NULL,"PK-009-L","kaftan FLOWER Black stiched","standard","6400.0000","8950.0000","1.0000","0.0000","3124",NULL,"4","3","0","0","0",NULL,,NULL,NULL,NULL,"1","1120498"
"24880",NULL,"PK-009-M","kaftan FLOWER Black stiched","standard","6400.0000","8950.0000","0.0000","0.0000","3124",NULL,"4","3","0","0","0",NULL,,NULL,NULL,NULL,"1","1120497"
"24882",NULL,"PK-009-xL","kaftan FLOWER Black stiched","standard","6400.0000","8950.0000","1.0000","0.0000","3124",NULL,"4","3","0","0","0",NULL,,NULL,NULL,NULL,"1","1120499"
"23960","16","PK-DILARA-M","Summer Kaftan - Dilara","standard","2650.0000","4950.0000","1.0000","0.0000","3086",NULL,"36","3","3","3","0",NULL,,NULL,NULL,NULL,"1","1120375"
"23958","14","PK-GHAZAL-M","Summer Kaftan - Ghazal","standard","2650.0000","4950.0000","4.0000","0.0000","3086",NULL,"36","3","3","3","0",NULL,,NULL,NULL,NULL,"1","1120374"
"23965","19","PK-GULNAAR-L","Summer Kaftan - Gulnaar","standard","2650.0000","4950.0000","3.0000","0.0000","3086",NULL,"36","3","0","0","0",NULL,,NULL,NULL,NULL,"1","1120372"
"23962","17","PK-GULNAAR-M","Summer Kaftan - Gulnaar","standard","2650.0000","4950.0000","5.0000","0.0000","3086",NULL,"36","3","3","3","0",NULL,,NULL,NULL,NULL,"1","1120373"
"23957","13","PK-IRAJ-M","Summer Kaftan - Iraj","standard","2650.0000","4950.0000","1.0000","0.0000","3086",NULL,"36","3","3","3","0",NULL,,NULL,NULL,NULL,"1","1120376"
"23959","15","PK-PAREESA-L","Summer Kaftan - Pareesa","standard","2650.0000","4950.0000","3.0000","0.0000","3086",NULL,"36","3","3","3","0",NULL,,NULL,NULL,NULL,"1","1120370"
"23969","21","PK-PAREESA-M","Summer Kaftan - Pareesa","standard","2650.0000","4950.0000","3.0000","0.0000","3086",NULL,"36","3","0","0","0",NULL,,NULL,NULL,NULL,"1","1120371"
"23967","20","PK-ZAREEN-L","Summer Kaftan - Zareen","standard","2650.0000","4950.0000","2.0000","0.0000","3086",NULL,"36","3","0","0","0",NULL,,NULL,NULL,NULL,"1","1120369"
"23963","18","PK-ZAREEN-M","Summer Kaftan - Zareen","standard","2650.0000","4950.0000","3.0000","0.0000","3086",NULL,"36","3","3","3","0",NULL,,NULL,NULL,NULL,"1","1120368"
"24960","3","PL-331-L","Round neck long gala L.pista","standard","5300.0000","7480.0000","1.0000","0.0000","3116",NULL,"4","3","0","0","0",NULL,,NULL,NULL,NULL,"1","1120517"
"24959","2","PL-331-M","Round neck long gala L.pista","standard","5300.0000","7480.0000","1.0000","0.0000","3116",NULL,"4","3","0","0","0",NULL,,NULL,NULL,NULL,"1","1120516"
"24958","1","PL-331-S","Round neck long gala L.pista","standard","5300.0000","7480.0000","1.0000","0.0000","3116",NULL,"4","3","3","3","0",NULL,,NULL,NULL,NULL,"1","1120515"
"24961","4","PL-331-XL","Round neck long gala L.pista","standard","5300.0000","7480.0000","1.0000","0.0000","3116",NULL,"4","3","0","0","0",NULL,,NULL,NULL,NULL,"1","1120518"
"24964","7","PL-348-L","NECK BUTI","standard","5400.0000","7680.0000","1.0000","0.0000","3116",NULL,"4","3","0","0","0",NULL,,NULL,NULL,NULL,"1","1120520"
"24963","6","PL-348-M","NECK BUTI","standard","5400.0000","7680.0000","1.0000","0.0000","3116",NULL,"4","3","0","0","0",NULL,,NULL,NULL,NULL,"1","1120521"
"24962","5","PL-348-S","NECK BUTI","standard","5400.0000","7680.0000","1.0000","0.0000","3116",NULL,"4","3","0","0","0",NULL,,NULL,NULL,NULL,"1","1120522"
"24965","8","PL-348-XL","NECK BUTI","standard","5400.0000","7680.0000","1.0000","0.0000","3116",NULL,"4","3","0","0","0",NULL,,NULL,NULL,NULL,"1","1120519"
"24968","11","PL-374-L","TAVEEZ GALA ZINC POL","standard","5600.0000","7840.0000","1.0000","0.0000","3116",NULL,"4","3","0","0","0",NULL,,NULL,NULL,NULL,"1","1120524"
"24967","10","PL-374-M","TAVEEZ GALA ZINC POL","standard","5600.0000","7840.0000","1.0000","0.0000","3116",NULL,"4","3","0","0","0",NULL,,NULL,NULL,NULL,"1","1120525"
"24969","12","PL-374-S","TAVEEZ GALA ZINC POL","standard","5600.0000","7840.0000","1.0000","0.0000","3116",NULL,"4","3","0","0","0",NULL,,NULL,NULL,NULL,"1","1120523"
"24966","9","PL-375-L","MULTI EMB ZINC POL","standard","6500.0000","9100.0000","1.0000","0.0000","3116",NULL,"4","3","0","0","0",NULL,,NULL,NULL,NULL,"1","1120528"
"24971","14","PL-375-M","MULTI EMB ZINC POL","standard","6500.0000","9100.0000","1.0000","0.0000","3116",NULL,"4","3","0","0","0",NULL,,NULL,NULL,NULL,"1","1120526"
"24970","13","PL-375-S","MULTI EMB ZINC POL","standard","6500.0000","9100.0000","1.0000","0.0000","3116",NULL,"4","3","0","0","0",NULL,,NULL,NULL,NULL,"1","1120527"
"24974","17","PL-378G-L","LUXURY DOORI TESSLES GREY","standard","5700.0000","7980.0000","1.0000","0.0000","3116",NULL,"4","3","0","0","0",NULL,,NULL,NULL,NULL,"1","1120531"
"24972","15","PL-378G-M","LUXURY DOORI TESSLES GREY","standard","5700.0000","7980.0000","0.0000","0.0000","3116",NULL,"4","3","0","0","0",NULL,,NULL,NULL,NULL,"1","1120529"
"24973","16","PL-378G-S","LUXURY DOORI TESSLES GREY","standard","5700.0000","7980.0000","1.0000","0.0000","3116",NULL,"4","3","0","0","0",NULL,,NULL,NULL,NULL,"1","1120530"
"24976","19","PL-378M-L","LUXURY DOORI TESSLES MEHROON","standard","5700.0000","7980.0000","1.0000","0.0000","3116",NULL,"4","3","0","0","0",NULL,,NULL,NULL,NULL,"1","1120533"
"24975","18","PL-378M-M","LUXURY DOORI TESSLES MEHROON","standard","5700.0000","7980.0000","1.0000","0.0000","3116",NULL,"4","3","0","0","0",NULL,,NULL,NULL,NULL,"1","1120532"
"24977","20","PL-378M-S","LUXURY DOORI TESSLES MEHROON","standard","5700.0000","7980.0000","0.0000","0.0000","3116",NULL,"4","3","0","0","0",NULL,,NULL,NULL,NULL,"1","1120942"
"24980","23","PL-384-L","LUXURY SILK KOTI GALA COPPER","standard","5700.0000","7980.0000","1.0000","0.0000","3116",NULL,"4","3","0","0","0",NULL,,NULL,NULL,NULL,"1","1120575"
"24979","22","PL-384-M","LUXURY SILK KOTI GALA COPPER","standard","5700.0000","7980.0000","1.0000","0.0000","3116",NULL,"4","3","0","0","0",NULL,,NULL,NULL,NULL,"1","1120574"
"24981","24","PL-384-XL","LUXURY SILK KOTI GALA COPPER","standard","5700.0000","7980.0000","1.0000","0.0000","3116",NULL,"4","3","0","0","0",NULL,,NULL,NULL,NULL,"1","1120576"
"24985","28","PL-385F-L","LUXURY SILK FALSA PALNE GALA","standard","6000.0000","8390.0000","0.0000","0.0000","3116",NULL,"4","3","0","0","0",NULL,,NULL,NULL,NULL,"1","1120537"
"24986","29","PL-385F-M","LUXURY SILK FALSA PALNE GALA","standard","6000.0000","8390.0000","0.0000","0.0000","3116",NULL,"4","3","0","0","0",NULL,,NULL,NULL,NULL,"1","1120538"
"24987","30","PL-385F-S","LUXURY SILK FALSA PALNE GALA","standard","6000.0000","8390.0000","0.0000","0.0000","3116",NULL,"4","3","0","0","0",NULL,,NULL,NULL,NULL,"1","1120539"
"24982","25","PL-385Z-L","LUXURY SILK ZINC PALNE GALA","standard","6000.0000","8390.0000","1.0000","0.0000","3116",NULL,"4","3","0","0","0",NULL,,NULL,NULL,NULL,"1","1120534"
"24983","26","PL-385Z-M","LUXURY SILK ZINC PALNE GALA","standard","6000.0000","8390.0000","0.0000","0.0000","3116",NULL,"4","3","0","0","0",NULL,,NULL,NULL,NULL,"1","1120535"
"24984","27","PL-385Z-S","LUXURY SILK ZINC PALNE GALA","standard","6000.0000","8390.0000","0.0000","0.0000","3116",NULL,"4","3","0","0","0",NULL,,NULL,NULL,NULL,"1","1120536"
"24988","31","PL-393-L","LUXURY SILK TPINK CERRY GALA","standard","5500.0000","7700.0000","1.0000","0.0000","3116",NULL,"4","3","0","0","0",NULL,,NULL,NULL,NULL,"1","1120540"
"24989","32","PL-393-M","LUXURY SILK TPINK CERRY GALA","standard","5500.0000","7700.0000","1.0000","0.0000","3116",NULL,"4","3","0","0","0",NULL,,NULL,NULL,NULL,"1","1120541"
"24990","33","PL-393-S","LUXURY SILK TPINK CERRY GALA","standard","5500.0000","7700.0000","1.0000","0.0000","3116",NULL,"4","3","0","0","0",NULL,,NULL,NULL,NULL,"1","1120542"
"24993","36","PL-404-L","LUXURY SILK ZINC c.EMB","standard","5300.0000","7430.0000","2.0000","0.0000","3116",NULL,"4","3","0","0","0",NULL,,NULL,NULL,NULL,"1","1120545"
"24992","35","PL-404-M","LUXURY SILK ZINC c.EMB","standard","5300.0000","7430.0000","2.0000","0.0000","3116",NULL,"4","3","0","0","0",NULL,,NULL,NULL,NULL,"1","1120544"
"24991","34","PL-404-S","LUXURY SILK ZINC c.EMB","standard","5300.0000","7430.0000","1.0000","0.0000","3116",NULL,"4","3","0","0","0",NULL,,NULL,NULL,NULL,"1","1120543"
"24994","37","PL-404-XL","LUXURY SILK ZINC c.EMB","standard","5300.0000","7430.0000","2.0000","0.0000","3116",NULL,"4","3","0","0","0",NULL,,NULL,NULL,NULL,"1","1120546"
"24997","40","PL-406-L","LUXURY SILK GREY FLOWER NECK","standard","5300.0000","7430.0000","1.0000","0.0000","3116",NULL,"4","3","0","0","0",NULL,,NULL,NULL,NULL,"1","1120549"
"24996","39","PL-406-M","LUXURY SILK GREY FLOWER NECK","standard","5300.0000","7430.0000","1.0000","0.0000","3116",NULL,"4","3","0","0","0",NULL,,NULL,NULL,NULL,"1","1120548"
"24995","38","PL-406-S","LUXURY SILK GREY FLOWER NECK","standard","5300.0000","7430.0000","0.0000","0.0000","3116",NULL,"4","3","0","0","0",NULL,,NULL,NULL,NULL,"1","1120547"
"24998","41","PL-423-L","LUXURY SILK GREEN FULL EMB","standard","6000.0000","8400.0000","1.0000","0.0000","3116",NULL,"4","3","0","0","0",NULL,,NULL,NULL,NULL,"1","1120550"
"25000","43","PL-423-M","LUXURY SILK GREEN FULL EMB","standard","6000.0000","8400.0000","0.0000","0.0000","3116",NULL,"4","3","0","0","0",NULL,,NULL,NULL,NULL,"1","1120552"
"25001","44","PL-423-S","LUXURY SILK GREEN FULL EMB","standard","6000.0000","8400.0000","1.0000","0.0000","3116",NULL,"4","3","0","0","0",NULL,,NULL,NULL,NULL,"1","1120553"
"24999","42","PL-423-XL","LUXURY SILK GREEN FULL EMB","standard","6000.0000","8400.0000","1.0000","0.0000","3116",NULL,"4","3","0","0","0",NULL,,NULL,NULL,NULL,"1","1120551"
"24953",NULL,"po-001-u","Poshkari Luxury Embroidered Lawn 3Pc Unstitched Suit Aizal Black","standard","3000.0000","4950.0000","1.0000","0.0000","3135",NULL,"36","3","3","3","0",NULL,,NULL,NULL,NULL,"1","1120513"
"23873",NULL,"PR-1020-U","Baroque Luxury Velvet Embroidered Unstitched 3 Piece PR-1020","standard","10450.0000","10450.0000","0.0000","0.0000","1556",NULL,"8","3","3","3","0",NULL,,NULL,NULL,NULL,"1","1120883"
"25099","13","PR-1023","Baroque Formals Luxury Velvet Embroidered Unstitched Collection PR-1023 Maroon","standard","0.0000","7250.0000","2.0000","0.0000","38",NULL,"8","3","3","3","0",NULL,,NULL,NULL,NULL,"1","1120997"
"18050","5","PR-1154-L","Baroque Luxury Chiffon Embroidered Unstitched Suit PR-1154 Powder Pink","standard","7700.0000","10700.0000","4.0000","0.0000","3097",NULL,"8","3","0","0","0",NULL,,NULL,NULL,NULL,"1","1120866"
"18048","3","PR-1154-M","Baroque Luxury Chiffon Embroidered Unstitched Suit PR-1154 Powder Pink","standard","7700.0000","10700.0000","6.0000","0.0000","3097",NULL,"8","3","3","3","0",NULL,,NULL,NULL,NULL,"1","1120867"
"18049","4","PR-1154-S","Baroque Luxury Chiffon Embroidered Unstitched Suit PR-1154 Powder Pink","standard","7700.0000","10700.0000","1.0000","0.0000","3097",NULL,"8","3","0","0","0",NULL,,NULL,NULL,NULL,"1","1120282"
"18051","6","PR-1154-U","Baroque Luxury Chiffon Embroidered Unstitched Suit PR-1154 Powder Pink","standard","4700.0000","8950.0000","3.0000","0.0000","33",NULL,"8","3","0","0","0",NULL,,NULL,NULL,NULL,"1","1120022"
"23817",NULL,"PRSHY-MS-06-L","Parishay - MS-06 Luxury Lawn Embroidered 3 Pc Unstitched Monaco","standard","6850.0000","8650.0000","2.0000","0.0000","1554",NULL,"16","3","0","0","0",NULL,,NULL,NULL,NULL,"1","1120272"
"23816",NULL,"PRSHY-MS-06-M","Parishay - MS-06 Luxury Lawn Embroidered 3 Pc Unstitched Monaco","standard","6850.0000","8650.0000","2.0000","0.0000","1554",NULL,"16","3","0","0","0",NULL,,NULL,NULL,NULL,"1","1120267"
"23815",NULL,"PRSHY-MS-06-S","Parishay - MS-06 Luxury Lawn Embroidered 3 Pc Unstitched Monaco","standard","6850.0000","8650.0000","0.0000","0.0000","1554",NULL,"16","3","0","0","0",NULL,,NULL,NULL,NULL,"1","1120711"
"23545",NULL,"PRSHY-MS-06-U","Parishay - MS-06 Luxury Lawn Embroidered 3 Pc Unstitched Monaco","standard","5150.0000","6950.0000","3.0000","0.0000","1554",NULL,"16","3","3","3","0",NULL,,NULL,NULL,NULL,"1","1120766"
"23600",NULL,"PRSHY-SQ-12-U","Parishay - SQ-12 - Luxury Lawn Embroidered 3 Piece Unstitched","standard","7550.0000","7550.0000","1.0000","0.0000","1557",NULL,"4","3","3","3","0",NULL,,NULL,NULL,NULL,"1","1120121"
"23509",NULL,"PSHKRI-AK-U","Poshkari Luxury Raw Silk Embroidered Unstitched 3PC Suit","standard","16500.0000","16500.0000","1.0000","0.0000","1559",NULL,"4","3","3","3","0",NULL,,NULL,NULL,NULL,"1","1120036"
"23660",NULL,"PTA-0001-L","Pehnawa Luxury Lawn PTA-0001-L","standard","8650.0000","8650.0000","2.0000","0.0000","1556",NULL,"4","3","0","0","0",NULL,,NULL,NULL,NULL,"1","1120240"
"23659",NULL,"PTA-0001-M","Pehnawa Luxury Lawn PTA-0001-M","standard","8650.0000","8650.0000","2.0000","0.0000","1556",NULL,"4","3","0","0","0",NULL,,NULL,NULL,NULL,"1","1120241"
"23658",NULL,"PTA-0001-S","Pehnawa Luxury Lawn PTA-0001-S","standard","8650.0000","8650.0000","1.0000","0.0000","1556",NULL,"4","3","3","3","0",NULL,,NULL,NULL,NULL,"1","1120238"
"23663",NULL,"PTA-0002-L","Pehnawa Luxury Lawn PTA-0002-L","standard","6850.0000","8950.0000","2.0000","0.0000","1536",NULL,"4","3","0","0","0",NULL,,NULL,NULL,NULL,"1","1120213"
"23661",NULL,"PTA-0002-M","Pehnawa Luxury Lawn PTA-0002-M","standard","6850.0000","8950.0000","2.0000","0.0000","1536",NULL,"4","3","3","3","0",NULL,,NULL,NULL,NULL,"1","1120217"
"23662",NULL,"PTA-0002-S","Pehnawa Luxury Lawn PTA-0002-S","standard","6850.0000","8950.0000","3.0000","0.0000","1536",NULL,"4","3","0","0","0",NULL,,NULL,NULL,NULL,"1","1120214"
"23666",NULL,"PTA-0003-L","Pehnawa Luxury Lawn PTA-0003-L","standard","8500.0000","11100.0000","1.0000","0.0000","1536",NULL,"4","3","0","0","0",NULL,,NULL,NULL,NULL,"1","1120223"
"23664",NULL,"PTA-0003-M","Pehnawa Luxury Lawn PTA-0003-M","standard","8500.0000","11100.0000","3.0000","0.0000","1536",NULL,"4","3","3","3","0",NULL,,NULL,NULL,NULL,"1","1120218"
"23665",NULL,"PTA-0003-S","Pehnawa Luxury Lawn PTA-0003-S","standard","8500.0000","11100.0000","2.0000","0.0000","1536",NULL,"4","3","0","0","0",NULL,,NULL,NULL,NULL,"1","1120221"
"23667",NULL,"PTA-0003-XL","Pehnawa Luxury Lawn PTA-0003-XL","standard","8500.0000","11100.0000","2.0000","0.0000","1536",NULL,"4","3","0","0","0",NULL,,NULL,NULL,NULL,"1","1120215"
"23670",NULL,"PTA-0004-L","Pehnawa Luxury Lawn PTA-0004-L","standard","6500.0000","8750.0000","0.0000","0.0000","1536",NULL,"4","3","0","0","0",NULL,,NULL,NULL,NULL,"1","1120683"
"23669",NULL,"PTA-0004-M","Pehnawa Luxury Lawn PTA-0004-M","standard","6500.0000","8750.0000","0.0000","0.0000","1536",NULL,"4","3","0","0","0",NULL,,NULL,NULL,NULL,"1","1120685"
"23668",NULL,"PTA-0004-S","Pehnawa Luxury Lawn PTA-0004-S","standard","6500.0000","8750.0000","0.0000","0.0000","1536",NULL,"4","3","0","0","0",NULL,,NULL,NULL,NULL,"1","1120684"
"23671",NULL,"PTA-0004-XL","Pehnawa Luxury Lawn PTA-0004-XL","standard","6500.0000","8750.0000","0.0000","0.0000","1536",NULL,"4","3","0","0","0",NULL,,NULL,NULL,NULL,"1","1120686"
"23674",NULL,"PTA-0005-L","Pehnawa Luxury Lawn PTA-0005-L","standard","8500.0000","11100.0000","2.0000","0.0000","1536",NULL,"4","3","0","0","0",NULL,,NULL,NULL,NULL,"1","1120220"
"23673",NULL,"PTA-0005-M","Pehnawa Luxury Lawn PTA-0005-M","standard","8500.0000","11100.0000","3.0000","0.0000","1536",NULL,"4","3","0","0","0",NULL,,NULL,NULL,NULL,"1","1120219"
"23672",NULL,"PTA-0005-S","Pehnawa Luxury Lawn PTA-0005-S","standard","8500.0000","11100.0000","1.0000","0.0000","1536",NULL,"4","3","0","0","0",NULL,,NULL,NULL,NULL,"1","1120225"
"23675",NULL,"PTA-0005-XL","Pehnawa Luxury Lawn PTA-0005-XL","standard","8500.0000","11100.0000","3.0000","0.0000","1536",NULL,"4","3","0","0","0",NULL,,NULL,NULL,NULL,"1","1120216"
"23678",NULL,"PTA-0006-L","Pehnawa Luxury Lawn Maxi PTA-0006-L","standard","9000.0000","11990.0000","1.0000","0.0000","1536",NULL,"4","3","0","0","0",NULL,,NULL,NULL,NULL,"1","1120224"
"23677",NULL,"PTA-0006-M","Pehnawa Luxury Lawn Maxi PTA-0006-M","standard","9000.0000","11990.0000","0.0000","0.0000","1536",NULL,"4","3","0","0","0",NULL,,NULL,NULL,NULL,"1","1120687"
"23676",NULL,"PTA-0006-S","Pehnawa Luxury Lawn Maxi PTA-0006-S","standard","9000.0000","11990.0000","1.0000","0.0000","1536",NULL,"4","3","0","0","0",NULL,,NULL,NULL,NULL,"1","1120222"
"23679",NULL,"PTA-0006-XL","Pehnawa Luxury Lawn Maxi PTA-0006-XL","standard","9000.0000","11990.0000","1.0000","0.0000","1536",NULL,"4","3","0","0","0",NULL,,NULL,NULL,NULL,"1","1120226"
"23682",NULL,"PTA-0007-L","Pehnawa Luxury Lawn Maxi PTA-0007-L","standard","9500.0000","12350.0000","1.0000","0.0000","1536",NULL,"4","3","0","0","0",NULL,,NULL,NULL,NULL,"1","1120243"
"23681",NULL,"PTA-0007-M","Pehnawa Luxury Lawn Maxi PTA-0007-M","standard","9500.0000","12350.0000","1.0000","0.0000","1536",NULL,"4","3","0","0","0",NULL,,NULL,NULL,NULL,"1","1120247"
"23680",NULL,"PTA-0007-S","Pehnawa Luxury Lawn Maxi PTA-0007-S","standard","9500.0000","12350.0000","1.0000","0.0000","1536",NULL,"4","3","0","0","0",NULL,,NULL,NULL,NULL,"1","1120244"
"23683",NULL,"PTA-0007-XL","Pehnawa Luxury Lawn Maxi PTA-0007-XL","standard","9500.0000","12350.0000","0.0000","0.0000","1536",NULL,"4","3","0","0","0",NULL,,NULL,NULL,NULL,"1","1120700"
"23686",NULL,"PTA-0008-L","Pehnawa Luxury Lawn PTA-0008-L","standard","8500.0000","11050.0000","1.0000","0.0000","1536",NULL,"4","3","0","0","0",NULL,,NULL,NULL,NULL,"1","1120233"
"23685",NULL,"PTA-0008-M","Pehnawa Luxury Lawn PTA-0008-M","standard","8500.0000","11050.0000","1.0000","0.0000","1536",NULL,"4","3","0","0","0",NULL,,NULL,NULL,NULL,"1","1120234"
"23684",NULL,"PTA-0008-S","Pehnawa Luxury Lawn PTA-0008-S","standard","8500.0000","11050.0000","1.0000","0.0000","1536",NULL,"4","3","0","0","0",NULL,,NULL,NULL,NULL,"1","1120237"
"23687",NULL,"PTA-0008-XL","Pehnawa Luxury Lawn PTA-0008-XL","standard","8500.0000","11050.0000","1.0000","0.0000","1536",NULL,"4","3","0","0","0",NULL,,NULL,NULL,NULL,"1","1120236"
"23690",NULL,"PTA-0009-L","Pehnawa Luxury Lawn PTA-0009-L","standard","8500.0000","11050.0000","1.0000","0.0000","1536",NULL,"4","3","0","0","0",NULL,,NULL,NULL,NULL,"1","1120248"
"23689",NULL,"PTA-0009-M","Pehnawa Luxury Lawn PTA-0009-M","standard","8500.0000","11050.0000","1.0000","0.0000","1536",NULL,"4","3","0","0","0",NULL,,NULL,NULL,NULL,"1","1120245"
"23691",NULL,"PTA-0009-XL","Pehnawa Luxury Lawn PTA-0009-XL","standard","8500.0000","11050.0000","1.0000","0.0000","1536",NULL,"4","3","0","0","0",NULL,,NULL,NULL,NULL,"1","1120246"
"23694",NULL,"PTA-0010-L","Pehnawa Luxury Lawn PTA-0010-L","standard","5500.0000","7150.0000","1.0000","0.0000","1536",NULL,"4","3","0","0","0",NULL,,NULL,NULL,NULL,"1","1120199"
"23693",NULL,"PTA-0010-M","Pehnawa Luxury Lawn PTA-0010-M","standard","5500.0000","7150.0000","0.0000","0.0000","1536",NULL,"4","3","0","0","0",NULL,,NULL,NULL,NULL,"1","1120679"
"23692",NULL,"PTA-0010-S","Pehnawa Luxury Lawn PTA-0010-S","standard","5500.0000","7150.0000","0.0000","0.0000","1536",NULL,"4","3","0","0","0",NULL,,NULL,NULL,NULL,"1","1120681"
"23698",NULL,"PTA-0011-L","Pehnawa Luxury Lawn PTA-0011-L","standard","5000.0000","7250.0000","3.0000","0.0000","1536",NULL,"4","3","0","0","0",NULL,,NULL,NULL,NULL,"1","1120187"
"23697",NULL,"PTA-0011-M","Pehnawa Luxury Lawn PTA-0011-M","standard","5000.0000","7250.0000","2.0000","0.0000","1536",NULL,"4","3","0","0","0",NULL,,NULL,NULL,NULL,"1","1120189"
"23702",NULL,"PTA-0012-L","Pehnawa Luxury Lawn PTA-0012-L","standard","5000.0000","7500.0000","1.0000","0.0000","1536",NULL,"4","3","0","0","0",NULL,,NULL,NULL,NULL,"1","1120194"
"23701",NULL,"PTA-0012-M","Pehnawa Luxury Lawn PTA-0012-M","standard","5000.0000","7500.0000","3.0000","0.0000","1536",NULL,"4","3","0","0","0",NULL,,NULL,NULL,NULL,"1","1120191"
"23700",NULL,"PTA-0012-S","Pehnawa Luxury Lawn PTA-0012-S","standard","5000.0000","7500.0000","1.0000","0.0000","1536",NULL,"4","3","0","0","0",NULL,,NULL,NULL,NULL,"1","1120195"
"23705",NULL,"PTA-0013-M","Pehnawa Luxury Lawn PTA-0013-M","standard","6300.0000","8500.0000","2.0000","0.0000","1536",NULL,"4","3","0","0","0",NULL,,NULL,NULL,NULL,"1","1120197"
"23704",NULL,"PTA-0013-S","Pehnawa Luxury Lawn PTA-0013-S","standard","6300.0000","8500.0000","1.0000","0.0000","1536",NULL,"4","3","0","0","0",NULL,,NULL,NULL,NULL,"1","1120198"
"23710",NULL,"PTA-0014-L","Pehnawa Luxury Lawn PTA-0014-L","standard","4900.0000","6950.0000","2.0000","0.0000","1536",NULL,"4","3","0","0","0",NULL,,NULL,NULL,NULL,"1","1120196"
"23709",NULL,"PTA-0014-M","Pehnawa Luxury Lawn PTA-0014-M","standard","4900.0000","6950.0000","0.0000","0.0000","1536",NULL,"4","3","0","0","0",NULL,,NULL,NULL,NULL,"1","1120677"
"23712",NULL,"PTA-0015-L","Pehnawa Luxury Lawn PTA-0015-L","standard","3200.0000","4150.0000","2.0000","0.0000","1536",NULL,"4","3","0","0","0",NULL,,NULL,NULL,NULL,"1","1120188"
"23713",NULL,"PTA-0015-M","Pehnawa Luxury Lawn PTA-0015-M","standard","3200.0000","4150.0000","2.0000","0.0000","1536",NULL,"4","3","0","0","0",NULL,,NULL,NULL,NULL,"1","1120190"
"23716",NULL,"PTA-0016-L","Pehnawa Luxury Lawn PTA-0016-L","standard","5250.0000","6850.0000","0.0000","0.0000","1536",NULL,"4","3","0","0","0",NULL,,NULL,NULL,NULL,"1","1120678"
"23715",NULL,"PTA-0016-M","Pehnawa Luxury Lawn PTA-0016-M","standard","5250.0000","6850.0000","0.0000","0.0000","1536",NULL,"4","3","0","0","0",NULL,,NULL,NULL,NULL,"1","1120680"
"23719",NULL,"PTA-0017-L","Pehnawa Luxury Lawn PTA-0017-L","standard","5200.0000","6950.0000","0.0000","0.0000","1536",NULL,"4","3","0","0","0",NULL,,NULL,NULL,NULL,"1","1120192"
"23718",NULL,"PTA-0017-M","Pehnawa Luxury Lawn PTA-0017-M","standard","5200.0000","6950.0000","2.0000","0.0000","1536",NULL,"4","3","0","0","0",NULL,,NULL,NULL,NULL,"1","1120193"
"23723",NULL,"PTA-0018-L","Pehnawa Luxury Lawn PTA-0018-L","standard","5400.0000","7850.0000","2.0000","0.0000","1536",NULL,"4","3","0","0","0",NULL,,NULL,NULL,NULL,"1","1120205"
"23722",NULL,"PTA-0018-M","Pehnawa Luxury Lawn PTA-0018-M","standard","5400.0000","7850.0000","1.0000","0.0000","1536",NULL,"4","3","0","0","0",NULL,,NULL,NULL,NULL,"1","1120201"
"23727",NULL,"PTA-0019-L","Pehnawa Luxury Lawn PTA-0019-L","standard","4700.0000","6450.0000","1.0000","0.0000","1536",NULL,"4","3","0","0","0",NULL,,NULL,NULL,NULL,"1","1120206"
"23726",NULL,"PTA-0019-M","Pehnawa Luxury Lawn PTA-0019-M","standard","4700.0000","6450.0000","1.0000","0.0000","1536",NULL,"4","3","0","0","0",NULL,,NULL,NULL,NULL,"1","1120211"
"23730",NULL,"PTA-0020-L","Pehnawa Luxury Lawn PTA-0020-L","standard","5500.0000","7950.0000","2.0000","0.0000","1536",NULL,"4","3","0","0","0",NULL,,NULL,NULL,NULL,"1","1120202"
"23729",NULL,"PTA-0020-M","Pehnawa Luxury Lawn PTA-0020-M","standard","5500.0000","7950.0000","0.0000","0.0000","1536",NULL,"4","3","0","0","0",NULL,,NULL,NULL,NULL,"1","1120204"
"23732",NULL,"PTA-0021-L","Pehnawa Luxury Lawn PTA-0021-L","standard","5500.0000","7650.0000","1.0000","0.0000","1536",NULL,"4","3","0","0","0",NULL,,NULL,NULL,NULL,"1","1120200"
"23733",NULL,"PTA-0021-M","Pehnawa Luxury Lawn PTA-0021-M","standard","5500.0000","7650.0000","1.0000","0.0000","1536",NULL,"4","3","0","0","0",NULL,,NULL,NULL,NULL,"1","1120203"
"23736",NULL,"PTA-0022-L","Pehnawa Luxury Lawn PTA-0022-L","standard","5100.0000","6950.0000","1.0000","0.0000","1536",NULL,"4","3","0","0","0",NULL,,NULL,NULL,NULL,"1","1120212"
"23735",NULL,"PTA-0022-M","Pehnawa Luxury Lawn PTA-0022-M","standard","5100.0000","6950.0000","0.0000","0.0000","1536",NULL,"4","3","0","0","0",NULL,,NULL,NULL,NULL,"1","1120682"
"23738",NULL,"PTA-0023-L","Pehnawa Luxury Lawn PTA-0023-L","standard","4900.0000","6750.0000","0.0000","0.0000","1536",NULL,"4","3","0","0","0",NULL,,NULL,NULL,NULL,"1","1120207"
"23737",NULL,"PTA-0023-M","Pehnawa Luxury Lawn PTA-0023-M","standard","4900.0000","6750.0000","0.0000","0.0000","1536",NULL,"4","3","0","0","0",NULL,,NULL,NULL,NULL,"1","1120208"
"23740",NULL,"PTA-0024-L","Pehnawa Luxury Lawn PTA-0024-L","standard","5600.0000","7280.0000","1.0000","0.0000","1536",NULL,"4","3","0","0","0",NULL,,NULL,NULL,NULL,"1","1120210"
"23739",NULL,"PTA-0024-M","Pehnawa Luxury Lawn PTA-0024-M","standard","5600.0000","7280.0000","2.0000","0.0000","1536",NULL,"4","3","0","0","0",NULL,,NULL,NULL,NULL,"1","1120209"
"23742",NULL,"PTA-0025-L","Pehnawa Luxury Lawn PTA-0025-L","standard","5400.0000","7099.0000","2.0000","0.0000","1536",NULL,"4","3","0","0","0",NULL,,NULL,NULL,NULL,"1","1120179"
"23741",NULL,"PTA-0025-M","Pehnawa Luxury Lawn PTA-0025-M","standard","5400.0000","7099.0000","0.0000","0.0000","1536",NULL,"4","3","0","0","0",NULL,,NULL,NULL,NULL,"1","1120674"
"23743",NULL,"PTA-0026-M","Pehnawa Luxury Lawn PTA-0026-M","standard","4950.0000","6800.0000","1.0000","0.0000","1536",NULL,"4","3","0","0","0",NULL,,NULL,NULL,NULL,"1","1120171"
"23745",NULL,"PTA-0027-L","Pehnawa Luxury Lawn PTA-0027-L","standard","5500.0000","7150.0000","0.0000","0.0000","1536",NULL,"4","3","0","0","0",NULL,,NULL,NULL,NULL,"1","1120675"
"23744",NULL,"PTA-0027-M","Pehnawa Luxury Lawn PTA-0027-M","standard","5500.0000","7150.0000","1.0000","0.0000","1536",NULL,"4","3","0","0","0",NULL,,NULL,NULL,NULL,"1","1120176"
"23747",NULL,"PTA-0028-L","Pehnawa Luxury Lawn PTA-0028-L","standard","6550.0000","8550.0000","2.0000","0.0000","1536",NULL,"4","3","0","0","0",NULL,,NULL,NULL,NULL,"1","1120177"
"23746",NULL,"PTA-0028-M","Pehnawa Luxury Lawn PTA-0028-M","standard","6550.0000","8550.0000","2.0000","0.0000","1536",NULL,"4","3","0","0","0",NULL,,NULL,NULL,NULL,"1","1120178"
"23749",NULL,"PTA-0029-L","Pehnawa Luxury Lawn PTA-0029-L","standard","7050.0000","9150.0000","2.0000","0.0000","1536",NULL,"4","3","0","0","0",NULL,,NULL,NULL,NULL,"1","1120180"
"23748",NULL,"PTA-0029-M","Pehnawa Luxury Lawn PTA-0029-M","standard","7050.0000","9150.0000","0.0000","0.0000","1536",NULL,"4","3","0","0","0",NULL,,NULL,NULL,NULL,"1","1120676"
"23751",NULL,"PTA-0030-L","Pehnawa Luxury Lawn PTA-0030-L","standard","5550.0000","7250.0000","2.0000","0.0000","1536",NULL,"4","3","0","0","0",NULL,,NULL,NULL,NULL,"1","1120174"
"23750",NULL,"PTA-0030-M","Pehnawa Luxury Lawn PTA-0030-M","standard","5550.0000","7250.0000","2.0000","0.0000","1536",NULL,"4","3","0","0","0",NULL,,NULL,NULL,NULL,"1","1120175"
"23753",NULL,"PTA-0031-L","Pehnawa Luxury Lawn PTA-0031-L","standard","5550.0000","7250.0000","2.0000","0.0000","1536",NULL,"4","3","0","0","0",NULL,,NULL,NULL,NULL,"1","1120173"
"23752",NULL,"PTA-0031-M","Pehnawa Luxury Lawn PTA-0031-M","standard","5550.0000","7250.0000","2.0000","0.0000","1536",NULL,"4","3","0","0","0",NULL,,NULL,NULL,NULL,"1","1120172"
"23755",NULL,"PTA-0032-L","PEHNAWA LUXURY ORGANZA PTA-0032-L","standard","4550.0000","6950.0000","2.0000","0.0000","1536",NULL,"4","3","0","0","0",NULL,,NULL,NULL,NULL,"1","1120181"
"23754",NULL,"PTA-0032-M","PEHNAWA LUXURY ORGANZA PTA-0032-M","standard","4550.0000","6950.0000","2.0000","0.0000","1536",NULL,"4","3","0","0","0",NULL,,NULL,NULL,NULL,"1","1120182"
"23757",NULL,"PTA-0033-L","PEHNAWA LUXURY ORGANZA PTA-0033-L","standard","4550.0000","6950.0000","1.0000","0.0000","1536",NULL,"4","3","0","0","0",NULL,,NULL,NULL,NULL,"1","1120185"
"23756",NULL,"PTA-0033-M","PEHNAWA LUXURY ORGANZA PTA-0033-M","standard","4550.0000","6950.0000","1.0000","0.0000","1536",NULL,"4","3","0","0","0",NULL,,NULL,NULL,NULL,"1","1120186"
"23759",NULL,"PTA-0034-L","PEHNAWA LUXURY ORGANZA PTA-0034-L","standard","4550.0000","6950.0000","1.0000","0.0000","1536",NULL,"4","3","0","0","0",NULL,,NULL,NULL,NULL,"1","1120184"
"23758",NULL,"PTA-0034-M","PEHNAWA LUXURY ORGANZA PTA-0034-M","standard","4550.0000","6950.0000","1.0000","0.0000","1536",NULL,"4","3","0","0","0",NULL,,NULL,NULL,NULL,"1","1120183"
"23761",NULL,"PTA-0035-L","PEHNAWA LUXURY LAWN PTA-0035-L","standard","6550.0000","8550.0000","2.0000","0.0000","1536",NULL,"4","3","0","0","0",NULL,,NULL,NULL,NULL,"1","1120154"
"23760",NULL,"PTA-0035-M","PEHNAWA LUXURY LAWN PTA-0035-M","standard","6550.0000","8550.0000","2.0000","0.0000","1536",NULL,"4","3","0","0","0",NULL,,NULL,NULL,NULL,"1","1120153"
"23763",NULL,"PTA-0036-L","PEHNAWA LUXURY LAWN PTA-0036-L","standard","7250.0000","9450.0000","2.0000","0.0000","1536",NULL,"4","3","0","0","0",NULL,,NULL,NULL,NULL,"1","1120149"
"23762",NULL,"PTA-0036-M","PEHNAWA LUXURY LAWN PTA-0036-M","standard","7250.0000","9450.0000","1.0000","0.0000","1536",NULL,"4","3","0","0","0",NULL,,NULL,NULL,NULL,"1","1120150"
"23765",NULL,"PTA-0037-L","PEHNAWA LUXURY LAWN PTA-0037-L","standard","6050.0000","7950.0000","1.0000","0.0000","1536",NULL,"4","3","0","0","0",NULL,,NULL,NULL,NULL,"1","1120148"
"23764",NULL,"PTA-0037-M","PEHNAWA LUXURY LAWN PTA-0037-M","standard","6050.0000","7950.0000","1.0000","0.0000","1536",NULL,"4","3","0","0","0",NULL,,NULL,NULL,NULL,"1","1120147"
"23766",NULL,"PTA-0038-M","PEHNAWA LUXURY LAWN PTA-0038-M","standard","6550.0000","8550.0000","1.0000","0.0000","1536",NULL,"4","3","0","0","0",NULL,,NULL,NULL,NULL,"1","1120152"
"23768",NULL,"PTA-0039-L","PEHNAWA LUXURY LAWN PTA-0039-L","standard","6400.0000","8950.0000","2.0000","0.0000","1536",NULL,"4","3","0","0","0",NULL,,NULL,NULL,NULL,"1","1120151"
"23767",NULL,"PTA-0039-M","PEHNAWA LUXURY LAWN PTA-00398-M","standard","6400.0000","8950.0000","0.0000","0.0000","1536",NULL,"4","3","0","0","0",NULL,,NULL,NULL,NULL,"1","1120666"
"23770",NULL,"PTA-0040-L","PEHNAWA LUXURY LAWN PTA-0040-L","standard","5500.0000","7350.0000","2.0000","0.0000","1536",NULL,"4","3","0","0","0",NULL,,NULL,NULL,NULL,"1","1120142"
"23769",NULL,"PTA-0040-M","PEHNAWA LUXURY LAWN PTA-0040-M","standard","5500.0000","7350.0000","0.0000","0.0000","1536",NULL,"4","3","0","0","0",NULL,,NULL,NULL,NULL,"1","1120664"
"23772",NULL,"PTA-0041-L","PEHNAWA LUXURY LAWN PTA-0041-L","standard","5400.0000","7650.0000","2.0000","0.0000","1536",NULL,"4","3","0","0","0",NULL,,NULL,NULL,NULL,"1","1120145"
"23771",NULL,"PTA-0041-M","PEHNAWA LUXURY LAWN PTA-0041-M","standard","5400.0000","7650.0000","2.0000","0.0000","1536",NULL,"4","3","0","0","0",NULL,,NULL,NULL,NULL,"1","1120146"
"23775",NULL,"PTA-0042-L","PEHNAWA LUXURY CHIFFON MAKXI PTA-0042-L","standard","5750.0000","8950.0000","1.0000","0.0000","1536",NULL,"4","3","0","0","0",NULL,,NULL,NULL,NULL,"1","1120141"
"23774",NULL,"PTA-0042-S","PEHNAWA LUXURY CHIFFON MAKXI PTA-0042-S","standard","5750.0000","8950.0000","0.0000","0.0000","1536",NULL,"4","3","0","0","0",NULL,,NULL,NULL,NULL,"1","1120665"
"23776",NULL,"PTA-0043-L","PEHNAWA LUXURY CHIFFON MAKXI PTA-0043-L","standard","5750.0000","8950.0000","1.0000","0.0000","1536",NULL,"4","3","0","0","0",NULL,,NULL,NULL,NULL,"1","1120143"
"23778",NULL,"PTA-0043-M","PEHNAWA LUXURY CHIFFON MAKXI PTA-0043-M","standard","5750.0000","8950.0000","1.0000","0.0000","1536",NULL,"4","3","0","0","0",NULL,,NULL,NULL,NULL,"1","1120144"
"23777",NULL,"PTA-0043-S","PEHNAWA LUXURY CHIFFON MAKXI PTA-0043-S","standard","5750.0000","8950.0000","1.0000","0.0000","1536",NULL,"4","3","0","0","0",NULL,,NULL,NULL,NULL,"1","1120140"
"23780",NULL,"PTA-0044-L","PEHNAWA LUXURY LAWN PTA-0044-L","standard","5400.0000","7450.0000","2.0000","0.0000","1536",NULL,"4","3","0","0","0",NULL,,NULL,NULL,NULL,"1","1120162"
"23779",NULL,"PTA-0044-M","PEHNAWA LUXURY LAWN PTA-0044-M","standard","5400.0000","7450.0000","2.0000","0.0000","1536",NULL,"4","3","0","0","0",NULL,,NULL,NULL,NULL,"1","1120160"
"23782",NULL,"PTA-0045-L","PEHNAWA LUXURY LAWN PTA-0045-L","standard","5500.0000","7150.0000","1.0000","0.0000","1536",NULL,"4","3","0","0","0",NULL,,NULL,NULL,NULL,"1","1120164"
"23781",NULL,"PTA-0045-M","PEHNAWA LUXURY LAWN PTA-0045-M","standard","5500.0000","7150.0000","0.0000","0.0000","1536",NULL,"4","3","0","0","0",NULL,,NULL,NULL,NULL,"1","1120669"
"23784",NULL,"PTA-0046-L","PEHNAWA LUXURY LAWN PTA-0046-L","standard","5100.0000","7250.0000","0.0000","0.0000","1536",NULL,"4","3","0","0","0",NULL,,NULL,NULL,NULL,"1","1120668"
"23783",NULL,"PTA-0046-M","PEHNAWA LUXURY LAWN PTA-0046-M","standard","5100.0000","7250.0000","0.0000","0.0000","1536",NULL,"4","3","0","0","0",NULL,,NULL,NULL,NULL,"1","1120667"
"23786",NULL,"PTA-0047-L","PEHNAWA LUXURY LAWN PTA-0047-L","standard","9800.0000","13800.0000","2.0000","0.0000","1536",NULL,"4","3","0","0","0",NULL,,NULL,NULL,NULL,"1","1120168"
"23785",NULL,"PTA-0047-M","PEHNAWA LUXURY LAWN PTA-0047-M","standard","9800.0000","13800.0000","2.0000","0.0000","1536",NULL,"4","3","0","0","0",NULL,,NULL,NULL,NULL,"1","1120167"
"24744",NULL,"PTA-0047-S","PEHNAWA LUXURY LAWN PTA-0047-M","standard","9800.0000","13800.0000","1.0000","0.0000","3101",NULL,"4","3","0","0","0",NULL,,NULL,NULL,NULL,"1","1120449"
"23788",NULL,"PTA-0048-L","PEHNAWA LUXURY LAWN PTA-0048-L","standard","11300.0000","15820.0000","2.0000","0.0000","1536",NULL,"4","3","0","0","0",NULL,,NULL,NULL,NULL,"1","1120158"
"23787",NULL,"PTA-0048-M","PEHNAWA LUXURY LAWN PTA-0048-M","standard","11300.0000","15820.0000","3.0000","0.0000","1536",NULL,"4","3","0","0","0",NULL,,NULL,NULL,NULL,"1","1120156"
"24746",NULL,"PTA-0048-S","PEHNAWA LUXURY LAWN PTA-0048-L","standard","11300.0000","15820.0000","1.0000","0.0000","3101",NULL,"4","3","0","0","0",NULL,,NULL,NULL,NULL,"1","1120448"
"23789",NULL,"PTA-0049-L","PEHNAWA LUXURY LAWN PTA-0049-L","standard","11300.0000","15820.0000","1.0000","0.0000","1536",NULL,"4","3","0","0","0",NULL,,NULL,NULL,NULL,"1","1120170"
"23790",NULL,"PTA-0049-M","PEHNAWA LUXURY LAWN PTA-0049-M","standard","11300.0000","15820.0000","4.0000","0.0000","1536",NULL,"4","3","0","0","0",NULL,,NULL,NULL,NULL,"1","1120169"
"24743",NULL,"PTA-0049-S","PEHNAWA LUXURY LAWN PTA-0049-M","standard","11300.0000","15820.0000","1.0000","0.0000","3101",NULL,"4","3","0","0","0",NULL,,NULL,NULL,NULL,"1","1120450"
"23792",NULL,"PTA-0050-L","PEHNAWA LUXURY LAWN PTA-0050-L","standard","11300.0000","16500.0000","0.0000","0.0000","1536",NULL,"4","3","0","0","0",NULL,,NULL,NULL,NULL,"1","1120671"
"23791",NULL,"PTA-0050-M","PEHNAWA LUXURY LAWN PTA-0050-M","standard","11300.0000","16500.0000","0.0000","0.0000","1536",NULL,"4","3","0","0","0",NULL,,NULL,NULL,NULL,"1","1120673"
"23793",NULL,"PTA-0050-XL","PEHNAWA LUXURY LAWN PTA-0050-XL","standard","11300.0000","16500.0000","0.0000","0.0000","1536",NULL,"4","3","0","0","0",NULL,,NULL,NULL,NULL,"1","1120672"
"23795",NULL,"PTA-0051-L","PEHNAWA LUXURY LAWN PTA-0051-L","standard","10000.0000","13950.0000","0.0000","0.0000","1536",NULL,"4","3","0","0","0",NULL,,NULL,NULL,NULL,"1","1120670"
"23794",NULL,"PTA-0051-M","PEHNAWA LUXURY LAWN PTA-0051-M","standard","10000.0000","13950.0000","2.0000","0.0000","1536",NULL,"4","3","0","0","0",NULL,,NULL,NULL,NULL,"1","1120166"
"23796",NULL,"PTA-0051-S","PEHNAWA LUXURY LAWN PTA-0051-S","standard","10000.0000","13950.0000","2.0000","0.0000","1536",NULL,"4","3","0","0","0",NULL,,NULL,NULL,NULL,"1","1120165"
"23799",NULL,"PTA-0052-L","PEHNAWA LUXURY LAWN PTA-0052-L","standard","9800.0000","13750.0000","1.0000","0.0000","1536",NULL,"4","3","0","0","0",NULL,,NULL,NULL,NULL,"1","1120161"
"23798",NULL,"PTA-0052-M","PEHNAWA LUXURY LAWN PTA-0052-M","standard","9800.0000","13750.0000","2.0000","0.0000","1536",NULL,"4","3","0","0","0",NULL,,NULL,NULL,NULL,"1","1120159"
"23797",NULL,"PTA-0052-S","PEHNAWA LUXURY LAWN PTA-0052-S","standard","9800.0000","13750.0000","2.0000","0.0000","1536",NULL,"4","3","0","0","0",NULL,,NULL,NULL,NULL,"1","1120157"
"23802",NULL,"PTA-0053-L","Pehnawa Luxury Raw Silk PTA-0053-L","standard","12500.0000","17500.0000","2.0000","0.0000","1536",NULL,"4","3","0","0","0",NULL,,NULL,NULL,NULL,"1","1120163"
"23801",NULL,"PTA-0053-m","Pehnawa Luxury Raw Silk PTA-0053-m","standard","12500.0000","17500.0000","2.0000","0.0000","1536",NULL,"4","3","0","0","0",NULL,,NULL,NULL,NULL,"1","1120155"
"23804",NULL,"PTA-0054-L","Pehnawa Luxury Chiffon PTA-0054-L","standard","17300.0000","21500.0000","1.0000","0.0000","1536",NULL,"4","3","0","0","0",NULL,,NULL,NULL,NULL,"1","1120251"
"23803",NULL,"PTA-0054-M","Pehnawa Luxury Chiffon PTA-0054-M","standard","17300.0000","21500.0000","0.0000","0.0000","1536",NULL,"4","3","0","0","0",NULL,,NULL,NULL,NULL,"1","1120701"
"23806",NULL,"PTA-0055-l","Pehnawa Luxury Raw Silk PTA-0055-l","standard","13300.0000","18850.0000","2.0000","0.0000","1536",NULL,"4","3","0","0","0",NULL,,NULL,NULL,NULL,"1","1120252"
"23805",NULL,"PTA-0055-M","Pehnawa Luxury Raw Silk PTA-0055-M","standard","13300.0000","18850.0000","1.0000","0.0000","1536",NULL,"4","3","0","0","0",NULL,,NULL,NULL,NULL,"1","1120253"
"23808",NULL,"PTA-0056-L","Pehnawa Luxury Chiffon PTA-0056-L","standard","12800.0000","19500.0000","2.0000","0.0000","1536",NULL,"4","3","0","0","0",NULL,,NULL,NULL,NULL,"1","1120249"
"23807",NULL,"PTA-0056-M","Pehnawa Luxury Chiffon PTA-0056-M","standard","12800.0000","19500.0000","2.0000","0.0000","1536",NULL,"4","3","0","0","0",NULL,,NULL,NULL,NULL,"1","1120250"
"24750",NULL,"PTA-0059","Poshkari Luxury Embroidered Chiffon Collection Shocking Pink","standard","5550.0000","7650.0000","0.0000","0.0000","3097",NULL,"36","3","3","3","0",NULL,,NULL,NULL,NULL,"1","1120934"
"23895",NULL,"PTG-U","Poshkari Tie N Die Luxury Embroidered Chiffon 3Pc Unstitched Suit-Twilight Glow","standard","10500.0000","10500.0000","2.0000","0.0000","3097",NULL,"36","3","3","3","0",NULL,,NULL,NULL,NULL,"1","1120305"
"23892",NULL,"Q-RANYA","Qalamkar Sahiba Organza Embroidered Saree RANYA","standard","8450.0000","8450.0000","3.0000","0.0000","3127",NULL,"11","3","3","3","0",NULL,,NULL,NULL,NULL,"1","1120288"
"24171","1","Q-SA-05-U","Qalamkar Sahil Luxury Lawn Embroidered Unstitched 3PC Suit SA-05 AYRA-K","standard","0.0000","8250.0000","1.0000","0.0000","144",NULL,"11","3","3","3","0",NULL,,NULL,NULL,NULL,"1","1120916"
"23596",NULL,"QF-09-VESTA-U","Qalamkar Luxury Lawn Embroidered 3PC Unstitched QFL - 09 VESTA","standard","6950.0000","6950.0000","1.0000","0.0000","1536",NULL,"4","3","0","0","0",NULL,,NULL,NULL,NULL,"1","1120122"
"23634",NULL,"QLMKR-KL-15-IRIS-U","Qalamkar - KL-15 IRIS | Lawn Embroidered 3 Piece Unstitched","standard","6950.0000","6950.0000","3.0000","0.0000","3135",NULL,"11","3","3","3","0",NULL,,NULL,NULL,NULL,"1","1120138"
"23458",NULL,"QM-ZR-U","Qalamkar - Zarish - Luxury Lawn Embroidered 3 Piece Unstitched","standard","5200.0000","7450.0000","3.0000","0.0000","1786",NULL,"11","3","3","3","0",NULL,,NULL,NULL,NULL,"1","1120722"
"23544",NULL,"QMKR-FP-01-U","Qalamkar Sahil Kinare Luxury Lawn Embroidered 3 Piece Unstitched - FP-01 Jana","standard","5400.0000","7350.0000","3.0000","0.0000","1536",NULL,"11","3","3","3","0",NULL,,NULL,NULL,NULL,"1","1120761"
"23589",NULL,"Rang-Rasiya-AYLA","Rang Rasiya Luxury Embroidered Lawn Unstitched 3Pc Suit-AYLA","standard","8150.0000","8150.0000","3.0000","0.0000","1536",NULL,"26","3","3","3","0",NULL,,NULL,NULL,NULL,"1","1120102"
"23498",NULL,"RMW-AURIANE-U","Republic Womenswear Wedding Festive Organza Hand Emblishment Collection AURIANE","standard","18500.0000","24500.0000","2.0000","0.0000","1556",NULL,"4","3","3","3","0",NULL,,NULL,NULL,NULL,"1","1120057"
"23520",NULL,"RMW-FLORIANE-U","Republic WomensWear Luxury Embroidered Raw Slik Unstitched 3Pc Suit - Floriane","standard","14500.0000","14500.0000","1.0000","0.0000","1555",NULL,"4","3","3","3","0",NULL,,NULL,NULL,NULL,"1","1120079"
"23628",NULL,"Rose-Noir","Azure Wedding Festive Luxury Chiffon Embroidered Collection Rose Noir","standard","5950.0000","5950.0000","0.0000","0.0000","1536",NULL,"23","3","3","3","0",NULL,,NULL,NULL,NULL,"1","1120659"
"20078",NULL,"Rosepink-L","Crimson Luxury Lawn Embroidered 3 Piece Unstitched A Floral Mesh - Rose Pink","standard","5900.0000","8750.0000","2.0000","0.0000","2450",NULL,"15","3","0","0","0",NULL,,NULL,NULL,NULL,"1","1120776"
"20077",NULL,"Rosepink-M","Crimson Luxury Lawn Embroidered 3 Piece Unstitched A Floral Mesh - Rose Pink","standard","5900.0000","8750.0000","3.0000","0.0000","2450",NULL,"15","3","0","0","0",NULL,,NULL,NULL,NULL,"1","1120773"
"20076",NULL,"Rosepink-S","Crimson Luxury Lawn Embroidered 3 Piece Unstitched A Floral Mesh - Rose Pink","standard","5900.0000","8750.0000","1.0000","0.0000","2450",NULL,"15","3","0","0","0",NULL,,NULL,NULL,NULL,"1","1120774"
"20072",NULL,"Rosepink-U","Crimson Luxury Lawn Embroidered 3 Piece Unstitched A Floral Mesh - Rose Pink","standard","4200.0000","7050.0000","3.0000","0.0000","2450",NULL,"15","3","3","3","0",NULL,,NULL,NULL,NULL,"1","1120779"
"23558",NULL,"RPW-D6-A-ILANA-U","Ilana by Republic Embroidered Lawn Unstitched 3Pc Suit D6-A Camille","standard","4550.0000","8850.0000","2.0000","0.0000","3135",NULL,"4","3","3","3","0",NULL,,NULL,NULL,NULL,"1","1120026"
"23529",NULL,"RPW-Lucienne-U","Republic Womenswear - Luxury Organza Embroidered 3 Piece Unstitched - Lucienne","standard","16500.0000","16500.0000","1.0000","0.0000","1558",NULL,"4","3","3","3","0",NULL,,NULL,NULL,NULL,"1","1120092"
"23591",NULL,"RPW-NavyBlue-U","Republic Womenswear Luxury Lawn Embroidered 3 Pc Unstitched Suit NAVY BLUE","standard","7100.0000","7100.0000","0.0000","0.0000","1536",NULL,"4","3","3","3","0",NULL,,NULL,NULL,NULL,"1","1120647"
"23598",NULL,"RR-Alayna-U","Rang Rasiya Luxury Embroidered Lawn 3Pc Unstitched Suit-Alayna","standard","7350.0000","7350.0000","1.0000","0.0000","1555",NULL,"4","3","3","3","0",NULL,,NULL,NULL,NULL,"1","1120126"
"24519",NULL,"RWR-D8","Republic D-8 LILIANNE","standard","10800.0000","15800.0000","2.0000","0.0000","3104",NULL,"84","3","3","3","0",NULL,,NULL,NULL,NULL,"1","1120399"
"24514",NULL,"RWRD2","REPUBLIC LILIANNE D2","standard","8300.0000","12300.0000","1.0000","0.0000","1555",NULL,"84","3","3","3","0",NULL,,NULL,NULL,NULL,"1","1120395"
"19041",NULL,"S-02-L","Mahnur - Luxury Lawn Embroidered 3 Piece - S-02","standard","6950.0000","9150.0000","2.0000","0.0000","2450",NULL,"4","3","0","0","0",NULL,,NULL,NULL,NULL,"1","1120842"
"19040",NULL,"S-02-M","Mahnur - Luxury Lawn Embroidered 3 Piece - S-02","standard","6950.0000","9150.0000","3.0000","0.0000","2450",NULL,"4","3","0","0","0",NULL,,NULL,NULL,NULL,"1","1120844"
"19039",NULL,"S-02-S","Mahnur - Luxury Lawn Embroidered 3 Piece - S-02","standard","6950.0000","9150.0000","1.0000","0.0000","2450",NULL,"4","3","0","0","0",NULL,,NULL,NULL,NULL,"1","1120846"
"19038",NULL,"S-02-U","Mahnur - Luxury Lawn Embroidered 3 Piece - S-02","standard","5250.0000","7450.0000","0.0000","0.0000","2450",NULL,"4","3","3","3","0",NULL,,NULL,NULL,NULL,"1","1120845"
"25079","35","s-lilac","Afrozeh Luxury Lawn Embroidered Unstitched 3pc Suit-Lilac","standard","0.0000","6950.0000","2.0000","0.0000","24",NULL,"21","3","3","3","0",NULL,,NULL,NULL,NULL,"1","1120978"
"24686",NULL,"SA-01","Qalamkar Luxury Lawn Embroidered 3 Piece Unstitched SA-01 ZARA","standard","5600.0000","7950.0000","1.0000","0.0000","3135",NULL,"11","3","3","3","0",NULL,,NULL,NULL,NULL,"1","1120438"
"24718",NULL,"SA-10","Qalamkar Luxury Lawn Embroidered 3 Piece Unstitched SA-10 ILARA","standard","5300.0000","7150.0000","2.0000","0.0000","3135",NULL,"11","3","3","3","0",NULL,,NULL,NULL,NULL,"1","1120444"
"25051","3","SA-14289","Qalamkar Luxury Lawn Embroidered Collection NELAM","standard","0.0000","8450.0000","2.0000","0.0000","3135",NULL,"11","3","0","0","0",NULL,,NULL,NULL,NULL,"1","1120610"
"23915",NULL,"Saahil-U","Hussain Rehar Saahil","standard","17900.0000","17900.0000","2.0000","0.0000","3101",NULL,"31","3","3","3","0",NULL,,NULL,NULL,NULL,"1","1120327"
"25103","47","samara-a","Saira Shakira Embroidered Luxury Lawn Unstitched 3Pc Suit SAMARA-A","standard","0.0000","8650.0000","1.0000","0.0000","24",NULL,"14","3","3","3","0",NULL,,NULL,NULL,NULL,"1","1121001"
"23515",NULL,"SARANG-01-U","Hussain Rehar Organza Embroidered Luxury Wedding Collection SARANG-01","standard","39800.0000","39800.0000","1.0000","0.0000","2471",NULL,"31","3","3","3","0",NULL,,NULL,NULL,NULL,"1","1120077"
"19049",NULL,"SB-05-L","Qalamkar Luxury Lawn  Embroidered 3Pc Suit SB-05 Aleeza","standard","6900.0000","8150.0000","0.0000","0.0000","2450",NULL,"11","3","0","0","0",NULL,,NULL,NULL,NULL,"1","1120783"
"19048",NULL,"SB-05-M","Qalamkar Luxury Lawn  Embroidered 3Pc Suit SB-05 Aleeza","standard","6900.0000","8150.0000","3.0000","0.0000","2450",NULL,"11","3","0","0","0",NULL,,NULL,NULL,NULL,"1","1120747"
"19047",NULL,"SB-05-S","Qalamkar Luxury Lawn  Embroidered 3Pc Suit SB-05 Aleeza","standard","6900.0000","8150.0000","1.0000","0.0000","2450",NULL,"11","3","0","0","0",NULL,,NULL,NULL,NULL,"1","1120784"
"19046",NULL,"SB-05-U","Qalamkar Luxury Lawn  Embroidered 3Pc Suit SB-05 Aleeza","standard","5200.0000","6450.0000","3.0000","0.0000","2450",NULL,"11","3","3","3","0",NULL,,NULL,NULL,NULL,"1","1120780"
"24660",NULL,"SD-D-786","Sardinia - Luxury Lawn Embroidered 3 Piece Unstitched - Blue Blossoms","standard","0.0000","8950.0000","1.0000","0.0000","3135",NULL,"13","3","3","3","0",NULL,,NULL,NULL,NULL,"1","1120586"
"22309",NULL,"Semistitched-U","Maria.B Festive Embroidered Organza Collection 3 Pieces Unstitched Skin","standard","6950.0000","6950.0000","3.0000","0.0000","3127",NULL,"3","3","3","3","0",NULL,,NULL,NULL,NULL,"1","1120013"
"24747",NULL,"SF-4036","Baroque Luxury Silk Embroidered 3 Piece Unstitched SF-4036","standard","6350.0000","11700.0000","2.0000","0.0000","3134",NULL,"8","3","3","3","0",NULL,,NULL,NULL,NULL,"1","1120458"
"23481",NULL,"SF-PF26-08-U","Maria.B Luxry Raw Silk Hand Embellishment Suit SF-PF26-08 Maroon","standard","13500.0000","16500.0000","1.0000","0.0000","1141",NULL,"3","3","3","3","0",NULL,,NULL,NULL,NULL,"1","1120046"
"18031","3","SH-697-L","Shamsha Hashwani - Masysoori Handwork Embroidered 3 Piece Unstitched - Aakifah","standard","11000.0000","20800.0000","2.0000","0.0000","37",NULL,"6","3","3","3","0",NULL,,NULL,NULL,NULL,"1","1120734"
"18030","2","SH-697-M","Shamsha Hashwani - Masysoori Handwork Embroidered 3 Piece Unstitched - Aakifah","standard","11000.0000","20800.0000","3.0000","0.0000","37",NULL,"6","3","0","0","0",NULL,,NULL,NULL,NULL,"1","1120735"
"18029","1","SH-697-S","Shamsha Hashwani - Masysoori Handwork Embroidered 3 Piece Unstitched - Aakifah","standard","11000.0000","20800.0000","1.0000","0.0000","37",NULL,"6","3","3","3","0",NULL,,NULL,NULL,NULL,"1","1120736"
"18032","4","SH-697-U","Shamsha Hashwani - Masysoori Handwork Embroidered 3 Piece Unstitched - Aakifah","standard","8000.0000","16800.0000","2.0000","0.0000","37",NULL,"6","3","0","0","0",NULL,,NULL,NULL,NULL,"1","1120737"
"24483",NULL,"SH-9048483922141-46609541333213","Lulusar Miril Dress 3 Pcs Unstitched Silk","standard","2700.0000","5350.0000","0.0000","0.0000","3116",NULL,"4","3","3","3","0",NULL,,NULL,NULL,NULL,"1","1120511"
"24275",NULL,"SH-9190195757277-47003167195357","Baroque Luxury Silk Embroidered 3 Piece Unstitched SF-4036","standard","0.0000","0.0000","0.0000","0.0000","3116",NULL,"4","3","3","3",NULL,NULL,NULL,NULL,NULL,NULL,"1",NULL
"24278",NULL,"SH-9538088075485-48098349613277","Nomi Ansari Luxury Raw Silk Embroidered Unstitched 3PC Suit- Rosebud","standard","29500.0000","29500.0000","1.0000","0.0000","3095",NULL,"44","3","3","3","0",NULL,,NULL,NULL,NULL,"1","1120405"
"23913",NULL,"SHAM-U","Hussain Rehar Sham Luxury Net Embroidered 3Pc Unstitched Suit Dusty Pink","standard","9500.0000","9500.0000","4.0000","0.0000","3079",NULL,"0","3","3","3","0",NULL,,NULL,NULL,NULL,"1","1120319"
"23844",NULL,"siyah-u","siyah black saree","standard","6750.0000","6750.0000","1.0000","0.0000","3097",NULL,"4","3","3","3","0",NULL,,NULL,NULL,NULL,"1","1120012"
"23635",NULL,"Sky-Blue","Qalamkar Luxury Lawn ChikenKari Embroidered 3 Pc Unstitched Sky Blue","standard","5850.0000","5850.0000","1.0000","0.0000","1536",NULL,"11","3","3","3","0",NULL,,NULL,NULL,NULL,"1","1120129"
"23450",NULL,"SL-26-U","Jazmin Luxury Embroidered Lawn 3Pc Unstitched Suit SL26-D03","standard","5450.0000","7950.0000","3.0000","0.0000","1785",NULL,"20","3","3","3","0",NULL,,NULL,NULL,NULL,"1","1120718"
"19065",NULL,"SL26-D01-L","JAZMIN sl26-d01","standard","7400.0000","9450.0000","2.0000","0.0000","2450",NULL,"20","3","0","0","0",NULL,,NULL,NULL,NULL,"1","1120751"
"19064",NULL,"SL26-D01-M","JAZMIN sl26-d01","standard","7400.0000","9450.0000","3.0000","0.0000","2450",NULL,"20","3","0","0","0",NULL,,NULL,NULL,NULL,"1","1120781"
"19063",NULL,"SL26-D01-S","JAZMIN sl26-d01","standard","7400.0000","9450.0000","1.0000","0.0000","2450",NULL,"20","3","0","0","0",NULL,,NULL,NULL,NULL,"1","1120739"
"19062",NULL,"SL26-D01-U","JAZMIN sl26-d01","standard","5750.0000","7750.0000","3.0000","0.0000","2450",NULL,"20","3","3","3","0",NULL,,NULL,NULL,NULL,"1","1120754"
"25043","2","SLIN-U","Qalamkar Luxury Chiken Kari Lawn 3 Pieces Unstitched Lavender FP-09 SELIN","standard","0.0000","7250.0000","3.0000","0.0000","3137",NULL,"11","3","0","0","0",NULL,,NULL,NULL,NULL,"1","1120597"
"23933","3","SM-01-L","Aneelas Wedding Velvet Embroidered Unstitched Collection SM-01","standard","8450.0000","11950.0000","2.0000","0.0000","38",NULL,"7","3","0","0","0",NULL,,NULL,NULL,NULL,"1","1120357"
"23932","2","SM-01-M","Aneelas Wedding Velvet Embroidered Unstitched Collection SM-01","standard","8450.0000","11950.0000","1.0000","0.0000","38",NULL,"7","3","0","0","0",NULL,,NULL,NULL,NULL,"1","1120356"
"23931",NULL,"SM-01-S","Aneelas Wedding Velvet Embroidered Unstitched Collection SM-01","standard","8450.0000","11950.0000","1.0000","0.0000","3096",NULL,"0","3","0","0","0",NULL,,NULL,NULL,NULL,"1","1120358"
"23903",NULL,"SM-01-U","Aneelas Wedding Velvet Embroidered Unstitched Collection SM-01","standard","8950.0000","8950.0000","6.0000","0.0000","1554",NULL,"0","3","3","3","0",NULL,,NULL,NULL,NULL,"1","1120322"
"25104","48","sn-2A","Sobia Nazir Luxury Lawn Embroidered 3 PIece Unstitched - 2A","standard","0.0000","9980.0000","1.0000","0.0000","24",NULL,"17","3","3","3","0",NULL,,NULL,NULL,NULL,"1","1121002"
"23565",NULL,"SN-3B-MAJENTA-U","Sobia Nazir Design 3B Luxury Lawn Eid Edition 2026 Unstitched MAJENTA","standard","9350.0000","9350.0000","0.0000","0.0000","1560",NULL,"17","3","3","3","0",NULL,,NULL,NULL,NULL,"1","1120623"
"23581",NULL,"SN-4-B-U","Sobia Nazir Luxury Lawn Embroidered 3 PIece Unstitched - 4B","standard","9250.0000","9250.0000","1.0000","0.0000","1536",NULL,"17","3","3","3","0",NULL,,NULL,NULL,NULL,"1","1120096"
"23588",NULL,"SN-7A-U","Sobia Nazir Luxury Lawn Embroidered 3 Piece Unstitched 7A","standard","8750.0000","8750.0000","4.0000","0.0000","3135",NULL,"17","3","3","3","0",NULL,,NULL,NULL,NULL,"1","1120095"
"18092",NULL,"SN-9A-L","Sobia Nazir Luxury Lawn Embroidered 3 Piece Unstitched 9A","standard","6950.0000","9450.0000","1.0000","0.0000","2450",NULL,"17","3","0","0","0",NULL,,NULL,NULL,NULL,"1","1120835"
"18091",NULL,"SN-9A-M","Sobia Nazir Luxury Lawn Embroidered 3 Piece Unstitched 9A","standard","6950.0000","9450.0000","2.0000","0.0000","2450",NULL,"17","3","0","0","0",NULL,,NULL,NULL,NULL,"1","1120833"
"18090",NULL,"SN-9A-S","Sobia Nazir Luxury Lawn Embroidered 3 Piece Unstitched 9A","standard","6950.0000","9450.0000","0.0000","0.0000","2450",NULL,"17","3","0","0","0",NULL,,NULL,NULL,NULL,"1","1120838"
"18089",NULL,"SN-9A-U","Sobia Nazir Luxury Lawn Embroidered 3 Piece Unstitched 9A","standard","5250.0000","7750.0000","3.0000","0.0000","2450",NULL,"17","3","3","3","0",NULL,,NULL,NULL,NULL,"1","1120794"
"23601",NULL,"SN-LEE26-2A-U","Sobia Nazir Luxury Embroidered Lawn 3Pc Unstitched Suit LEE26-2A","standard","9650.0000","9650.0000","0.0000","0.0000","1536",NULL,"17","3","3","3","0",NULL,,NULL,NULL,NULL,"1","1120651"
"20397","8","SNSF-389","Sana Safinaz Wedding Couture Luxury Hand Made Raw Silk Collection B-389","standard","21750.0000","21750.0000","1.0000","0.0000","3086",NULL,"4","3","3","3","0",NULL,,NULL,NULL,NULL,"1","1120003"
"24528",NULL,"SOIREE-25","Maria.B Luxury Lava Silk Embroidered 3 Piece Unstitched - Soiree 25","standard","7000.0000","10450.0000","2.0000","0.0000","3120",NULL,"3","3","3","3","0",NULL,,NULL,NULL,NULL,"1","1120927"
"23531",NULL,"SORAYA-ANNE-U","Soraya ANNE Net Hand Embellished & Embroidered Maxi - J0218","standard","31800.0000","31800.0000","1.0000","0.0000","1536",NULL,"4","3","3","3","0",NULL,,NULL,NULL,NULL,"1","1120087"
"23505",NULL,"SORAYA-ANYA-PINK-U","Soraya Luxury Organza Embroidered Unstitched 3PC Suit - Anya - PA - 104","standard","16500.0000","19500.0000","1.0000","0.0000","1536",NULL,"4","3","3","3","0",NULL,,NULL,NULL,NULL,"1","1120068"
"23512",NULL,"SORAYA-ANYA-WHITE-U","Soraya Luxury Organza Embroidered Unstitched 3PC Suit - Anya - PA - 104","standard","19500.0000","19500.0000","1.0000","0.0000","1536",NULL,"4","3","0","0","0",NULL,,NULL,NULL,NULL,"1","1120081"
"23578",NULL,"SORAYA-EISLEY-U","Soraya Eisley Luxury Embroidered","standard","24500.0000","24500.0000","1.0000","0.0000","1536",NULL,"4","3","3","3","0",NULL,,NULL,NULL,NULL,"1","1120091"
"23860",NULL,"soraya-u","soraya irina","standard","22000.0000","22000.0000","2.0000","0.0000","1558",NULL,"0","3","3","3","0",NULL,,NULL,NULL,NULL,"1","1120261"
"23504",NULL,"SOUCHAJ-OLD-U","Souchaj Luxury Raw Silk Embroidered Unstitched 3PC Suit - PA 0020","standard","21500.0000","24500.0000","1.0000","0.0000","1560",NULL,"4","3","0","0","0",NULL,,NULL,NULL,NULL,"1","1120071"
"18112",NULL,"SQ-02-L","Parishay - SQ-02 - Luxury Lawn Embroidered 3 Piece Unstitched","standard","6050.0000","8850.0000","1.0000","0.0000","1108",NULL,"16","3","0","0","0",NULL,,NULL,NULL,NULL,"1","1120816"
"18111",NULL,"SQ-02-M","Parishay - SQ-02 - Luxury Lawn Embroidered 3 Piece Unstitched","standard","6050.0000","8850.0000","3.0000","0.0000","1108",NULL,"16","3","0","0","0",NULL,,NULL,NULL,NULL,"1","1120840"
"18110",NULL,"SQ-02-S","Parishay - SQ-02 - Luxury Lawn Embroidered 3 Piece Unstitched","standard","6050.0000","8850.0000","1.0000","0.0000","1108",NULL,"16","3","0","0","0",NULL,,NULL,NULL,NULL,"1","1120841"
"18109",NULL,"SQ-02-U","Parishay - SQ-02 - Luxury Lawn Embroidered 3 Piece Unstitched","standard","4350.0000","7150.0000","1.0000","0.0000","1108",NULL,"16","3","3","3","0",NULL,,NULL,NULL,NULL,"1","1120811"
"24855",NULL,"sq-04-L","Parishay Luxury Lawn Embroidered 3 Pc Unstitched Suit SQ-04 ZINC","standard","6450.0000","6950.0000","2.0000","0.0000","3135",NULL,"16","3","0","0","0",NULL,,NULL,NULL,NULL,"1","1120474"
"24854",NULL,"sq-04-M","Parishay luxury LAWN CHICKEN kari SEA-GREEN sq04","standard","6450.0000","6950.0000","3.0000","0.0000","3135",NULL,"16","3","0","0","0",NULL,,NULL,NULL,NULL,"1","1120473"
"24853",NULL,"sq-04-s","Parishay Luxury Lawn Embroidered 3 Pc Unstitched Suit SQ-04 ZINC","standard","6450.0000","6950.0000","1.0000","0.0000","3135",NULL,"16","3","0","0","0",NULL,,NULL,NULL,NULL,"1","1120472"
"24852",NULL,"sq-04-u","Parishay Luxury Lawn Embroidered 3 Pc Unstitched Suit SQ-04 ZINC","standard","4750.0000","5250.0000","3.0000","0.0000","3135",NULL,"16","3","3","3","0",NULL,,NULL,NULL,NULL,"1","1120471"
"23606",NULL,"SR-30","Saira Rizwan Chikankari Luxury Embroidered Lawn Unstitched 3Pc Suit SR-30","standard","5950.0000","5950.0000","2.0000","0.0000","1536",NULL,"4","3","3","3","0",NULL,,NULL,NULL,NULL,"1","1120649"
"23510",NULL,"SRA-PINK-U","SRA Melodic Tassels Hand Made Embroidered Raw Silk Unstitched Melodic","standard","15500.0000","19500.0000","4.0000","0.0000","1536",NULL,"4","3","3","3","0",NULL,,NULL,NULL,NULL,"1","1120034"
"23823",NULL,"SRD-D-1504-A-CW-L","Sardinia - Luxury Lawn Embroidered 3 Piece Unstitched - Cloud Whisper","standard","9900.0000","12150.0000","2.0000","0.0000","1557",NULL,"13","3","0","0","0",NULL,,NULL,NULL,NULL,"1","1120275"
"23822",NULL,"SRD-D-1504-A-CW-M","Sardinia - Luxury Lawn Embroidered 3 Piece Unstitched - Cloud Whisper","standard","9900.0000","12150.0000","3.0000","0.0000","1557",NULL,"13","3","0","0","0",NULL,,NULL,NULL,NULL,"1","1120274"
"23821",NULL,"SRD-D-1504-A-CW-S","Sardinia - Luxury Lawn Embroidered 3 Piece Unstitched - Cloud Whisper","standard","9900.0000","12150.0000","1.0000","0.0000","1557",NULL,"13","3","0","0","0",NULL,,NULL,NULL,NULL,"1","1120273"
"23553",NULL,"SRD-D-1504-A-CW-U","Sardinia - Luxury Lawn Embroidered 3 Piece Unstitched - Cloud Whisper","standard","8200.0000","10450.0000","3.0000","0.0000","1557",NULL,"13","3","3","3","0",NULL,,NULL,NULL,NULL,"1","1120762"
"23442",NULL,"SRD-FF-U","Sardinia - Luxury Lawn Embroidered Unstitched 3 Piece - FLORAL FUCHSIA","standard","7000.0000","9950.0000","3.0000","0.0000","3135",NULL,"13","3","3","3","0",NULL,,NULL,NULL,NULL,"1","1120720"
"23625",NULL,"SRD-PinkBreeze-U","Sardinia - Pink Breeze - Luxury Lawn Embroidered 3 Piece Unstitched","standard","9700.0000","9700.0000","1.0000","0.0000","1557",NULL,"13","3","3","3","0",NULL,,NULL,NULL,NULL,"1","1120135"
"23888",NULL,"SRD5-U","Sardinia Luxury Swiss Lawn Unstitched Embroidered 3Pc Suit-Palm Breeze","standard","5950.0000","5950.0000","1.0000","0.0000","1554",NULL,"13","3","3","3","0",NULL,,NULL,NULL,NULL,"1","1120290"
"23503",NULL,"SRSHNDM-EC0106-U","Sehrish Nadeem Luxury Raw Silk Embroidered Unstitched 3PC Suit-EC0106","standard","15000.0000","17500.0000","1.0000","0.0000","1536",NULL,"4","3","3","3","0",NULL,,NULL,NULL,NULL,"1","1120069"
"23490",NULL,"SRYA-DAHLIA-U","Soraya – Couture Dahlia Unstitched 3 Pieces Bridal Wedding Couture","standard","14500.0000","18200.0000","0.0000","0.0000","1798",NULL,"4","3","3","3","0",NULL,,NULL,NULL,NULL,"1","1120052"
"23489",NULL,"SRYA-ISOLDE-U","Soraya Isolde Luxury","standard","13000.0000","15500.0000","0.0000","0.0000","1786",NULL,"4","3","3","3","0",NULL,,NULL,NULL,NULL,"1","1120063"
"23487",NULL,"SRYA-RVR-U","Soraya ORIANA Luxury Hand Emblishment Masoori Bridal Collection REVERIE","standard","40000.0000","48500.0000","1.0000","0.0000","1798",NULL,"0","3","3","3","0",NULL,,NULL,NULL,NULL,"1","1120049"
"23502",NULL,"SUFFUSE-ALENA-U","Suffuse Luxury Net Embroidered 3Pc Unstitched Suit PA 0048 - Alena","standard","25000.0000","28500.0000","1.0000","0.0000","1555",NULL,"4","3","3","3","0",NULL,,NULL,NULL,NULL,"1","1120072"
"23500",NULL,"SUFFUSE-IRIS-U","Suffuse IRIS Luxury Net Embroidered Unstitched 3Pc Suit ADARA AC-17","standard","25000.0000","29500.0000","1.0000","0.0000","1536",NULL,"4","3","3","3","0",NULL,,NULL,NULL,NULL,"1","1120067"
"23533",NULL,"SWAROVSKI-D6-U","Crimson By Saira Shakira Luxury Net Embroidered 3Pc Unstitched Suit - Swarovski Story","standard","16700.0000","16700.0000","1.0000","0.0000","1558",NULL,"15","3","3","3","0",NULL,,NULL,NULL,NULL,"1","1120093"
"24635",NULL,"SWFW-D1","Fahad Hussayn Heavy Wear SWFW-D1","standard","18500.0000","26500.0000","1.0000","0.0000","3101",NULL,"3","3","3","3","0",NULL,,NULL,NULL,NULL,"1","1120928"
"24632",NULL,"TANIA","Kanwal Malik Tania 1350","standard","19500.0000","26500.0000","0.0000","0.0000","3104",NULL,"100","3","3","3","0",NULL,,NULL,NULL,NULL,"1","1120929"
"23620",NULL,"Teal-D-10","Saadia asad - Lawn Embroidered 3 Piece Unstitched - D10- Teal Ombre","standard","4750.0000","4750.0000","3.0000","0.0000","3135",NULL,"4","3","3","3","0",NULL,,NULL,NULL,NULL,"1","1120114"
"23880",NULL,"TW-02","Nureh Luxury Raw Silk 3 Piece Unsticthed - TW-02 Golden Star Dust","standard","7450.0000","7450.0000","1.0000","0.0000","1536",NULL,"4","3","3","3","0",NULL,,NULL,NULL,NULL,"1","1120309"
"25034","1","UC-3069","Jazmin Chiffon Embroidered 3 Piece Unstitched Uc-3069","standard","0.0000","6650.0000","4.0000","0.0000","3097",NULL,"20","3","0","0","0",NULL,,NULL,NULL,NULL,"1","1120588"
"24344",NULL,"UC-3070","Jazmin Luxury Chiffon Embroidered Collection Unstitched UC-3070","standard","0.0000","6750.0000","3.0000","0.0000","3097",NULL,"20","3","3","3","0",NULL,,NULL,NULL,NULL,"1","1120599"
"23837",NULL,"UC-3070-U","Jazmin Black UC-3070","standard","6750.0000","6750.0000","1.0000","0.0000","1554",NULL,"20","3","3","3","0",NULL,,NULL,NULL,NULL,"1","1120293"
"25041","1","UC-D3024","JAZMIN UC-D3024 EMBROIDERED CHIFFON ORGANZA DUPATTA","standard","0.0000","9250.0000","3.0000","0.0000","3097",NULL,"20","3","3","3","0",NULL,,NULL,NULL,NULL,"1","1120595"
"23879",NULL,"UE-253-U","Iznik Luxury Lawn Embroidered Unstitched Collection UE-253","standard","5150.0000","5150.0000","1.0000","0.0000","1536",NULL,"3","3","3","3","0",NULL,,NULL,NULL,NULL,"1","1120318"
"24694",NULL,"UE-311","Iznik Luxury Embroidered Lawn Unstitched 3 Pc UE 311 Eid Collection","standard","3850.0000","5550.0000","3.0000","0.0000","3135",NULL,"10","3","3","3","0",NULL,,NULL,NULL,NULL,"1","1120435"
"23877",NULL,"UE-312-U","Iznik Luxury Lawn Embroidered 3 Piece Unstitched UE-312","standard","5150.0000","5150.0000","2.0000","0.0000","3093",NULL,"10","3","3","3","0",NULL,,NULL,NULL,NULL,"1","1120316"
"23882",NULL,"UE-317-U","Iznik - Luxury Lawn Embroidered Unstitched 3 Piece - UE-317","standard","4850.0000","4850.0000","1.0000","0.0000","1536",NULL,"10","3","3","3","0",NULL,,NULL,NULL,NULL,"1","1120292"
"23432",NULL,"UE-321-L","Iznik Luxury Chiffon Embroidered Collection Unstitched UE-321","standard","8500.0000","11150.0000","4.0000","0.0000","3097",NULL,"10","3","0","0","0",NULL,,NULL,NULL,NULL,"1","1120893"
"23431",NULL,"UE-321-M","Iznik Luxury Chiffon Embroidered Collection Unstitched UE-321","standard","8500.0000","11150.0000","6.0000","0.0000","3097",NULL,"10","3","0","0","0",NULL,,NULL,NULL,NULL,"1","1120894"
"23430",NULL,"UE-321-S","Iznik Luxury Chiffon Embroidered Collection Unstitched UE-321","standard","8500.0000","11150.0000","2.0000","0.0000","3097",NULL,"10","3","0","0","0",NULL,,NULL,NULL,NULL,"1","1120895"
"23429",NULL,"UE-321-U","Iznik Luxury Chiffon Embroidered Collection Unstitched UE-321","standard","5500.0000","8150.0000","1.0000","0.0000","1785",NULL,"10","3","3","3","0",NULL,,NULL,NULL,NULL,"1","1120719"
"23613",NULL,"UE-538-Magenta-U","Iznik Luxury Printed & Embroidered Unstitched Lawn Suit UE-538 Magenta","standard","4950.0000","4950.0000","3.0000","0.0000","1536",NULL,"10","3","0","0","0",NULL,,NULL,NULL,NULL,"1","1120106"
"23575",NULL,"UE-620-U","Iznik Luxury Embroidered Silk 3Pc Unstitched Suit UE - 620","standard","6850.0000","6850.0000","-5.0000","0.0000","1556",NULL,"10","3","3","3","0",NULL,,NULL,NULL,NULL,"1","1120015"
"23875",NULL,"UF-295-U","Baroque UF-295 - Luxury Chiffon Embroidered 3 Piece Unstitched","standard","5550.0000","5550.0000","1.0000","0.0000","1554",NULL,"8","3","3","3","0",NULL,,NULL,NULL,NULL,"1","1120892"
"23607",NULL,"UF-4158-U","Baroque Exclusive Formal Embroidered Chiffon Unstitched 3Pc Suit UF-4158","standard","6950.0000","6950.0000","2.0000","0.0000","33",NULL,"8","3","3","3","0",NULL,,NULL,NULL,NULL,"1","1120123"
"18058",NULL,"UF-625-L"," Baroque Pure Chiffon UF-625 Marjanda","standard","6600.0000","9600.0000","2.0000","0.0000","3088",NULL,"8","3","0","0","0",NULL,,NULL,NULL,NULL,"1","1120799"
"18057",NULL,"UF-625-M"," Baroque Pure Chiffon UF-625 Marjanda","standard","6600.0000","9600.0000","3.0000","0.0000","3088",NULL,"8","3","0","0","0",NULL,,NULL,NULL,NULL,"1","1120877"
"18059",NULL,"UF-625-S"," Baroque Pure Chiffon UF-625 Marjanda","standard","6600.0000","9600.0000","1.0000","0.0000","3088",NULL,"8","3","0","0","0",NULL,,NULL,NULL,NULL,"1","1120879"
"18056",NULL,"UF-625-U"," Baroque Pure Chiffon UF-625 Marjanda","standard","3600.0000","8650.0000","3.0000","0.0000","3088",NULL,"8","3","3","3","0",NULL,,NULL,NULL,NULL,"1","1120874"
"23833",NULL,"UF-748-U","Baroque Velvet UF-748","standard","7950.0000","7950.0000","1.0000","0.0000","1555",NULL,"8","3","3","3","0",NULL,,NULL,NULL,NULL,"1","1120296"
"23532",NULL,"UROOJ-HS-70-U","Haris Shakeel Luxury Myssory Embroidered 3 Piece Unstitched UROOJ HS-70","standard","22800.0000","22800.0000","1.0000","0.0000","3112",NULL,"25","3","0","0","0",NULL,,NULL,NULL,NULL,"1","1120089"
"23484","1","Velora-U","Soraya Lumene Luxury Organza Embroidered Unstitched 3PC Suit-Velora","standard","13500.0000","13500.0000","1.0000","0.0000","2731",NULL,"4","3","3","3","0",NULL,,NULL,NULL,NULL,"1","1120048"
"25047","16","VF-2005","Jazmine Embroidered Velvet Formal VF-2005 Unstitched 3 Pieces Luxury Velvet Collection","standard","0.0000","13250.0000","2.0000","0.0000","3136",NULL,"20","3","0","0","0",NULL,,NULL,NULL,NULL,"1","1120604"
"23870",NULL,"VT-01","Aneelas Luxury Velvet Embroidered Unstitched 3 Piece - VT-01","standard","9850.0000","9850.0000","5.0000","0.0000","1536",NULL,"7","3","3","3","0",NULL,,NULL,NULL,NULL,"1","1120263"
"23831",NULL,"VT-01-U","Aneelas Velvet VT-01","standard","9850.0000","9850.0000","0.0000","0.0000","1536",NULL,"7","3","3","3","0",NULL,,NULL,NULL,NULL,"1","1120881"
"24631",NULL,"W26-07","Aisha Imran Zardan W26-07 Luxury Raw Silk Embroidered Collection PA-145","standard","10600.0000","14500.0000","3.0000","0.0000","3134",NULL,"111","3","3","3","0",NULL,,NULL,NULL,NULL,"1","1120418"
"24516",NULL,"WF-25-05","Jazmin Maxi WF-25-05","standard","11600.0000","15600.0000","2.0000","0.0000","1557",NULL,"20","3","3","3","0",NULL,,NULL,NULL,NULL,"1","1120400"
"24520",NULL,"WF26-02-0","Jazmin Red JZ-WF26-02-0","standard","10700.0000","14999.0000","0.0000","0.0000","1536",NULL,"20","3","3","3","0",NULL,,NULL,NULL,NULL,"1","1120925"
"24701",NULL,"WH-AL-23-U","Mushq White Formal AL-23 Unstitched 3 Pieces With Hand Work","standard","0.0000","8150.0000","2.0000","0.0000","3101",NULL,"27","3","0","0","0",NULL,,NULL,NULL,NULL,"1","1120933"
"24408","11","wl-1303","maria b palachi wl1303","standard","8500.0000","13800.0000","0.0000","0.0000","38",NULL,"3","3","3","3","0",NULL,,NULL,NULL,NULL,"1","1120919"
"23417",NULL,"WL-1306-L","Maria.B Winter Luxe Embroidered Velvet Unstitched 3Pc Suit D-06 With Palaichi Shawl","standard","13200.0000","17800.0000","1.0000","0.0000","1785",NULL,"3","3","0","0","0",NULL,,NULL,NULL,NULL,"1","1120706"
"23416",NULL,"WL-1306-M","Maria.B Winter Luxe Embroidered Velvet Unstitched 3Pc Suit D-06 With Palaichi Shawl","standard","13200.0000","17800.0000","3.0000","0.0000","1785",NULL,"3","3","0","0","0",NULL,,NULL,NULL,NULL,"1","1120704"
"23415",NULL,"WL-1306-S","Maria.B Winter Luxe Embroidered Velvet Unstitched 3Pc Suit D-06 With Palaichi Shawl","standard","13200.0000","17800.0000","1.0000","0.0000","1785",NULL,"3","3","0","0","0",NULL,,NULL,NULL,NULL,"1","1120705"
"23414",NULL,"WL-1306-U","Maria.B Winter Luxe Embroidered Velvet Unstitched 3Pc Suit D-06 With Palaichi Shawl","standard","10200.0000","14800.0000","3.0000","0.0000","1785",NULL,"3","3","3","3","0",NULL,,NULL,NULL,NULL,"1","1120032"
"25035","1","Z-140215","Zainab Chottani Net Embroidered 3 Piece Unstitched Shahnoor","standard","0.0000","8850.0000","3.0000","0.0000","3115",NULL,"107","3","0","0","0",NULL,,NULL,NULL,NULL,"1","1120589"
"24680",NULL,"Z-SONA","Zaib Sona Ocean Mist 3 Piece Lawn","standard","4400.0000","6600.0000","4.0000","0.0000","3093",NULL,"9","3","3","3","0",NULL,,NULL,NULL,NULL,"1","1120421"
"23886",NULL,"ZAFIRA-U","Zafira - Green Velvet Anarkali Suit Unstitched Winter Collection","standard","0.0000","6450.0000","2.0000","0.0000","38",NULL,"4","3","3","3","0",NULL,,NULL,NULL,NULL,"1","1120301"
"23579",NULL,"Zaib-Maroon-U","Zaib - Luxury Lawn Embroidered Unstitched 3 Piece - Maroon","standard","5950.0000","5950.0000","1.0000","0.0000","1536",NULL,"9","3","3","3","0",NULL,,NULL,NULL,NULL,"1","1120097"
"25038","1","ZARA-U","Zara Shahjahan Luxury Lawn Embroidered Unstitched 3 Piece Alba D8","standard","0.0000","6950.0000","1.0000","0.0000","3135",NULL,"4","3","0","0","0",NULL,,NULL,NULL,NULL,"1","1120592"
"23848",NULL,"ZARIF-U","Zarif Grace - Luxury Net Embroidered 3 Piece Unstitched","standard","6950.0000","6950.0000","7.0000","0.0000","3104",NULL,"0","3","3","3","0",NULL,,NULL,NULL,NULL,"1","1120010"
"23519",NULL,"Zinc-Attire-U","Aisha Imran Luxury Raw Silk Unstitched Hand Work Collection Zinc Attire","standard","23600.0000","23600.0000","0.0000","0.0000","73",NULL,"4","3","3","3","0",NULL,,NULL,NULL,NULL,"1","1120642"
"25062","4","ZIVA-U","Ziva Luxury Lawn Embroidered Collection Unstitched Vela - Sorelle","standard","0.0000","7650.0000","2.0000","0.0000","1225",NULL,"4","3","3","3","0",NULL,,NULL,NULL,NULL,"1","1121004"
"23611",NULL,"ZS-D-08-AKARI-U","Zara Shahjahan - Lawn Embroidered 3 Piece Unstitched - D-08 AKARI","standard","7450.0000","7450.0000","1.0000","0.0000","1556",NULL,"4","3","3","3","0",NULL,,NULL,NULL,NULL,"1","1120117"
"23590",NULL,"ZS-RAQSAA-U","Zara Shahjahan Luxury Embroidered Lawn 3Pc Unstitched/Stitched Suit RAQSAA","standard","7350.0000","7350.0000","0.0000","0.0000","1560",NULL,"4","3","3","3","0",NULL,,NULL,NULL,NULL,"1","1120104"
"24510",NULL,"ZWU-31","MNR Shahtaj Blue","standard","11400.0000","13800.0000","0.0000","0.0000","3088",NULL,"87","3","3","3","0",NULL,,NULL,NULL,NULL,"1","1120924"
